Date,open,high,low,close,tick_volume
2026-08-03 09:15,1035.0,1036.8,1031.6,1034.0,249074
2026-08-03 09:30,1034.3,1044.8,1033.5,1044.4,1013544
2026-08-03 09:45,1044.3,1046.7,1042.8,1045.0,501359
2026-08-03 10:00,1044.8,1049.0,1043.7,1044.4,552719
2026-08-03 10:15,1044.2,1044.2,1043.0,1043.8,162463
2026-08-03 10:30,1043.8,1044.9,1041.3,1043.4,341131
2026-08-03 10:45,1043.0,1044.3,1042.0,1042.9,190545
2026-08-03 11:00,1042.9,1048.3,1042.6,1048.0,371223
2026-08-03 11:15,1048.0,1049.7,1046.7,1049.5,417551
2026-08-03 11:30,1049.6,1051.4,1048.2,1048.8,553593
2026-08-03 11:45,1048.8,1049.5,1047.6,1047.9,250141
2026-08-03 12:00,1048.0,1048.2,1045.8,1048.0,321949
2026-08-03 12:15,1047.0,1047.7,1043.4,1043.5,459126
2026-08-03 12:30,1043.6,1044.1,1042.0,1042.5,407308
2026-08-03 12:45,1042.5,1043.0,1040.4,1041.5,481755
2026-08-03 13:00,1041.2,1041.6,1039.9,1040.9,231988
2026-08-03 13:15,1040.9,1042.0,1040.1,1040.6,404051
2026-08-03 13:30,1040.9,1043.0,1040.6,1043.0,429012
2026-08-03 13:45,1042.7,1043.1,1041.6,1041.9,212774
2026-08-03 14:00,1041.8,1042.0,1040.5,1041.0,170898
2026-08-03 14:15,1041.0,1041.2,1038.4,1038.6,342870
2026-08-03 14:30,1038.7,1040.7,1038.4,1038.9,396793
2026-08-03 14:45,1038.9,1039.1,1037.2,1037.3,390495
2026-08-03 15:00,1037.3,1045.0,1034.5,1045.0,1302946
2026-08-04 09:15,1040.3,1041.6,1034.0,1035.1,347299
2026-08-04 09:30,1035.2,1036.5,1034.1,1036.0,230934
2026-08-04 09:45,1036.5,1039.0,1036.4,1038.5,256717
2026-08-04 10:00,1038.5,1043.7,1038.4,1041.3,420529
2026-08-04 10:15,1041.1,1042.7,1038.9,1038.9,326344
2026-08-04 10:30,1038.9,1039.8,1037.0,1038.9,158102
2026-08-04 10:45,1039.0,1041.1,1038.8,1039.7,169302
2026-08-04 11:00,1039.8,1040.9,1037.7,1038.6,471813
2026-08-04 11:15,1038.6,1038.8,1037.3,1037.5,112083
2026-08-04 11:30,1037.6,1037.8,1035.6,1036.5,253482
2026-08-04 11:45,1036.5,1036.6,1035.1,1035.7,158699
2026-08-04 12:00,1035.7,1037.1,1035.2,1036.8,231943
2026-08-04 12:15,1036.9,1037.6,1035.5,1036.7,292638
2026-08-04 12:30,1036.9,1036.9,1034.2,1034.7,415800
2026-08-04 12:45,1034.8,1035.0,1033.0,1033.5,241182
2026-08-04 13:00,1033.5,1035.3,1033.3,1034.3,283064
2026-08-04 13:15,1034.6,1034.6,1032.4,1033.2,298175
2026-08-04 13:30,1033.7,1034.6,1033.1,1033.2,270407
2026-08-04 13:45,1033.2,1034.4,1031.1,1031.9,559670
2026-08-04 14:00,1031.9,1037.0,1031.2,1036.9,483011
2026-08-04 14:15,1037.0,1038.9,1035.7,1036.1,376000
2026-08-04 14:30,1036.4,1037.3,1034.0,1034.0,557479
2026-08-04 14:45,1033.8,1035.3,1033.8,1034.6,287611
2026-08-04 15:00,1035.0,1035.0,1032.9,1034.0,501871
2026-08-04 15:15,1034.0,1042.7,1034.0,1042.7,279839
2026-08-05 09:15,1043.7,1045.2,1040.5,1043.2,192759
2026-08-05 09:30,1043.2,1049.4,1043.2,1047.3,653887
2026-08-05 09:45,1047.3,1049.0,1045.1,1048.5,489068
2026-08-05 10:00,1048.3,1049.7,1046.0,1049.1,411508
2026-08-05 10:15,1049.1,1053.2,1046.0,1046.7,585375
2026-08-05 10:30,1046.5,1048.8,1044.3,1048.0,295216
2026-08-05 10:45,1048.0,1051.0,1047.8,1050.8,306960
2026-08-05 11:00,1050.8,1053.0,1050.8,1052.1,502234
2026-08-05 11:15,1052.3,1052.7,1051.0,1052.2,190933
2026-08-05 11:30,1052.2,1052.3,1049.6,1050.9,414048
2026-08-05 11:45,1051.2,1051.5,1049.1,1051.4,430969
2026-08-05 12:00,1051.4,1053.0,1051.1,1052.0,228084
2026-08-05 12:15,1052.0,1053.9,1050.9,1052.1,353116
2026-08-05 12:30,1052.3,1053.5,1051.5,1053.1,433469
2026-08-05 12:45,1053.2,1053.2,1051.5,1051.5,248831
2026-08-05 13:00,1051.8,1052.8,1051.2,1051.9,251771
2026-08-05 13:15,1051.9,1053.0,1051.2,1052.0,277354
2026-08-05 13:30,1052.0,1052.8,1048.1,1048.2,270611
2026-08-05 13:45,1048.5,1051.0,1048.0,1050.9,213470
2026-08-05 14:00,1051.0,1053.9,1050.9,1052.6,218705
2026-08-05 14:15,1052.5,1053.0,1050.1,1050.7,274723
2026-08-05 14:30,1050.7,1052.8,1050.6,1051.4,188606
2026-08-05 14:45,1051.4,1052.7,1051.2,1052.4,240375
2026-08-05 15:00,1052.4,1054.9,1052.1,1053.5,541464
2026-08-05 15:15,1054.5,1055.0,1054.5,1055.0,156069
2026-08-06 09:15,1054.0,1062.6,1052.8,1061.9,487552
2026-08-06 09:30,1062.1,1064.0,1060.3,1063.2,403043
2026-08-06 09:45,1063.7,1063.9,1060.5,1060.9,252714
2026-08-06 10:00,1060.9,1062.4,1060.0,1062.0,280926
2026-08-06 10:15,1062.0,1062.0,1060.7,1061.0,106212
2026-08-06 10:30,1061.0,1062.3,1059.5,1060.0,270179
2026-08-06 10:45,1060.2,1060.2,1058.2,1059.8,271653
2026-08-06 11:00,1059.8,1060.5,1058.5,1059.0,188399
2026-08-06 11:15,1058.9,1059.0,1056.8,1057.1,272716
2026-08-06 11:30,1057.2,1057.8,1055.0,1055.5,226035
2026-08-06 11:45,1055.7,1058.2,1055.2,1058.0,191490
2026-08-06 12:00,1057.2,1059.0,1057.0,1058.2,231616
2026-08-06 12:15,1058.4,1059.3,1057.7,1059.3,280656
2026-08-06 12:30,1059.0,1059.4,1057.7,1058.6,266301
2026-08-06 12:45,1058.4,1058.9,1056.4,1058.1,287689
2026-08-06 13:00,1058.1,1070.9,1058.0,1070.2,1167977
2026-08-06 13:15,1070.2,1078.8,1068.7,1078.2,1436471
2026-08-06 13:30,1078.3,1082.0,1077.5,1080.0,1359197
2026-08-06 13:45,1080.0,1085.0,1078.0,1085.0,1051313
2026-08-06 14:00,1084.7,1085.3,1081.0,1082.7,751050
2026-08-06 14:15,1082.8,1085.0,1081.5,1083.0,527390
2026-08-06 14:30,1083.0,1086.0,1082.2,1085.4,699681
2026-08-06 14:45,1085.5,1087.0,1083.7,1085.5,768709
2026-08-06 15:00,1085.4,1087.8,1085.0,1085.6,1513305
2026-08-06 15:15,1085.0,1085.6,1085.0,1085.0,236194
2026-08-07 09:15,1080.1,1085.0,1075.8,1085.0,658223
2026-08-07 09:30,1084.7,1088.0,1081.2,1083.8,801037
2026-08-07 09:45,1083.6,1087.9,1083.1,1087.0,321558
2026-08-07 10:00,1087.0,1090.5,1086.0,1088.4,1096699
2026-08-07 10:15,1088.5,1090.1,1085.3,1087.4,539970
2026-08-07 10:30,1087.1,1089.2,1083.2,1084.6,365492
2026-08-07 10:45,1084.7,1087.8,1083.8,1085.4,209966
2026-08-07 11:00,1085.3,1091.9,1085.2,1090.5,469616
2026-08-07 11:15,1090.5,1094.1,1088.6,1093.0,609750
2026-08-07 11:30,1093.0,1093.0,1087.0,1087.0,518290
2026-08-07 11:45,1087.2,1087.9,1085.5,1087.2,259597
2026-08-07 12:00,1087.2,1087.4,1084.8,1085.5,257113
2026-08-07 12:15,1085.4,1087.9,1082.0,1086.8,570014
2026-08-07 12:30,1086.8,1088.0,1085.7,1086.4,205348
2026-08-07 12:45,1086.4,1088.5,1085.4,1085.8,161694
2026-08-07 13:00,1086.0,1088.0,1084.9,1085.4,226782
2026-08-07 13:15,1085.1,1087.2,1085.1,1086.1,156990
2026-08-07 13:30,1086.2,1086.9,1085.0,1086.9,162823
2026-08-07 13:45,1086.8,1122.8,1085.9,1113.0,9018339
2026-08-07 14:00,1114.1,1123.9,1108.6,1111.3,4137967
2026-08-07 14:15,1111.6,1121.8,1110.0,1119.6,2367207
2026-08-07 14:30,1119.5,1120.0,1113.1,1115.1,1063350
2026-08-07 14:45,1115.6,1115.6,1092.2,1098.2,2617107
2026-08-07 15:00,1098.3,1101.3,1096.3,1097.2,1899030
2026-08-10 09:15,1108.0,1113.1,1084.5,1086.0,1475591
2026-08-10 09:30,1085.8,1086.0,1078.8,1082.2,1048143
2026-08-10 09:45,1082.2,1083.4,1080.0,1081.7,548639
2026-08-10 10:00,1082.0,1088.5,1081.2,1088.4,607659
2026-08-10 10:15,1088.3,1091.4,1086.0,1088.2,972248
2026-08-10 10:30,1088.8,1090.0,1087.4,1088.6,350660
2026-08-10 10:45,1089.1,1090.0,1088.3,1089.0,273276
2026-08-10 11:00,1089.0,1089.5,1087.3,1089.1,358187
2026-08-10 11:15,1089.1,1089.6,1084.3,1084.6,493691
2026-08-10 11:30,1084.7,1085.2,1082.5,1083.6,293756
2026-08-10 11:45,1084.0,1084.0,1077.6,1077.6,614420
2026-08-10 12:00,1077.9,1080.9,1077.0,1080.1,452341
2026-08-10 12:15,1080.0,1080.0,1076.5,1079.2,366403
2026-08-10 12:30,1079.1,1081.2,1077.9,1079.1,524859
2026-08-10 12:45,1078.8,1079.4,1077.2,1078.0,316838
2026-08-10 13:00,1078.0,1079.0,1075.0,1075.7,675125
2026-08-10 13:15,1075.7,1077.5,1075.3,1076.9,268772
2026-08-10 13:30,1077.0,1078.1,1075.6,1077.5,385629
2026-08-10 13:45,1077.8,1078.1,1075.6,1076.5,301286
2026-08-10 14:00,1076.6,1077.0,1075.4,1076.8,294932
2026-08-10 14:15,1076.8,1077.0,1076.0,1077.0,256725
2026-08-10 14:30,1077.0,1077.1,1074.0,1074.0,754813
2026-08-10 14:45,1074.4,1075.5,1072.0,1073.8,850122
2026-08-10 15:00,1073.8,1074.0,1069.1,1071.0,1931741
2026-08-10 15:15,1071.0,1071.0,1071.0,1071.0,93671
2026-08-11 09:15,1071.0,1071.0,1060.9,1066.8,332005
2026-08-11 09:30,1066.3,1066.6,1062.1,1064.2,296568
2026-08-11 09:45,1063.9,1065.9,1062.1,1064.2,290515
2026-08-11 10:00,1064.2,1066.7,1063.7,1064.4,378745
2026-08-11 10:15,1064.4,1066.5,1062.6,1066.0,350694
2026-08-11 10:30,1065.8,1066.3,1064.0,1064.9,260365
2026-08-11 10:45,1064.8,1069.4,1064.0,1067.0,443296
2026-08-11 11:00,1067.1,1069.7,1066.2,1069.3,288271
2026-08-11 11:15,1069.2,1070.7,1066.9,1068.1,364972
2026-08-11 11:30,1068.0,1068.3,1066.5,1066.8,161843
2026-08-11 11:45,1066.8,1066.8,1064.5,1065.1,213112
2026-08-11 12:00,1065.1,1065.4,1063.6,1064.5,220499
2026-08-11 12:15,1064.6,1066.9,1063.7,1066.2,251894
2026-08-11 12:30,1066.2,1067.9,1065.9,1067.7,150493
2026-08-11 12:45,1067.5,1068.7,1066.5,1066.6,157102
2026-08-11 13:00,1066.7,1068.1,1065.2,1066.5,410071
2026-08-11 13:15,1066.4,1067.0,1065.3,1066.7,316291
2026-08-11 13:30,1066.7,1069.6,1066.2,1067.0,454762
2026-08-11 13:45,1067.1,1068.6,1066.8,1068.3,324655
2026-08-11 14:00,1068.8,1070.5,1068.1,1068.8,506610
2026-08-11 14:15,1069.0,1069.7,1066.0,1066.6,776988
2026-08-11 14:30,1066.8,1067.5,1064.9,1066.3,379906
2026-08-11 14:45,1065.9,1067.2,1065.1,1066.3,294077
2026-08-11 15:00,1066.5,1068.1,1065.3,1066.2,1019969
2026-08-11 15:15,1066.3,1066.3,1066.0,1066.0,198162
2026-08-12 09:15,1067.5,1081.8,1066.4,1080.5,1049185
2026-08-12 09:30,1080.9,1083.9,1079.7,1080.6,1185395
2026-08-12 09:45,1080.6,1081.9,1078.1,1078.4,944877
2026-08-12 10:00,1078.8,1079.7,1077.0,1079.1,336352
2026-08-12 10:15,1079.4,1081.6,1078.5,1079.6,642270
2026-08-12 10:30,1079.6,1082.0,1075.7,1077.9,695086
2026-08-12 10:45,1078.0,1080.0,1077.5,1079.6,722558
2026-08-12 11:00,1080.0,1081.6,1078.1,1078.7,764222
2026-08-12 11:15,1078.8,1079.7,1078.0,1078.8,311715
2026-08-12 11:30,1078.7,1079.2,1075.4,1077.0,485489
2026-08-12 11:45,1077.0,1077.1,1073.2,1076.1,567087
2026-08-12 12:00,1076.1,1078.2,1075.4,1075.9,353014
2026-08-12 12:15,1076.1,1076.9,1074.6,1075.2,236684
2026-08-12 12:30,1075.0,1085.4,1074.9,1083.0,804680
2026-08-12 12:45,1083.0,1085.0,1081.0,1082.2,1154477
2026-08-12 13:00,1082.2,1082.5,1079.2,1079.8,558566
2026-08-12 13:15,1079.9,1080.9,1076.8,1078.0,335707
2026-08-12 13:30,1078.0,1079.0,1076.2,1076.8,233916
2026-08-12 13:45,1076.7,1078.0,1076.2,1078.0,280683
2026-08-12 14:00,1077.9,1078.1,1076.5,1077.0,219699
2026-08-12 14:15,1076.5,1079.8,1076.5,1079.0,853511
2026-08-12 14:30,1079.0,1080.0,1078.8,1079.8,728645
2026-08-12 14:45,1079.7,1082.8,1078.6,1081.0,1566642
2026-08-12 15:00,1081.0,1084.7,1079.6,1081.1,2038966
2026-08-12 15:15,1080.5,1082.0,1080.5,1082.0,136904
2026-08-13 09:15,1082.8,1082.8,1074.8,1080.5,270096
2026-08-13 09:30,1080.5,1082.1,1078.3,1081.7,275127
2026-08-13 09:45,1081.7,1086.6,1081.6,1084.3,490122
2026-08-13 10:00,1084.4,1085.0,1082.3,1082.8,264695
2026-08-13 10:15,1082.9,1083.1,1079.4,1080.5,517617
2026-08-13 10:30,1080.3,1083.0,1079.0,1083.0,536689
2026-08-13 10:45,1083.0,1085.0,1082.1,1084.2,642767
2026-08-13 11:00,1084.2,1084.4,1082.0,1082.6,257729
2026-08-13 11:15,1082.3,1082.7,1081.2,1082.6,151152
2026-08-13 11:30,1082.9,1083.0,1082.0,1082.1,157545
2026-08-13 11:45,1082.4,1083.0,1079.9,1083.0,274171
2026-08-13 12:00,1083.0,1084.0,1081.9,1083.3,281226
2026-08-13 12:15,1083.5,1083.9,1082.0,1082.5,291532
2026-08-13 12:30,1082.5,1083.6,1081.8,1082.5,259243
2026-08-13 12:45,1082.7,1083.2,1081.7,1082.4,325762
2026-08-13 13:00,1082.4,1082.8,1080.0,1081.0,322645
2026-08-13 13:15,1081.0,1081.0,1078.8,1080.5,486569
2026-08-13 13:30,1080.4,1080.8,1078.6,1080.3,279318
2026-08-13 13:45,1080.4,1081.7,1079.5,1081.0,481911
2026-08-13 14:00,1081.0,1081.5,1078.8,1079.3,372566
2026-08-13 14:15,1079.3,1080.7,1078.8,1079.6,321059
2026-08-13 14:30,1079.6,1080.4,1077.5,1077.7,246555
2026-08-13 14:45,1078.0,1078.3,1076.6,1076.8,395660
2026-08-13 15:00,1076.8,1078.0,1075.2,1076.6,795908
2026-08-13 15:15,1077.0,1083.0,1077.0,1083.0,390578
2026-08-14 09:15,1078.2,1079.5,1070.7,1070.7,426463
2026-08-14 09:30,1070.8,1073.1,1070.3,1071.8,246856
2026-08-14 09:45,1071.9,1073.2,1070.8,1072.4,189337
2026-08-14 10:00,1072.4,1075.4,1071.8,1073.9,160136
2026-08-14 10:15,1073.8,1074.0,1071.7,1072.3,90814
2026-08-14 10:30,1072.3,1072.9,1070.8,1071.2,150475
2026-08-14 10:45,1071.3,1071.9,1069.0,1069.4,180184
2026-08-14 11:00,1069.2,1070.0,1067.5,1068.4,187116
2026-08-14 11:15,1068.3,1069.9,1068.0,1068.5,143780
2026-08-14 11:30,1068.5,1070.0,1066.2,1069.7,681595
2026-08-14 11:45,1069.7,1070.4,1067.5,1069.6,433299
2026-08-14 12:00,1070.0,1071.4,1069.3,1070.1,539749
2026-08-14 12:15,1070.5,1071.2,1069.9,1070.5,281370
2026-08-14 12:30,1070.5,1070.6,1068.6,1069.0,155095
2026-08-14 12:45,1069.0,1069.0,1067.4,1068.7,125808
2026-08-14 13:00,1069.0,1069.0,1068.5,1068.8,64981
2026-08-14 13:15,1069.0,1069.0,1066.5,1067.3,182287
2026-08-14 13:30,1067.2,1068.5,1065.5,1067.9,345591
2026-08-14 13:45,1068.0,1070.7,1067.9,1070.5,329521
2026-08-14 14:00,1070.3,1071.0,1069.6,1070.4,194989
2026-08-14 14:15,1070.1,1070.4,1068.1,1068.5,96967
2026-08-14 14:30,1068.4,1068.5,1067.5,1067.6,91782
2026-08-14 14:45,1067.7,1068.1,1066.1,1067.0,193178
2026-08-14 15:00,1067.0,1067.0,1065.3,1066.0,444228
2026-08-14 15:15,1065.5,1067.7,1065.5,1067.7,137872
2026-08-17 09:15,1063.7,1063.7,1055.0,1057.5,155623
2026-08-17 09:30,1057.1,1059.9,1055.7,1058.5,217221
2026-08-17 09:45,1058.4,1059.9,1055.5,1056.5,222798
2026-08-17 10:00,1056.5,1057.0,1054.8,1055.7,203446
2026-08-17 10:15,1055.8,1056.0,1052.5,1054.3,188141
2026-08-17 10:30,1054.1,1055.0,1053.5,1055.0,90773
2026-08-17 10:45,1055.0,1055.0,1054.2,1054.4,113736
2026-08-17 11:00,1054.4,1054.4,1053.0,1053.5,115079
2026-08-17 11:15,1053.0,1054.0,1053.0,1053.8,60072
2026-08-17 11:30,1053.7,1054.2,1053.0,1054.0,85335
2026-08-17 11:45,1054.0,1055.9,1053.8,1055.6,126371
2026-08-17 12:00,1055.7,1056.0,1054.6,1054.8,223569
2026-08-17 12:15,1054.9,1057.0,1054.6,1057.0,177911
2026-08-17 12:30,1056.8,1061.7,1056.7,1059.8,482591
2026-08-17 12:45,1059.9,1065.5,1059.6,1064.9,430742
2026-08-17 13:00,1064.9,1068.5,1064.8,1065.8,490428
2026-08-17 13:15,1066.0,1067.6,1064.8,1065.2,223275
2026-08-17 13:30,1065.3,1065.9,1063.1,1064.9,384227
2026-08-17 13:45,1065.2,1065.9,1062.3,1063.2,232148
2026-08-17 14:00,1063.2,1064.0,1062.5,1063.5,164424
2026-08-17 14:15,1063.7,1064.7,1062.4,1063.4,279487
2026-08-17 14:30,1063.4,1063.9,1061.7,1063.4,456329
2026-08-17 14:45,1063.6,1065.0,1062.5,1063.2,628553
2026-08-17 15:00,1063.3,1065.4,1062.5,1064.6,916022
2026-08-17 15:15,1065.0,1065.0,1061.2,1061.2,134951
2026-08-18 09:15,1062.8,1067.6,1061.5,1062.1,147953
2026-08-18 09:30,1061.4,1062.3,1059.5,1059.5,181187
2026-08-18 09:45,1059.3,1061.7,1058.0,1059.8,210904
2026-08-18 10:00,1059.9,1061.3,1058.8,1060.0,188410
2026-08-18 10:15,1059.5,1061.6,1058.7,1059.8,167264
2026-08-18 10:30,1059.9,1060.5,1058.8,1059.2,119503
2026-08-18 10:45,1058.9,1059.2,1056.0,1056.5,290143
2026-08-18 11:00,1056.5,1058.5,1056.0,1056.8,147610
2026-08-18 11:15,1056.7,1057.0,1056.0,1056.1,112796
2026-08-18 11:30,1056.1,1057.0,1055.3,1056.7,141602
2026-08-18 11:45,1056.7,1057.1,1055.5,1057.0,137845
2026-08-18 12:00,1057.2,1057.6,1056.1,1056.7,145781
2026-08-18 12:15,1056.8,1057.5,1056.0,1057.2,102267
2026-08-18 12:30,1057.2,1057.9,1056.1,1056.2,62233
2026-08-18 12:45,1056.4,1057.4,1056.1,1057.2,68629
2026-08-18 13:00,1057.0,1057.4,1056.0,1057.2,125514
2026-08-18 13:15,1057.0,1057.1,1056.0,1056.2,143800
2026-08-18 13:30,1056.2,1056.7,1055.0,1056.1,158767
2026-08-18 13:45,1056.1,1056.3,1053.3,1053.9,335425
2026-08-18 14:00,1054.6,1055.6,1053.7,1054.9,225840
2026-08-18 14:15,1054.9,1056.9,1053.8,1055.3,603463
2026-08-18 14:30,1055.2,1056.4,1055.2,1055.9,166430
2026-08-18 14:45,1055.9,1056.3,1054.1,1055.8,331684
2026-08-18 15:00,1055.9,1056.5,1054.9,1055.0,516767
2026-08-18 15:15,1055.0,1055.0,1053.0,1053.0,432314
2026-08-19 09:15,1051.5,1051.9,1048.1,1050.7,125152
2026-08-19 09:30,1050.6,1050.6,1048.0,1049.1,189213
2026-08-19 09:45,1049.0,1054.5,1047.8,1052.8,346187
2026-08-19 10:00,1052.8,1054.3,1052.0,1052.8,131522
2026-08-19 10:15,1052.7,1052.7,1048.6,1048.9,138151
2026-08-19 10:30,1048.7,1049.0,1046.8,1047.5,210089
2026-08-19 10:45,1047.5,1049.9,1047.0,1048.0,231696
2026-08-19 11:00,1048.6,1050.6,1048.0,1050.0,194974
2026-08-19 11:15,1050.0,1050.0,1048.0,1048.0,135466
2026-08-19 11:30,1048.0,1049.7,1047.9,1049.2,119482
2026-08-19 11:45,1049.2,1053.0,1048.8,1051.5,223996
2026-08-19 12:00,1051.7,1051.8,1048.3,1049.0,166838
2026-08-19 12:15,1049.0,1049.7,1048.3,1048.9,176379
2026-08-19 12:30,1048.9,1049.1,1047.9,1048.3,239794
2026-08-19 12:45,1048.5,1049.6,1047.8,1049.6,239996
2026-08-19 13:00,1049.8,1051.0,1049.0,1049.5,278536
2026-08-19 13:15,1050.0,1050.3,1048.4,1049.2,141176
2026-08-19 13:30,1049.0,1049.3,1047.8,1048.0,177068
2026-08-19 13:45,1048.0,1048.4,1043.5,1044.0,670149
2026-08-19 14:00,1044.2,1045.0,1043.9,1044.3,407965
2026-08-19 14:15,1044.5,1045.0,1041.5,1042.7,444838
2026-08-19 14:30,1042.7,1045.0,1042.1,1043.0,596529
2026-08-19 14:45,1042.9,1045.0,1042.4,1044.9,496010
2026-08-19 15:00,1044.9,1045.0,1043.3,1044.8,641786
2026-08-19 15:15,1044.8,1048.6,1044.8,1048.6,228378
2026-08-20 09:15,1051.5,1051.9,1047.0,1050.1,279817
2026-08-20 09:30,1050.2,1050.6,1048.9,1050.1,238734
2026-08-20 09:45,1050.3,1050.9,1049.5,1049.9,243728
2026-08-20 10:00,1050.0,1050.0,1049.3,1049.8,104296
2026-08-20 10:15,1049.8,1050.0,1048.2,1048.2,131968
2026-08-20 10:30,1048.3,1050.0,1048.0,1049.9,79144
2026-08-20 10:45,1049.9,1051.5,1049.3,1050.8,162396
2026-08-20 11:00,1050.7,1050.9,1049.0,1049.0,105551
2026-08-20 11:15,1049.0,1049.2,1046.8,1047.5,242526
2026-08-20 11:30,1047.5,1048.5,1047.4,1047.9,212758
2026-08-20 11:45,1047.9,1048.9,1045.8,1046.9,452810
2026-08-20 12:00,1046.9,1048.0,1046.6,1047.8,278477
2026-08-20 12:15,1047.8,1048.0,1046.8,1047.4,152846
2026-08-20 12:30,1047.5,1048.0,1046.8,1046.9,213729
2026-08-20 12:45,1047.0,1050.6,1046.8,1049.9,608491
2026-08-20 13:00,1049.9,1049.9,1048.9,1049.7,269929
2026-08-20 13:15,1049.7,1050.3,1049.0,1049.9,304464
2026-08-20 13:30,1049.9,1050.5,1049.1,1049.7,206663
2026-08-20 13:45,1049.7,1050.4,1049.1,1049.8,91466
2026-08-20 14:00,1049.5,1050.0,1047.8,1048.0,132705
2026-08-20 14:15,1048.0,1048.4,1047.1,1048.0,124968
2026-08-20 14:30,1048.1,1048.8,1047.1,1048.6,101932
2026-08-20 14:45,1048.6,1049.7,1048.0,1049.7,173847
2026-08-20 15:00,1049.3,1049.4,1046.4,1047.5,430522
2026-08-20 15:15,1047.5,1048.0,1047.5,1048.0,182757
2026-08-21 09:15,1051.2,1051.2,1048.3,1050.2,134199
2026-08-21 09:30,1050.5,1052.9,1049.1,1052.0,231133
2026-08-21 09:45,1052.2,1054.6,1051.4,1052.0,459836
2026-08-21 10:00,1051.8,1051.8,1049.9,1051.1,177485
2026-08-21 10:15,1051.3,1051.3,1049.6,1050.1,182476
2026-08-21 10:30,1050.0,1050.4,1049.0,1049.4,137890
2026-08-21 10:45,1049.5,1051.3,1048.9,1050.0,185467
2026-08-21 11:00,1049.9,1050.7,1047.5,1049.1,530021
2026-08-21 11:15,1049.0,1050.6,1048.8,1050.1,127601
2026-08-21 11:30,1050.2,1050.8,1048.7,1048.9,273541
2026-08-21 11:45,1049.0,1049.2,1046.5,1046.9,180332
2026-08-21 12:00,1046.9,1047.0,1045.8,1045.8,143202
2026-08-21 12:15,1045.8,1047.0,1045.5,1047.0,124249
2026-08-21 12:30,1047.0,1047.0,1046.2,1046.9,140878
2026-08-21 12:45,1046.9,1047.0,1045.8,1046.0,118533
2026-08-21 13:00,1046.0,1046.7,1045.5,1045.8,170374
2026-08-21 13:15,1045.9,1046.1,1044.7,1045.0,273603
2026-08-21 13:30,1045.2,1045.5,1043.2,1043.8,304780
2026-08-21 13:45,1043.7,1045.2,1043.0,1045.1,314647
2026-08-21 14:00,1045.1,1045.2,1042.7,1044.3,254648
2026-08-21 14:15,1044.4,1044.8,1042.9,1043.6,183408
2026-08-21 14:30,1044.0,1044.8,1043.1,1043.7,214883
2026-08-21 14:45,1043.7,1044.1,1043.0,1043.0,293233
2026-08-21 15:00,1043.0,1043.0,1040.2,1040.9,839078
2026-08-21 15:15,1041.0,1048.7,1041.0,1048.7,288237
2026-08-24 09:15,1045.2,1046.7,1043.6,1044.9,135912
2026-08-24 09:30,1044.9,1044.9,1043.3,1044.2,170847
2026-08-24 09:45,1044.4,1044.8,1043.5,1044.1,118954
2026-08-24 10:00,1044.5,1044.7,1043.3,1044.0,69942
2026-08-24 10:15,1044.0,1044.3,1042.5,1042.6,138003
2026-08-24 10:30,1042.9,1043.1,1040.8,1041.0,208152
2026-08-24 10:45,1041.0,1041.1,1039.6,1040.3,496047
2026-08-24 11:00,1040.3,1040.3,1036.3,1036.7,497809
2026-08-24 11:15,1036.3,1036.8,1035.5,1036.0,270419
2026-08-24 11:30,1036.0,1036.0,1033.4,1035.4,673323
2026-08-24 11:45,1035.2,1036.8,1034.5,1034.8,382040
2026-08-24 12:00,1034.8,1035.7,1034.6,1035.0,89146
2026-08-24 12:15,1034.9,1035.0,1034.2,1034.5,140905
2026-08-24 12:30,1034.6,1035.6,1033.7,1034.0,194867
2026-08-24 12:45,1034.0,1034.6,1033.2,1033.6,1242070
2026-08-24 13:00,1034.0,1034.4,1032.1,1033.9,860605
2026-08-24 13:15,1033.9,1035.0,1033.5,1033.7,797217
2026-08-24 13:30,1034.0,1034.1,1033.3,1033.7,91977
2026-08-24 13:45,1033.6,1033.8,1033.0,1033.4,145129
2026-08-24 14:00,1033.0,1034.7,1033.0,1033.4,217270
2026-08-24 14:15,1033.4,1035.5,1032.8,1034.6,326433
2026-08-24 14:30,1034.6,1035.9,1033.6,1034.9,491870
2026-08-24 14:45,1035.0,1035.4,1034.5,1034.9,180449
2026-08-24 15:00,1035.0,1036.7,1034.3,1036.1,565589
2026-08-24 15:15,1039.5,1039.5,1036.1,1039.5,181293
2026-08-25 09:15,1035.1,1039.4,1032.1,1038.6,233188
2026-08-25 09:30,1038.5,1041.2,1035.4,1035.5,307480
2026-08-25 09:45,1035.9,1037.1,1034.0,1037.0,483544
2026-08-25 10:00,1037.3,1038.7,1035.8,1037.4,463701
2026-08-25 10:15,1037.2,1037.3,1033.5,1034.2,211521
2026-08-25 10:30,1034.0,1037.2,1033.6,1037.1,140032
2026-08-25 10:45,1036.9,1042.9,1036.9,1040.1,1189061
2026-08-25 11:00,1040.2,1040.7,1037.2,1039.4,448946
2026-08-25 11:15,1038.5,1040.8,1038.0,1040.5,418623
2026-08-25 11:30,1040.6,1041.0,1038.4,1039.8,480066
2026-08-25 11:45,1040.2,1043.4,1038.3,1042.5,401516
2026-08-25 12:00,1042.9,1044.0,1041.4,1042.4,350615
2026-08-25 12:15,1042.4,1042.6,1040.4,1040.6,198341
2026-08-25 12:30,1040.9,1041.9,1039.5,1041.9,351312
2026-08-25 12:45,1041.9,1042.7,1040.4,1041.3,344203
2026-08-25 13:00,1041.1,1041.6,1038.2,1038.3,175273
2026-08-25 13:15,1038.3,1039.0,1037.1,1038.5,196122
2026-08-25 13:30,1038.4,1039.6,1038.1,1038.9,184008
2026-08-25 13:45,1038.9,1042.4,1037.9,1040.9,245416
2026-08-25 14:00,1040.8,1041.0,1038.4,1039.2,268601
2026-08-25 14:15,1039.2,1042.8,1039.1,1042.4,228036
2026-08-25 14:30,1042.9,1045.0,1042.2,1044.0,366375
2026-08-25 14:45,1044.0,1044.0,1042.5,1043.7,601952
2026-08-25 15:00,1043.5,1045.7,1042.9,1043.9,1045594
2026-08-25 15:15,1044.0,1048.0,1044.0,1048.0,470749
2026-08-26 09:15,1051.2,1061.1,1051.2,1060.2,636553
2026-08-26 09:30,1060.1,1061.3,1059.1,1060.2,412336
2026-08-26 09:45,1060.2,1062.3,1058.1,1058.2,341374
2026-08-26 10:00,1058.3,1058.3,1056.6,1057.1,195685
2026-08-26 10:15,1057.2,1058.6,1056.0,1058.6,199309
2026-08-26 10:30,1058.5,1058.5,1056.8,1057.2,121371
2026-08-26 10:45,1057.0,1057.5,1055.8,1056.8,133692
2026-08-26 11:00,1056.8,1058.0,1055.8,1056.2,127094
2026-08-26 11:15,1056.2,1056.5,1054.5,1055.4,155091
2026-08-26 11:30,1055.7,1058.0,1055.5,1057.8,105097
2026-08-26 11:45,1057.6,1057.7,1055.8,1056.2,105681
2026-08-26 12:00,1056.4,1056.9,1055.7,1056.9,83968
2026-08-26 12:15,1056.9,1056.9,1055.4,1056.0,149886
2026-08-26 12:30,1055.9,1056.8,1055.2,1056.4,174815
2026-08-26 12:45,1056.7,1056.9,1055.8,1056.8,130952
2026-08-26 13:00,1056.8,1056.9,1055.4,1055.7,83741
2026-08-26 13:15,1055.5,1055.8,1054.0,1055.3,199520
2026-08-26 13:30,1055.4,1055.9,1054.6,1055.0,110021
2026-08-26 13:45,1055.2,1055.2,1053.6,1054.6,104043
2026-08-26 14:00,1054.6,1055.7,1053.8,1055.0,109790
2026-08-26 14:15,1055.4,1055.7,1054.1,1055.0,124659
2026-08-26 14:30,1054.9,1055.8,1054.6,1054.9,125655
2026-08-26 14:45,1054.9,1058.2,1054.6,1056.4,507007
2026-08-26 15:00,1056.1,1056.6,1054.3,1054.5,670273
2026-08-26 15:15,1055.9,1055.9,1052.0,1052.0,171625
2026-08-27 09:15,1052.6,1054.3,1048.4,1048.4,166652
2026-08-27 09:30,1048.0,1049.6,1047.1,1048.0,238330
2026-08-27 09:45,1047.8,1048.9,1047.1,1048.4,106676
2026-08-27 10:00,1048.4,1048.5,1046.3,1046.8,134013
2026-08-27 10:15,1046.7,1047.4,1046.0,1046.8,95941
2026-08-27 10:30,1046.8,1047.0,1046.0,1046.4,80642
2026-08-27 10:45,1046.4,1047.0,1045.3,1046.7,169582
2026-08-27 11:00,1046.6,1047.5,1046.1,1046.8,73667
2026-08-27 11:15,1047.0,1047.7,1045.0,1045.4,131036
2026-08-27 11:30,1045.4,1048.3,1045.2,1048.3,77934
2026-08-27 11:45,1048.1,1048.4,1047.1,1047.7,99437
2026-08-27 12:00,1048.0,1048.3,1046.5,1047.3,170539
2026-08-27 12:15,1047.3,1047.6,1045.4,1045.8,130521
2026-08-27 12:30,1045.8,1046.0,1044.2,1044.4,169543
2026-08-27 12:45,1044.4,1046.1,1044.0,1044.8,267053
2026-08-27 13:00,1045.3,1046.8,1043.8,1046.4,193830
2026-08-27 13:15,1046.5,1047.0,1046.1,1046.6,101735
2026-08-27 13:30,1046.6,1046.6,1045.1,1045.1,109902
2026-08-27 13:45,1045.1,1045.2,1043.6,1043.6,137985
2026-08-27 14:00,1043.7,1044.8,1043.3,1044.6,99282
2026-08-27 14:15,1044.6,1045.7,1043.2,1045.6,227889
2026-08-27 14:30,1045.9,1046.2,1043.6,1043.9,210024
2026-08-27 14:45,1043.8,1045.0,1043.5,1044.2,192622
2026-08-27 15:00,1044.3,1049.1,1043.1,1044.1,994878
2026-08-27 15:15,1044.1,1044.1,1042.9,1042.9,88748
2026-08-28 09:15,1047.4,1047.4,1040.8,1044.6,294802
2026-08-28 09:30,1044.5,1044.5,1041.7,1042.8,187647
2026-08-28 09:45,1042.7,1048.4,1042.7,1047.1,453123
2026-08-28 10:00,1047.2,1049.0,1046.7,1049.0,154189
2026-08-28 10:15,1048.8,1051.2,1047.9,1049.2,197457
2026-08-28 10:30,1049.4,1049.5,1048.0,1048.3,137325
2026-08-28 10:45,1048.3,1049.5,1048.3,1048.8,126145
2026-08-28 11:00,1049.2,1049.3,1046.4,1047.6,185085
2026-08-28 11:15,1047.2,1048.0,1046.3,1046.7,86633
2026-08-28 11:30,1046.8,1047.5,1044.9,1046.6,128510
2026-08-28 11:45,1046.4,1047.4,1043.6,1044.5,191087
2026-08-28 12:00,1044.5,1047.0,1044.5,1045.8,139678
2026-08-28 12:15,1045.8,1046.0,1045.2,1046.0,98192
2026-08-28 12:30,1046.0,1047.7,1044.8,1047.1,262807
2026-08-28 12:45,1047.0,1048.5,1046.5,1047.4,271441
2026-08-28 13:00,1047.5,1047.5,1045.6,1046.6,116570
2026-08-28 13:15,1046.6,1047.3,1045.5,1046.2,131995
2026-08-28 13:30,1046.2,1047.7,1046.2,1047.3,125483
2026-08-28 13:45,1047.3,1047.5,1045.3,1046.8,135507
2026-08-28 14:00,1046.8,1047.5,1046.0,1047.1,96151
2026-08-28 14:15,1047.0,1047.5,1046.1,1047.0,159421
2026-08-28 14:30,1046.8,1047.8,1046.8,1047.5,139324
2026-08-28 14:45,1047.6,1049.5,1046.7,1047.7,458140
2026-08-28 15:00,1047.5,1048.0,1046.3,1047.5,527442
2026-08-31 09:15,1042.2,1042.2,1036.8,1039.0,145497
2026-08-31 09:30,1039.1,1040.2,1037.6,1038.0,149638
2026-08-31 09:45,1037.8,1038.8,1036.8,1038.4,102341
2026-08-31 10:00,1038.4,1039.0,1035.3,1036.2,131312
2026-08-31 10:15,1036.1,1037.2,1036.0,1036.8,76410
2026-08-31 10:30,1036.9,1037.1,1036.0,1036.0,68368
2026-08-31 10:45,1036.0,1036.6,1036.0,1036.2,74370
2026-08-31 11:00,1036.3,1036.3,1034.5,1035.9,114076
2026-08-31 11:15,1036.0,1037.5,1035.2,1037.0,116949
2026-08-31 11:30,1037.0,1039.9,1037.0,1039.5,131595
2026-08-31 11:45,1039.6,1043.0,1039.3,1041.2,193369
2026-08-31 12:00,1041.5,1041.7,1040.2,1041.0,188147
2026-08-31 12:15,1040.9,1042.2,1040.5,1040.8,98996
2026-08-31 12:30,1040.4,1040.6,1039.4,1040.4,174105
2026-08-31 12:45,1040.4,1040.9,1039.5,1040.4,91155
2026-08-31 13:00,1040.4,1042.8,1040.3,1042.4,84510
2026-08-31 13:15,1042.4,1042.8,1042.0,1042.4,71041
2026-08-31 13:30,1042.4,1042.5,1041.3,1041.3,88989
2026-08-31 13:45,1041.3,1043.0,1041.2,1041.6,102927
2026-08-31 14:00,1041.8,1042.6,1041.1,1041.3,76213
2026-08-31 14:15,1041.5,1042.8,1040.9,1042.2,140243
2026-08-31 14:30,1042.3,1045.8,1042.0,1045.8,132823
2026-08-31 14:45,1045.6,1049.0,1045.3,1045.3,196576
2026-08-31 15:00,1045.1,1045.7,1042.5,1043.0,621867
2026-08-31 15:15,1042.5,1060.0,1042.5,1060.0,1561799
2026-09-01 09:15,1051.3,1051.3,1044.2,1046.6,179953
2026-09-01 09:30,1046.4,1047.1,1045.2,1045.5,177407
2026-09-01 09:45,1045.8,1046.3,1044.5,1044.8,130832
2026-09-01 10:00,1044.9,1045.8,1043.4,1043.8,144902
2026-09-01 10:15,1043.9,1045.3,1043.5,1044.2,135991
2026-09-01 10:30,1044.1,1044.8,1041.2,1042.0,271761
2026-09-01 10:45,1042.0,1042.6,1041.1,1041.3,187933
2026-09-01 11:00,1041.4,1043.0,1040.7,1042.7,310655
2026-09-01 11:15,1043.0,1044.6,1042.5,1042.9,264224
2026-09-01 11:30,1043.0,1044.2,1042.3,1042.5,195416
2026-09-01 11:45,1042.7,1042.8,1041.4,1041.4,136359
2026-09-01 12:00,1041.4,1042.4,1041.2,1041.6,125356
2026-09-01 12:15,1041.7,1042.2,1040.0,1041.0,263446
2026-09-01 12:30,1040.9,1041.9,1040.6,1041.7,230920
2026-09-01 12:45,1041.7,1041.9,1039.2,1039.9,262725
2026-09-01 13:00,1039.9,1039.9,1037.9,1038.0,422770
2026-09-01 13:15,1037.6,1037.6,1034.0,1034.2,315643
2026-09-01 13:30,1034.2,1034.5,1031.4,1033.0,362952
2026-09-01 13:45,1032.9,1032.9,1030.0,1031.4,294807
2026-09-01 14:00,1031.4,1031.4,1027.7,1030.0,306437
2026-09-01 14:15,1030.0,1031.4,1029.9,1031.3,167248
2026-09-01 14:30,1031.4,1032.3,1030.5,1030.9,217035
2026-09-01 14:45,1031.0,1032.4,1029.8,1032.4,730528
2026-09-01 15:00,1032.4,1032.4,1028.0,1029.9,1226206
2026-09-01 15:15,1029.9,1034.5,1029.9,1034.5,215434
2026-09-02 09:15,1026.8,1029.7,1023.0,1028.4,262112
2026-09-02 09:30,1028.7,1029.3,1026.9,1028.9,181573
2026-09-02 09:45,1028.6,1030.9,1027.4,1030.6,174369
2026-09-02 10:00,1030.4,1032.2,1030.3,1031.5,188402
2026-09-02 10:15,1031.3,1035.2,1030.9,1033.8,286942
2026-09-02 10:30,1033.8,1034.5,1032.5,1034.0,117184
2026-09-02 10:45,1033.6,1035.1,1030.1,1030.1,300353
2026-09-02 11:00,1030.1,1030.7,1028.7,1029.4,250439
2026-09-02 11:15,1029.5,1029.8,1026.5,1026.5,536059
2026-09-02 11:30,1026.5,1027.5,1023.5,1024.6,724812
2026-09-02 11:45,1024.7,1024.9,1023.2,1023.6,576603
2026-09-02 12:00,1023.5,1024.4,1022.0,1023.8,638679
2026-09-02 12:15,1024.0,1024.4,1020.3,1021.8,702270
2026-09-02 12:30,1021.7,1022.8,1020.7,1022.0,1023411
2026-09-02 12:45,1022.0,1022.2,1021.1,1021.7,335958
2026-09-02 13:00,1021.9,1022.6,1020.4,1022.1,536787
2026-09-02 13:15,1022.0,1022.3,1019.4,1020.7,406573
2026-09-02 13:30,1020.6,1021.4,1019.7,1020.1,555327
2026-09-02 13:45,1020.0,1021.0,1018.4,1019.3,735075
2026-09-02 14:00,1019.4,1021.0,1018.9,1020.7,673081
2026-09-02 14:15,1020.8,1021.6,1018.8,1019.4,734575
2026-09-02 14:30,1019.5,1021.0,1018.2,1018.5,832287
2026-09-02 14:45,1019.0,1020.0,1018.1,1018.9,757043
2026-09-02 15:00,1019.0,1020.7,1017.3,1020.5,1695145
2026-09-02 15:15,1020.5,1020.9,1020.5,1020.9,175310
2026-09-03 09:15,1026.2,1033.5,1026.2,1030.6,362022
2026-09-03 09:30,1031.0,1032.5,1030.0,1031.7,255521
2026-09-03 09:45,1031.6,1033.4,1031.6,1032.3,232020
2026-09-03 10:00,1032.4,1032.4,1029.0,1029.9,213213
2026-09-03 10:15,1029.9,1036.0,1029.9,1033.6,361819
2026-09-03 10:30,1033.7,1033.7,1031.0,1031.6,124947
2026-09-03 10:45,1031.7,1032.4,1030.5,1031.1,180782
2026-09-03 11:00,1031.1,1031.8,1027.0,1027.7,475660
2026-09-03 11:15,1027.7,1030.4,1026.5,1029.5,523844
2026-09-03 11:30,1029.6,1031.0,1029.1,1029.7,315625
2026-09-03 11:45,1030.0,1032.2,1029.9,1031.0,290691
2026-09-03 12:00,1031.0,1031.4,1030.1,1031.3,206066
2026-09-03 12:15,1031.3,1031.7,1028.5,1028.9,297789
2026-09-03 12:30,1029.0,1030.2,1028.8,1029.5,202588
2026-09-03 12:45,1029.5,1030.3,1028.5,1028.9,194659
2026-09-03 13:00,1029.0,1029.2,1028.4,1028.8,185258
2026-09-03 13:15,1028.9,1029.0,1026.7,1026.9,220494
2026-09-03 13:30,1026.9,1028.8,1026.9,1028.2,191528
2026-09-03 13:45,1028.3,1029.5,1027.6,1028.9,368832
2026-09-03 14:00,1028.9,1029.2,1025.0,1025.2,335192
2026-09-03 14:15,1025.2,1026.2,1024.7,1025.5,298708
2026-09-03 14:30,1025.5,1025.6,1024.5,1024.7,213926
2026-09-03 14:45,1025.0,1025.0,1022.3,1022.5,300287
2026-09-03 15:00,1022.3,1023.5,1021.2,1023.0,489624
2026-09-03 15:15,1023.5,1023.5,1023.4,1023.4,170670
2026-09-04 09:15,1026.0,1026.0,1020.7,1022.0,163140
2026-09-04 09:30,1021.8,1024.9,1021.6,1023.8,149617
2026-09-04 09:45,1024.1,1025.3,1023.6,1024.6,133224
2026-09-04 10:00,1024.8,1026.0,1024.5,1025.2,89344
2026-09-04 10:15,1025.2,1027.4,1024.0,1026.3,142598
2026-09-04 10:30,1026.5,1027.0,1025.2,1026.0,96012
2026-09-04 10:45,1026.0,1026.2,1024.9,1025.8,73237
2026-09-04 11:00,1026.0,1027.9,1025.7,1026.6,163511
2026-09-04 11:15,1026.7,1029.0,1025.8,1026.6,324140
2026-09-04 11:30,1026.6,1027.5,1024.3,1024.7,278797
2026-09-04 11:45,1024.7,1025.4,1024.0,1024.1,136457
2026-09-04 12:00,1024.2,1024.9,1023.3,1023.4,282739
2026-09-04 12:15,1023.5,1024.0,1022.1,1022.8,199210
2026-09-04 12:30,1022.8,1023.7,1022.4,1022.5,127890
2026-09-04 12:45,1023.0,1023.4,1021.7,1022.2,201089
2026-09-04 13:00,1022.2,1022.9,1021.6,1021.8,378047
2026-09-04 13:15,1021.8,1022.6,1020.7,1021.1,419549
2026-09-04 13:30,1020.9,1021.4,1020.3,1020.4,261100
2026-09-04 13:45,1020.4,1021.1,1019.1,1019.5,350253
2026-09-04 14:00,1019.5,1020.5,1019.1,1020.0,265411
2026-09-04 14:15,1020.0,1020.5,1018.5,1020.4,335929
2026-09-04 14:30,1020.4,1021.8,1018.5,1018.5,440157
2026-09-04 14:45,1018.5,1018.7,1017.3,1017.5,456061
2026-09-04 15:00,1017.7,1018.6,1016.1,1018.6,816678
2026-09-04 15:15,1018.5,1018.5,1016.1,1016.1,208263
2026-09-07 09:15,1020.4,1021.6,1013.1,1013.8,219826
2026-09-07 09:30,1013.6,1016.1,1012.5,1015.3,243595
2026-09-07 09:45,1015.8,1017.4,1013.5,1013.7,274526
2026-09-07 10:00,1013.8,1014.0,1007.0,1007.0,1530703
2026-09-07 10:15,1007.0,1007.4,1004.4,1005.1,397977
2026-09-07 10:30,1005.4,1005.6,1003.5,1003.5,1048619
2026-09-07 10:45,1003.6,1004.5,1003.2,1004.5,203433
2026-09-07 11:00,1004.3,1004.7,1003.5,1004.4,168267
2026-09-07 11:15,1004.5,1005.4,1004.3,1004.5,172686
2026-09-07 11:30,1004.6,1004.8,1003.8,1004.0,126773
2026-09-07 11:45,1003.9,1004.8,1002.4,1003.6,274291
2026-09-07 12:00,1003.3,1003.3,1001.5,1002.5,380913
2026-09-07 12:15,1002.6,1002.8,1001.0,1001.4,340772
2026-09-07 12:30,1001.4,1003.1,1000.6,1002.6,345525
2026-09-07 12:45,1002.6,1003.1,1001.0,1002.8,403801
2026-09-07 13:00,1002.9,1004.0,1002.7,1003.1,240152
2026-09-07 13:15,1003.3,1005.0,1003.1,1004.4,233332
2026-09-07 13:30,1004.5,1004.9,1003.9,1004.3,198145
2026-09-07 13:45,1004.1,1006.9,1004.1,1005.9,367191
2026-09-07 14:00,1006.0,1007.0,1005.5,1005.6,309847
2026-09-07 14:15,1005.7,1006.2,1005.3,1006.1,339549
2026-09-07 14:30,1005.9,1006.2,1003.5,1004.5,374170
2026-09-07 14:45,1004.6,1005.5,1004.1,1004.7,329582
2026-09-07 15:00,1004.7,1005.9,1003.4,1005.0,1219755
2026-09-07 15:15,1004.8,1005.9,1004.8,1005.9,165306
2026-09-08 09:15,1004.6,1006.2,1002.5,1003.0,215220
2026-09-08 09:30,1002.6,1004.4,1002.3,1004.2,272449
2026-09-08 09:45,1004.2,1004.9,1003.3,1004.1,243068
2026-09-08 10:00,1004.3,1008.8,1004.1,1008.8,338687
2026-09-08 10:15,1008.8,1009.5,1008.0,1008.1,228829
2026-09-08 10:30,1008.1,1008.7,1007.0,1008.0,137133
2026-09-08 10:45,1007.9,1009.9,1007.9,1009.2,193222
2026-09-08 11:00,1009.3,1009.4,1006.6,1007.4,620621
2026-09-08 11:15,1007.4,1010.7,1006.1,1010.0,359605
2026-09-08 11:30,1009.9,1010.1,1008.6,1009.1,193584
2026-09-08 11:45,1009.0,1009.3,1007.0,1008.3,145401
2026-09-08 12:00,1008.4,1008.6,1005.5,1007.0,173226
2026-09-08 12:15,1006.9,1009.3,1006.9,1009.2,217413
2026-09-08 12:30,1009.5,1011.0,1009.1,1009.3,293213
2026-09-08 12:45,1009.3,1009.8,1007.3,1007.5,238465
2026-09-08 13:00,1007.4,1008.2,1006.5,1007.5,169895
2026-09-08 13:15,1007.8,1008.4,1007.0,1007.9,158176
2026-09-08 13:30,1007.9,1008.2,1006.1,1006.4,200176
2026-09-08 13:45,1006.5,1007.0,1006.0,1006.6,143451
2026-09-08 14:00,1006.6,1009.4,1006.4,1009.1,281461
2026-09-08 14:15,1009.0,1009.1,1007.5,1008.7,191294
2026-09-08 14:30,1008.8,1009.3,1008.2,1008.9,371080
2026-09-08 14:45,1009.0,1009.5,1008.3,1008.7,364783
2026-09-08 15:00,1008.7,1009.5,1007.6,1007.9,658688
2026-09-08 15:15,1008.0,1008.0,1008.0,1008.0,412389
2026-09-09 09:15,1001.0,1001.8,992.8,1001.0,422989
2026-09-09 09:30,1001.9,1007.5,1001.0,1006.1,379172
2026-09-09 09:45,1006.2,1007.3,1005.2,1006.9,195373
2026-09-09 10:00,1007.0,1007.0,1004.8,1006.5,153989
2026-09-09 10:15,1006.9,1009.5,1006.8,1009.3,197450
2026-09-09 10:30,1009.3,1012.0,1009.2,1009.5,249212
2026-09-09 10:45,1009.8,1011.2,1009.1,1010.4,110813
2026-09-09 11:00,1010.3,1010.4,1005.1,1007.3,559012
2026-09-09 11:15,1007.4,1007.6,1006.1,1006.6,136949
2026-09-09 11:30,1007.2,1007.4,1005.4,1005.8,172153
2026-09-09 11:45,1005.5,1006.8,1005.3,1005.7,310533
2026-09-09 12:00,1005.7,1006.0,1004.4,1005.0,145014
2026-09-09 12:15,1005.0,1006.3,1004.3,1006.0,84920
2026-09-09 12:30,1006.5,1011.5,1006.3,1010.3,274889
2026-09-09 12:45,1010.4,1010.9,1009.5,1010.4,153812
2026-09-09 13:00,1010.4,1010.5,1008.6,1008.8,149294
2026-09-09 13:15,1008.8,1009.9,1008.4,1008.9,116043
2026-09-09 13:30,1009.0,1009.4,1008.4,1008.9,110343
2026-09-09 13:45,1008.9,1009.2,1005.5,1007.5,500651
2026-09-09 14:00,1007.5,1009.1,1007.1,1007.6,214233
2026-09-09 14:15,1007.6,1007.6,1005.8,1006.8,338556
2026-09-09 14:30,1006.6,1007.2,1004.7,1005.6,198943
2026-09-09 14:45,1005.3,1005.8,1003.4,1003.6,324001
2026-09-09 15:00,1003.7,1005.0,1001.1,1002.8,649615
2026-09-09 15:15,1002.8,1002.8,1000.5,1000.5,241587
2026-09-10 09:15,1002.0,1011.7,1002.0,1011.7,287362
2026-09-10 09:30,1011.2,1011.2,1008.0,1008.9,185488
2026-09-10 09:45,1008.7,1009.3,1007.2,1007.9,134442
2026-09-10 10:00,1007.9,1007.9,1006.1,1007.7,194443
2026-09-10 10:15,1007.8,1009.5,1007.8,1009.4,110729
2026-09-10 10:30,1009.4,1010.2,1007.8,1009.9,113881
2026-09-10 10:45,1009.9,1010.3,1007.6,1008.5,113068
2026-09-10 11:00,1008.7,1010.4,1008.5,1010.4,138852
2026-09-10 11:15,1010.3,1011.5,1008.8,1009.8,162759
2026-09-10 11:30,1009.9,1011.4,1005.1,1006.1,785688
2026-09-10 11:45,1006.3,1007.4,1004.3,1006.3,663191
2026-09-10 12:00,1006.4,1008.8,1006.2,1008.5,151831
2026-09-10 12:15,1008.6,1009.6,1007.3,1008.2,139800
2026-09-10 12:30,1008.3,1008.4,1007.0,1007.8,168967
2026-09-10 12:45,1007.6,1007.9,1005.8,1005.8,93994
2026-09-10 13:00,1006.0,1006.1,1004.4,1005.8,139001
2026-09-10 13:15,1005.9,1005.9,1004.1,1004.6,80549
2026-09-10 13:30,1004.6,1006.0,1004.1,1005.1,99868
2026-09-10 13:45,1005.0,1005.7,1004.4,1004.8,65520
2026-09-10 14:00,1005.0,1005.2,1003.6,1004.3,96952
2026-09-10 14:15,1004.2,1004.7,1003.0,1004.0,93653
2026-09-10 14:30,1004.0,1004.3,1002.6,1003.7,98149
2026-09-10 14:45,1003.7,1005.2,1003.4,1003.8,167254
2026-09-10 15:00,1003.4,1004.4,1001.7,1004.2,550663
2026-09-10 15:15,1004.3,1009.7,1004.3,1009.7,328385
2026-09-11 09:15,999.8,1001.0,993.3,999.0,288737
2026-09-11 09:30,999.1,999.6,997.1,999.1,228821
2026-09-11 09:45,999.0,999.4,996.2,997.5,247476
2026-09-11 10:00,997.5,998.7,997.0,998.7,153984
2026-09-11 10:15,998.6,998.6,995.6,995.6,227837
2026-09-11 10:30,995.6,996.0,994.6,995.1,239441
2026-09-11 10:45,995.1,995.9,993.4,994.4,224854
2026-09-11 11:00,994.4,998.2,994.1,997.8,275880
2026-09-11 11:15,997.8,999.0,996.4,997.4,199791
2026-09-11 11:30,997.4,997.4,995.7,996.8,147800
2026-09-11 11:45,996.9,997.2,995.4,996.6,147736
2026-09-11 12:00,996.7,996.9,995.3,996.0,118785
2026-09-11 12:15,996.3,999.5,995.7,998.7,204450
2026-09-11 12:30,998.6,1000.7,997.7,999.7,394040
2026-09-11 12:45,999.8,1001.8,999.1,1000.9,201588
2026-09-11 13:00,1000.9,1001.1,998.0,999.4,242901
2026-09-11 13:15,999.4,999.5,997.4,997.9,251970
2026-09-11 13:30,997.8,998.0,995.4,996.3,243829
2026-09-11 13:45,996.4,996.5,993.8,995.4,1001532
2026-09-11 14:00,995.5,997.4,995.1,996.2,312002
2026-09-11 14:15,996.1,997.5,995.2,995.9,464887
2026-09-11 14:30,995.7,996.8,995.4,996.4,371711
2026-09-11 14:45,996.4,996.9,995.8,996.1,267238
2026-09-11 15:00,996.3,996.9,994.6,996.2,613024
2026-09-11 15:15,996.2,996.2,995.7,995.7,315078
2026-09-15 09:15,996.4,998.8,989.3,989.4,513825
2026-09-15 09:30,989.2,989.4,986.4,987.4,394127
2026-09-15 09:45,987.3,987.3,981.4,982.0,750652
2026-09-15 10:00,981.8,983.3,981.3,982.6,376908
2026-09-15 10:15,983.0,983.0,980.0,980.0,474420
2026-09-15 10:30,980.8,981.7,980.3,980.6,258518
2026-09-15 10:45,980.7,981.5,980.1,981.0,177238
2026-09-15 11:00,981.0,981.4,980.2,980.9,189193
2026-09-15 11:15,980.9,981.4,980.0,980.2,208850
2026-09-15 11:30,980.2,981.2,980.0,981.1,172267
2026-09-15 11:45,980.9,981.3,979.6,980.8,222329
2026-09-15 12:00,980.9,982.2,980.0,980.2,461910
2026-09-15 12:15,980.2,980.6,979.5,980.1,147994
2026-09-15 12:30,980.1,980.3,979.0,979.5,185401
2026-09-15 12:45,979.5,981.0,979.2,979.7,283319
2026-09-15 13:00,979.8,980.7,979.2,979.6,167835
2026-09-15 13:15,979.6,980.8,979.5,980.0,334652
2026-09-15 13:30,979.8,979.9,978.3,979.4,309254
2026-09-15 13:45,979.5,979.9,979.0,979.5,161369
2026-09-15 14:00,979.5,979.5,973.7,975.5,452821
2026-09-15 14:15,975.3,976.8,973.7,974.3,458785
2026-09-15 14:30,974.7,975.1,973.8,974.6,296210
2026-09-15 14:45,974.3,974.3,970.1,971.4,773714
2026-09-15 15:00,971.3,973.2,969.6,972.6,1277579
2026-09-15 15:15,972.5,972.5,968.0,968.0,424342
2026-09-16 09:15,975.1,982.0,974.8,979.4,442815
2026-09-16 09:30,979.0,980.2,976.5,977.0,399657
2026-09-16 09:45,977.0,982.0,976.7,980.0,383897
2026-09-16 10:00,980.0,980.0,978.0,979.2,237192
2026-09-16 10:15,979.2,983.9,979.1,983.2,373408
2026-09-16 10:30,983.4,986.7,983.0,984.5,352046
2026-09-16 10:45,984.7,988.0,984.4,985.1,251823
2026-09-16 11:00,985.2,986.8,983.3,983.3,192558
2026-09-16 11:15,983.3,984.2,981.0,981.0,305885
2026-09-16 11:30,981.0,983.2,981.0,981.8,128440
2026-09-16 11:45,981.8,983.8,980.7,980.7,158646
2026-09-16 12:00,981.0,985.0,979.0,983.6,313342
2026-09-16 12:15,983.5,986.0,983.4,984.8,300330
2026-09-16 12:30,984.7,987.0,984.6,987.0,194589
2026-09-16 12:45,986.4,987.2,985.2,986.2,249849
2026-09-16 13:00,986.3,989.2,986.0,988.1,268375
2026-09-16 13:15,988.2,988.5,986.1,986.2,258199
2026-09-16 13:30,986.2,987.8,986.0,986.9,415479
2026-09-16 13:45,986.7,987.9,986.1,986.6,169334
2026-09-16 14:00,986.6,988.9,986.5,988.7,297145
2026-09-16 14:15,988.7,989.7,988.2,989.5,313811
2026-09-16 14:30,989.6,990.5,989.0,989.9,315176
2026-09-16 14:45,990.0,990.0,988.2,988.4,487699
2026-09-16 15:00,988.2,988.9,987.7,988.0,778955
2026-09-16 15:15,987.7,991.4,987.7,991.4,436566
2026-09-17 09:15,990.7,994.6,987.7,994.3,236945
2026-09-17 09:30,994.5,1000.9,994.5,998.7,648302
2026-09-17 09:45,998.7,999.0,995.5,995.6,213431
2026-09-17 10:00,995.9,997.6,995.6,996.9,154498
2026-09-17 10:15,996.9,997.3,993.3,994.0,191667
2026-09-17 10:30,994.0,994.2,989.7,990.4,308646
2026-09-17 10:45,990.1,990.1,988.1,988.1,226011
2026-09-17 11:00,988.2,988.2,985.3,986.7,240782
2026-09-17 11:15,986.7,987.5,985.8,986.3,164331
2026-09-17 11:30,986.3,987.8,985.6,987.5,172269
2026-09-17 11:45,987.5,989.9,987.4,989.7,382512
2026-09-17 12:00,989.7,992.8,988.1,992.6,472044
2026-09-17 12:15,992.6,993.6,990.3,990.5,287613
2026-09-17 12:30,990.5,992.1,990.0,991.4,345050
2026-09-17 12:45,991.3,992.5,990.3,991.6,243949
2026-09-17 13:00,992.0,992.0,988.7,989.0,213112
2026-09-17 13:15,988.9,989.9,988.0,988.0,343975
2026-09-17 13:30,988.0,989.4,986.1,988.0,646875
2026-09-17 13:45,988.0,988.9,986.1,987.4,315692
2026-09-17 14:00,987.5,988.1,986.3,987.4,347785
2026-09-17 14:15,987.3,989.4,987.1,988.0,248435
2026-09-17 14:30,987.9,989.5,986.6,987.1,304134
2026-09-17 14:45,987.1,987.2,986.0,986.9,337744
2026-09-17 15:00,986.7,987.6,985.5,986.5,950816
2026-09-17 15:15,986.5,988.7,986.5,988.7,245768
2026-09-18 09:15,990.4,990.4,986.1,986.5,178252
2026-09-18 09:30,986.3,988.8,985.4,986.5,303745
2026-09-18 09:45,986.5,987.7,985.6,985.9,146428
2026-09-18 10:00,985.9,987.7,985.9,986.9,141318
2026-09-18 10:15,986.9,987.9,986.4,987.0,121507
2026-09-18 10:30,987.0,988.5,986.2,986.6,136937
2026-09-18 10:45,986.7,987.9,986.5,987.5,74015
2026-09-18 11:00,987.7,987.9,987.2,987.5,79818
2026-09-18 11:15,987.3,989.2,987.2,989.0,116738
2026-09-18 11:30,989.0,990.7,989.0,990.0,275493
2026-09-18 11:45,990.3,991.6,990.0,991.2,146713
2026-09-18 12:00,991.2,992.8,991.0,992.1,179567
2026-09-18 12:15,992.0,992.2,991.4,991.9,126884
2026-09-18 12:30,992.2,994.4,992.2,994.3,263655
2026-09-18 12:45,994.2,994.3,992.1,992.5,166898
2026-09-18 13:00,992.5,993.3,992.4,992.8,124230
2026-09-18 13:15,992.7,992.9,991.6,992.0,118932
2026-09-18 13:30,992.0,992.2,991.0,991.0,122875
2026-09-18 13:45,990.9,991.7,990.2,991.2,121315
2026-09-18 14:00,991.3,992.6,990.8,992.3,143083
2026-09-18 14:15,992.4,993.0,992.1,992.8,121384
2026-09-18 14:30,992.7,993.6,992.2,992.2,141186
2026-09-18 14:45,992.3,993.9,992.2,993.6,178764
2026-09-18 15:00,993.7,993.7,992.0,993.2,570925
2026-09-18 15:15,992.7,996.2,992.7,996.2,1371161
2026-09-21 09:15,991.5,994.5,989.8,993.4,118906
2026-09-21 09:30,993.5,993.9,992.0,992.7,119114
2026-09-21 09:45,992.8,993.6,992.1,992.6,137585
2026-09-21 10:00,992.6,993.0,990.8,992.5,130371
2026-09-21 10:15,992.5,995.0,991.5,991.9,155946
2026-09-21 10:30,991.8,992.0,991.0,991.4,95856
2026-09-21 10:45,991.4,991.9,991.0,991.3,75406
2026-09-21 11:00,991.4,992.3,990.6,990.6,96045
2026-09-21 11:15,990.7,991.1,990.0,990.6,117895
2026-09-21 11:30,990.8,991.3,990.0,990.6,138043
2026-09-21 11:45,990.8,992.3,990.3,992.0,118372
2026-09-21 12:00,992.1,993.5,992.0,993.2,172009
2026-09-21 12:15,993.8,994.2,992.4,993.0,152152
2026-09-21 12:30,992.9,993.5,992.7,993.3,67375
2026-09-21 12:45,993.3,993.5,992.3,992.4,90941
2026-09-21 13:00,992.7,993.9,992.3,993.9,96350
2026-09-21 13:15,993.9,995.9,993.8,994.8,202964
2026-09-21 13:30,994.9,996.5,994.7,995.7,136313
2026-09-21 13:45,995.7,996.9,995.2,996.6,111318
2026-09-21 14:00,996.6,997.4,996.2,996.5,186331
2026-09-21 14:15,996.6,996.8,995.9,996.3,79595
2026-09-21 14:30,996.4,997.0,995.3,996.8,110820
2026-09-21 14:45,996.7,996.8,995.9,996.4,181241
2026-09-21 15:00,996.3,997.3,995.4,996.0,351114
2026-09-21 15:15,996.0,996.0,996.0,996.0,96422
2026-09-22 09:15,998.7,999.2,996.0,996.9,112789
2026-09-22 09:30,996.8,997.5,996.0,997.1,108570
2026-09-22 09:45,997.1,997.8,996.6,996.6,89423
2026-09-22 10:00,996.6,996.8,992.8,993.4,457264
2026-09-22 10:15,993.4,993.4,989.5,991.0,344155
2026-09-22 10:30,991.0,991.0,987.1,988.2,305132
2026-09-22 10:45,987.9,989.7,987.9,989.3,175016
2026-09-22 11:00,989.5,989.7,987.3,989.0,168120
2026-09-22 11:15,989.0,989.3,988.0,988.0,142368
2026-09-22 11:30,988.1,988.1,986.2,986.4,165077
2026-09-22 11:45,986.3,986.7,985.6,986.0,167376
2026-09-22 12:00,986.1,986.7,985.5,985.7,184462
2026-09-22 12:15,985.7,987.4,985.5,985.7,225180
2026-09-22 12:30,985.7,986.0,984.6,984.9,220149
2026-09-22 12:45,984.8,985.6,984.1,984.3,223813
2026-09-22 13:00,984.1,984.1,982.5,983.3,303882
2026-09-22 13:15,983.2,983.3,982.5,983.0,159044
2026-09-22 13:30,983.0,983.7,982.6,983.3,147398
2026-09-22 13:45,983.2,983.9,982.7,983.3,163230
2026-09-22 14:00,983.2,985.7,981.3,985.4,255999
2026-09-22 14:15,985.6,987.1,984.2,987.0,338549
2026-09-22 14:30,987.0,987.2,984.4,984.6,253922
2026-09-22 14:45,984.7,985.6,983.8,983.9,317052
2026-09-22 15:00,984.5,986.3,984.3,985.7,565100
2026-09-22 15:15,985.7,987.0,985.7,987.0,276107
2026-09-23 09:15,989.0,991.6,988.6,989.8,170316
2026-09-23 09:30,989.8,991.5,989.8,990.9,211351
2026-09-23 09:45,991.0,991.5,988.7,989.7,216226
2026-09-23 10:00,990.3,990.5,988.6,989.0,164204
2026-09-23 10:15,988.9,990.5,988.9,990.4,123666
2026-09-23 10:30,990.4,992.4,990.1,991.2,145285
2026-09-23 10:45,991.4,991.9,990.1,990.3,142052
2026-09-23 11:00,990.3,991.7,990.3,991.4,136202
2026-09-23 11:15,991.4,991.5,990.5,990.6,90933
2026-09-23 11:30,990.5,991.6,990.4,991.6,101109
2026-09-23 11:45,991.5,991.7,990.6,991.1,127353
2026-09-23 12:00,991.2,992.5,990.8,992.3,176098
2026-09-23 12:15,992.4,994.5,992.1,994.0,225795
2026-09-23 12:30,994.1,994.6,993.8,994.3,128731
2026-09-23 12:45,994.3,994.4,993.4,993.6,163610
2026-09-23 13:00,993.6,995.2,993.4,995.0,205799
2026-09-23 13:15,994.9,995.1,994.0,994.0,128999
2026-09-23 13:30,994.0,994.2,993.5,993.8,132147
2026-09-23 13:45,993.7,994.4,993.6,994.4,123696
2026-09-23 14:00,994.4,996.4,994.3,996.0,180014
2026-09-23 14:15,996.2,996.2,994.1,994.2,185135
2026-09-23 14:30,994.1,994.4,992.6,992.6,186646
2026-09-23 14:45,992.7,992.7,991.7,992.3,237824
2026-09-23 15:00,992.3,992.8,991.1,991.8,373474
2026-09-23 15:15,991.8,994.1,991.8,994.1,0
2026-09-24 09:15,984.0,992.0,984.0,988.0,943131
2026-09-24 09:30,987.7,987.7,985.7,986.2,177822
2026-09-24 09:45,986.2,986.8,984.2,986.8,153158
2026-09-24 10:00,986.4,986.8,985.5,986.8,209604
2026-09-24 10:15,986.3,986.7,985.3,985.5,187536
2026-09-24 10:30,985.4,986.9,985.4,986.3,161170
2026-09-24 10:45,986.0,988.0,986.0,988.0,187886
2026-09-24 11:00,988.5,988.5,986.7,987.0,136504
2026-09-24 11:15,986.9,990.3,986.7,987.6,340732
2026-09-24 11:30,987.5,988.1,987.5,987.9,103524
2026-09-24 11:45,987.9,988.4,987.4,988.3,72921
2026-09-24 12:00,988.2,989.6,987.6,987.6,94212
2026-09-24 12:15,987.8,989.0,987.4,987.4,135119
2026-09-24 12:30,987.7,987.7,982.7,985.5,7961192
2026-09-24 12:45,985.9,986.4,984.8,985.2,246316
2026-09-24 13:00,985.0,986.3,983.3,984.3,254271
2026-09-24 13:15,984.1,984.3,979.6,980.6,216477
2026-09-24 13:30,980.6,982.4,979.2,979.5,183967
2026-09-24 13:45,979.6,980.3,978.0,978.9,294584
2026-09-24 14:00,978.9,980.7,978.4,979.2,193450
2026-09-24 14:15,979.1,979.2,975.9,976.4,292416
2026-09-24 14:30,976.5,978.9,976.1,978.0,246644
2026-09-24 14:45,977.9,981.0,977.9,980.2,225805
2026-09-24 15:00,980.2,981.2,978.4,978.5,476040
2026-09-24 15:15,978.5,978.5,978.5,978.5,228287
2026-09-25 09:15,981.0,985.7,980.5,984.1,181010
2026-09-25 09:30,984.1,984.1,980.5,982.2,234337
2026-09-25 09:45,982.1,982.6,979.1,981.3,254419
2026-09-25 10:00,981.5,983.5,980.4,982.5,168755
2026-09-25 10:15,982.5,983.0,979.4,980.0,106220
2026-09-25 10:30,980.0,980.8,979.3,979.6,73954
2026-09-25 10:45,979.8,980.0,978.7,979.8,86991
2026-09-25 11:00,979.9,981.8,979.6,980.8,266387
2026-09-25 11:15,981.0,981.4,979.3,980.1,138648
2026-09-25 11:30,980.1,980.7,979.1,979.8,127475
2026-09-25 11:45,979.8,980.5,979.2,979.6,100295
2026-09-25 12:00,979.5,980.0,978.7,979.5,109818
2026-09-25 12:15,979.6,979.7,978.5,978.7,103222
2026-09-25 12:30,979.0,980.0,978.8,979.7,71549
2026-09-25 12:45,979.7,980.4,979.2,979.9,68776
2026-09-25 13:00,979.9,980.5,978.5,979.7,103430
2026-09-25 13:15,979.7,979.9,978.4,978.7,76123
2026-09-25 13:30,978.7,978.7,977.2,978.2,135060
2026-09-25 13:45,978.0,979.0,977.4,979.0,82495
2026-09-25 14:00,979.1,983.6,979.1,981.1,316796
2026-09-25 14:15,981.3,982.9,980.8,981.7,137776
2026-09-25 14:30,981.9,982.0,981.1,981.6,90850
2026-09-25 14:45,981.5,982.3,981.0,982.0,180035
2026-09-25 15:00,982.0,982.0,980.3,981.8,296041
2026-09-25 15:15,982.0,983.0,982.0,983.0,66821
2026-09-28 09:15,981.0,981.0,972.4,972.8,335341
2026-09-28 09:30,972.7,972.8,966.2,966.7,1837364
2026-09-28 09:45,966.7,968.2,966.4,967.2,342413
2026-09-28 10:00,967.2,967.5,963.9,965.6,396110
2026-09-28 10:15,965.6,965.9,964.2,965.5,263736
2026-09-28 10:30,965.5,965.8,964.6,965.2,188373
2026-09-28 10:45,965.2,966.9,965.1,966.6,314558
2026-09-28 11:00,966.7,966.8,965.5,965.7,148936
2026-09-28 11:15,966.0,966.0,965.4,965.9,133104
2026-09-28 11:30,965.9,966.1,964.0,966.0,296078
2026-09-28 11:45,966.0,966.0,964.4,965.0,220156
2026-09-28 12:00,965.0,965.0,964.5,965.0,92888
2026-09-28 12:15,965.0,965.3,964.6,965.0,114001
2026-09-28 12:30,965.0,965.3,964.5,964.6,180595
2026-09-28 12:45,964.8,965.0,962.7,963.0,253761
2026-09-28 13:00,963.0,963.4,962.1,962.8,178930
2026-09-28 13:15,962.7,963.7,962.4,963.7,151701
2026-09-28 13:30,963.8,963.9,960.4,961.5,466371
2026-09-28 13:45,961.5,962.1,959.3,960.0,383828
2026-09-28 14:00,960.0,960.0,958.5,959.5,268826
2026-09-28 14:15,959.4,959.7,957.6,957.7,572824
2026-09-28 14:30,957.7,959.9,956.1,959.6,730983
2026-09-28 14:45,959.8,961.9,959.6,961.3,398361
2026-09-28 15:00,961.3,962.5,960.0,961.9,1188229
2026-09-28 15:15,962.0,962.0,962.0,962.0,197942
2026-09-29 09:15,961.9,964.7,956.3,957.3,1214140
2026-09-29 09:30,957.3,959.4,953.0,957.0,2256449
2026-09-29 09:45,957.0,958.6,955.0,956.4,815727
2026-09-29 10:00,956.7,957.6,955.7,956.3,651033
2026-09-29 10:15,956.3,958.6,956.2,957.9,259589
2026-09-29 10:30,958.0,958.2,955.0,957.0,668450
2026-09-29 10:45,956.5,957.8,955.0,957.4,931098
2026-09-29 11:00,957.4,960.3,956.2,959.5,621154
2026-09-29 11:15,959.2,960.6,959.0,959.9,338226
2026-09-29 11:30,959.9,961.7,959.8,961.3,478518
2026-09-29 11:45,961.0,961.3,959.3,960.8,406493
2026-09-29 12:00,960.6,963.3,960.1,962.5,478774
2026-09-29 12:15,962.2,963.0,957.7,958.4,267351
2026-09-29 12:30,958.3,959.2,955.2,957.9,812902
2026-09-29 12:45,957.7,960.7,957.7,960.2,412750
2026-09-29 13:00,960.5,960.7,957.3,957.6,617211
2026-09-29 13:15,957.6,958.5,956.5,956.6,1370578
2026-09-29 13:30,956.5,957.3,953.9,956.1,4291607
2026-09-29 13:45,956.1,957.5,955.8,956.9,317541
2026-09-29 14:00,956.9,958.6,955.8,957.3,363519
2026-09-29 14:15,956.7,957.8,956.1,956.9,451908
2026-09-29 14:30,957.0,960.2,956.6,959.1,394661
2026-09-29 14:45,959.1,963.4,958.2,962.5,1049862
2026-09-29 15:00,962.9,966.2,962.4,964.7,6785258
2026-09-30 09:15,966.0,969.5,963.2,966.6,449049
2026-09-30 09:30,965.8,966.3,963.5,966.3,404976
2026-09-30 09:45,966.8,969.3,966.8,966.9,289790
2026-09-30 10:00,966.8,969.2,965.7,969.2,285979
2026-09-30 10:15,969.2,969.5,967.2,968.9,242846
2026-09-30 10:30,969.0,971.2,967.2,969.4,342588
2026-09-30 10:45,969.3,971.9,968.3,968.6,171998
2026-09-30 11:00,968.5,971.2,968.5,969.1,136690
2026-09-30 11:15,969.1,969.5,967.0,968.7,153529
2026-09-30 11:30,968.8,970.6,968.0,968.6,106316
2026-09-30 11:45,968.6,969.7,968.0,968.5,100150
2026-09-30 12:00,968.6,968.6,966.8,967.7,152367
2026-09-30 12:15,967.5,970.8,967.0,969.4,350004
2026-09-30 12:30,969.4,972.8,969.4,970.8,348648
2026-09-30 12:45,970.8,972.6,970.2,970.7,242586
2026-09-30 13:00,970.5,971.3,970.2,971.0,179017
2026-09-30 13:15,971.0,971.7,970.6,970.7,186145
2026-09-30 13:30,971.1,971.9,967.5,968.0,364787
2026-09-30 13:45,968.0,969.7,967.5,968.6,242448
2026-09-30 14:00,968.7,968.8,967.2,967.3,179346
2026-09-30 14:15,967.3,967.6,964.0,964.3,276363
2026-09-30 14:30,964.3,964.8,961.6,962.6,263720
2026-09-30 14:45,962.7,963.8,962.3,962.7,455062
2026-09-30 15:00,962.7,963.5,960.4,963.0,702208
2026-09-30 15:15,963.0,963.0,959.5,959.5,920757
2026-10-01 09:15,954.55,960.5,954.55,959.95,241860
2026-10-01 09:30,959.95,963.8,959.9,963.5,278211
2026-10-01 09:45,963.2,964.35,961.7,963.9,179636
2026-10-01 10:00,964.0,965.35,961.8,961.9,186502
2026-10-01 10:15,961.9,963.0,959.75,962.15,230647
2026-10-01 10:30,962.2,964.7,961.95,962.15,147185
2026-10-01 10:45,962.1,963.7,960.9,963.15,226681
2026-10-01 11:00,963.2,963.5,961.9,962.2,145499
2026-10-01 11:15,962.15,962.7,960.7,962.5,235025
2026-10-01 11:30,962.5,963.45,961.0,962.9,303633
2026-10-01 11:45,962.85,963.4,961.9,963.0,166036
2026-10-01 12:00,962.9,963.15,960.05,960.95,213610
2026-10-01 12:15,960.95,961.95,956.6,957.35,278921
2026-10-01 12:30,957.35,958.45,956.1,956.15,232449
2026-10-01 12:45,956.1,956.1,950.4,950.85,331145
2026-10-01 13:00,950.8,954.55,950.2,953.6,194213
2026-10-01 13:15,953.55,953.55,950.7,951.6,149794
2026-10-01 13:30,951.65,953.4,947.4,948.15,312368
2026-10-01 13:45,948.35,950.25,946.15,947.9,281852
2026-10-01 14:00,947.9,951.0,945.9,950.55,309881
2026-10-01 14:15,950.5,951.25,948.6,951.15,195580
2026-10-01 14:30,951.05,951.8,950.05,951.15,257185
2026-10-01 14:45,951.05,956.1,950.25,954.95,407294
2026-10-01 15:00,954.95,957.85,953.5,956.4,1054455
2026-10-01 15:15,956.8,956.8,954.1,954.1,410749
