requirement,implementation,function,test,artifact,verification,status_forensic_20261007,status,test_after,verification_after
Frozen protocol cannot change unnoticed,src/stage3/protocol.py,verify_protocol,test_h_runner_refuses_a_changed_protocol_or_registry_record; test_protocol_file_matches_the_frozen_hash_and_constants,docs/research/phase3a_momentum_protocol.md,hash recomputed in audit; mutation killed,PASS,PASS,test_h_runner_refuses_a_changed_protocol_or_registry_record; test_protocol_file_matches_the_frozen_hash_and_constants,hash recomputed in audit; mutation killed
Nothing after 2026-09-30 is read by research code,src/access.py; src/stage3/data.py; src/stage2/*,"_cut, load_ret, build (x4), parse, fetch",test_g_cutoffs_*; test_post_cutoff_row_refused; test_cutoff_enforced; access-boundary AST scan,-,mutations killed (cutoff guard off x3),PASS,PASS,test_g_cutoffs_*; test_post_cutoff_row_refused; test_cutoff_enforced; access-boundary AST scan,mutations killed (cutoff guard off x3)
Point-in-time universe (63-session liquidity ending t),src/stage2/universe.py,build,test_decision_on_t_identical_with_full_or_truncated_data; test_future_high_volume_*,univ1_pit_universe.parquet 2abf457a,"hash; mutation: future-shift killed, 63->64 and mean-vs-median survive",PARTIAL,PASS,tests/test_s2mom_mutation_kills.py::test_univ1_liquidity_window_is_63_sessions_and_needs_50_valid_ones; ::test_univ1_liquidity_is_the_median_not_the_mean,"mutations 63->64, 50->49, mean-vs-median now killed"
Point-in-time identity (links effective <= t),src/stage2/universe.py,_components,test_future_symbol_not_used_before_its_effective_date,UNIV-1,mutation 'identity links from the future' SURVIVES; real data pinned by hash,PARTIAL,PASS,tests/test_stage2_universe.py::test_decision_on_t_identical_with_full_or_truncated_data,the surviving mutation is an equivalent mutant (proof in MUTATION_FINAL_REPORT.md)
Delisted companies stay in the universe,src/stage2/universe.py; src/stage3/ladder.py,build; universes,test_future_delisting_does_not_remove_prior_membership; test_e_*,UNIV-1,tests; hash,PASS,PASS,test_future_delisting_does_not_remove_prior_membership; test_e_*,tests; hash
"Survivor pool P = ACTIVE_AT_CUTOFF (steps A, B)",src/stage3/data.py,identity,test_identity_refuses_a_grouping_mismatch; ladder world tests,research/identity.csv,mutation killed,PASS,PASS,test_identity_refuses_a_grouping_mismatch; ladder world tests,mutation killed
Step A list fixed at T*,src/stage3/ladder.py,universes,test_steps_a_b_c_universe_definitions,primary/universes.csv,mutation killed; build assert,PASS,PASS,test_steps_a_b_c_universe_definitions,mutation killed; build assert
"Formation = (m12, m1], 12-1 with one skipped month",src/stage3/ladder.py; protocol.py,calendar; run_ladder,test_formation_is_12_1_*; test_calendar_*,*_monthly.csv,independent recomputation; mutations killed,PASS,PASS,test_formation_is_12_1_*; test_calendar_*,independent recomputation; mutations killed
"Trade one session after selection; hold (s+, s++]",src/stage3/ladder.py,calendar; _hold,test_calendar_dates_and_delayed_entry,*_monthly.csv,independent recomputation; naive rule killed; research-grade exit-session mutation SURVIVES,PARTIAL,PASS,tests/test_s2mom_mutation_kills.py::test_golden_sensitivity_of_step_d_to_each_boundary,exit-session mutations (naive and research-grade) killed; independent recomputation
"Breakpoints k = floor(0.30 n + 0.5), ties by entity id",src/stage3/ladder.py,sort_portfolios; ranking,test_breakpoint_rule; test_ties_break_by_entity_ascending,*_holdings.csv,mutations killed,PASS,PASS,test_breakpoint_rule; test_ties_break_by_entity_ascending,mutations killed
Equal weights; benchmark = all rankable,src/stage3/ladder.py,run_ladder,placebo test; holdings test,*_holdings.csv,independent recomputation; median mutation killed,PASS,PASS,placebo test; holdings test,independent recomputation; median mutation killed
WML = W - L; delta = WML_A - WML_D in percent,src/stage3/ladder.py,run_ladder; paired_delta,test_paired_delta_*,*_delta.csv,independent recomputation; delta mutations killed; 'WML = W + L' SURVIVES,PARTIAL,PASS,tests/test_s2mom_mutation_kills.py::test_golden_monthly_returns_of_every_step_by_hand; ::test_golden_delta_is_wml_a_minus_wml_d_in_percent,'WML = W + L' killed; identity checked on the registered files
Step D uses research-grade returns only; span days excluded,src/stage3/ladder.py,wide; _hold,test_step_d_*,*_monthly.csv,independent recomputation; 'raw on every row' mutation SURVIVES,PARTIAL,PASS,tests/test_s2mom_mutation_kills.py::test_golden_step_d_uses_research_returns_never_raw,raw-return mutations killed (fixture has raw != adjusted)
Neutral fill for a flagged holding day (section 20b),src/stage3/ladder.py,_hold,test_step_d_neutral_fill_*,*_events.csv,mutation killed,PASS,PASS,test_step_d_neutral_fill_*,mutation killed
Delisting rule section 22 (0 % / -30 %; gap return booked once),src/stage3/ladder.py; data.py,_hold; identity,test_delisting_rule_*; test_section_22_*,*_events.csv,mutations killed; independent recomputation,PASS,PASS,test_delisting_rule_*; test_section_22_*,mutations killed; independent recomputation
Missing price stops the run (B1.2),src/stage3/ladder.py,wide,none,-,mutation SURVIVES; registered data has no such row,PARTIAL,PASS,tests/test_s2mom_mutation_kills.py::test_missing_price_in_the_panel_stops_the_run,mutation killed
"Input values are finite, unique and classified",src/stage3/ladder.py,wide,none,research/panel.parquet,audit check on registered data only (F-07),MISSING,PASS,tests/test_failure_injection.py (43 value attacks),"integrity.validate_stage3, outside frozen code; frozen wide() itself unchanged (F-07)"
Stage 3 inputs are the hashed ones,src/stage3/data.py,load_inputs; load_ret; load_univ,none (0 % coverage),manifest.json,three hash-check mutations SURVIVE; manifest unanchored (F-02),PARTIAL,PASS,tests/test_provenance_chain.py; tests/test_s2mom_mutation_kills.py::test_load_inputs_refuses_a_stage3_file_that_differs_from_the_manifest,manifest anchored in the registry; three loader hash-check mutations killed
"Newey-West test, Bartlett kernel, lag floor(4(T/100)^(2/9)), normal reference",src/stage3/stats.py; protocol.py,newey_west_lrv; mean_test,test_newey_west_matches_statsmodels; test_primary_p_value_*,*_results.json,recomputed with statsmodels in audit; mutations killed,PASS,PASS,test_newey_west_matches_statsmodels; test_primary_p_value_*,recomputed with statsmodels in audit; mutations killed
"Stationary bootstrap, 10,000 resamples, null-centred, two-sided, fixed seed",src/stage3/stats.py; src/intraday/inference.py,bootstrap_test,test_bootstrap_is_seeded_two_sided_and_null_centred,primary_results.json,centring killed; one-sided count SURVIVES,PARTIAL,PASS,tests/test_s2mom_mutation_kills.py::test_bootstrap_p_value_counts_both_tails; ::test_bootstrap_seed_and_configuration_are_the_registered_ones,one-sided mutation killed; resampler not independently re-implemented (N-04)
Section 27 decision labels,src/stage3/experiment.py,analyse,none that distinguishes the labels,primary_results.json,mutation SURVIVES,PARTIAL,PASS,tests/test_s2mom_mutation_kills.py::test_h1_decision_table,12-row table; flipped-threshold mutation killed; reading of one cell awaits a ruling (F-22)
Blinded precision step shows no location,src/stage3/stats.py; experiment.py,blinded_precision; blinded,test_blinded_precision_reveals_no_location; test_blinded_step_outputs_*,blinded_precision.json,tests; delta hash equals registered delta,PASS,PASS,test_blinded_precision_reveals_no_location; test_blinded_step_outputs_*,tests; delta hash equals registered delta
"Primary before confirmation, same code hash",scripts/run_s2_mom.py,main,gate-order test covers the earlier gates only,registry provenance,code hashes equal in registry; mutation SURVIVES,PARTIAL,PASS,tests/test_s2mom_mutation_kills.py::test_confirmation_requires_a_registered_primary_run_with_the_same_code,mutation killed; reproduction checks the registered code hashes are equal
Each mode runs once; nothing is overwritten,scripts/run_s2_mom.py; run_s2_mom_step_e.py; run_s2_mom_c2.py,_write; run,step E and C2: tested. Main runner: none,results/,main-runner mutation SURVIVES; step E mutation killed,PARTIAL,PASS,tests/test_s2mom_mutation_kills.py::test_each_mode_runs_once_an_existing_output_is_never_overwritten; tests/test_registry_state_machine.py::test_the_frozen_runners_can_no_longer_re_register_a_run,mutation killed; registry refuses re-registration
Pre-run leakage checks pass on real data before any result,src/stage3/experiment.py; run_s2_mom.py,pre_run_checks; _passed,test_pre_run_checks_*,checks/pre_run_checks_*.json,files unanchored (F-12); narrower than B2 (F-13),PARTIAL,PARTIAL,tests/test_provenance_chain.py; reproduction step 5,"check files now anchored (F-12 fixed); still narrower than protocol B2 (F-13, report-only)"
Stage 2 rebuild passes 150 of 150 before the study,scripts/build_stage2.py; run_s2_mom.py,main,gate tested on the integer only,stage2_rebuild_20261005.log,hand-registered (F-12); not rerun in audit,PARTIAL,PARTIAL,reproduction step 5 (recounts the anchored log),log anchored and recounted; rebuild not rerun (stop condition)
Costs: dated rates in force on the trade date,src/stage3/step_e.py,period; order_cost; cost_ledger,tests/test_s2mom_step_e*.py; test_s2mom_cost_schedule.py,*_step_e_ledger.csv,independent recomputation; boundary mutation killed; 'rate at exit date' SURVIVES,PARTIAL,PASS,tests/test_s2mom_mutation_kills.py::test_step_e_rates_are_the_ones_in_force_on_the_entry_session_not_the_exit,'rate at exit date' killed; independent recomputation
"Cost components, tax base, brokerage cap, depository charge",src/stage3/step_e.py,order_cost,hand-calculation tests,ledger,mutations killed; independent recomputation,PASS,PASS,hand-calculation tests,mutations killed; independent recomputation
Slippage scenarios and bands,src/stage3/step_e.py; protocol.py,band; cost_ledger,scenario tests,ledger,mutations killed,PASS,PASS,scenario tests,mutations killed
"Notional Rs 1 crore at every rebalance, no compounding",src/stage3/step_e.py,cost_ledger,test_notional_is_never_compounded,ledger,test,PASS,PASS,test_notional_is_never_compounded,test
No cost is ever set to zero,src/stage3/step_e.py,net_returns,none for a missing month,*_step_e_monthly.csv,fillna(0) present (F-17); non-occurrence verified,CONTRADICTED,PARTIAL,tests/test_failure_injection.py::test_step_e_validation_refuses_zero_missing_or_non_finite_costs,"frozen fillna(0) remains (F-17, report-only); zero costs rejected from outside; none in the registered files"
H4 only if H3 supported; S0; one-sided,src/stage3/step_e.py,summarise; one_sided_test,test_h4_and_break_even_*,step_e_results.json,recomputed; mutation killed,PASS,PASS,test_h4_and_break_even_*,recomputed; mutation killed
Holm and Benjamini-Hochberg adjustments,scripts/run_s2_mom_c2.py,holm; bh,test_holm_and_bh_known_values,c2_results.json,mutations killed,PASS,PASS,test_holm_and_bh_known_values,mutations killed
Registered artifacts cannot change unnoticed,registry; tests; research_view,files_sha256,test_registered_*; test_research_view_flags_a_changed_file,results/*,all hashes recomputed in audit,PASS,PASS,test_registered_*; test_research_view_flags_a_changed_file,all hashes recomputed in audit
Registered artifacts cannot be lost,git,-,none,-,untracked (F-01),MISSING,PARTIAL,tests/test_version_control.py; tests/test_release_archive.py,"staged + archive manifest + guard; commit, push and off-laptop copy still to do (F-01 OPEN)"
Registry is append-only with valid state transitions,src/registry/experiments.py,amend; current,none,registry/experiments.jsonl,attack script (F-03),CONTRADICTED,PASS,tests/test_registry_state_machine.py (233),"state machine, chain, pinned history (F-03 fixed)"
Every run is in the trial log,src/registry/experiments.py; runners,log_trial,none,registry/trials.jsonl,"env switch and crash window (F-08, F-11)",PARTIAL,PASS,tests/test_registry_state_machine.py::test_trial_log_cannot_be_silenced_outside_the_test_suite; reproduction step 3,env switch closed (F-11); exactly five registered runs required; frozen crash window remains for future studies (F-08)
ORB holdout rows need a committed authorization,src/access.py; src/intraday/data.py,holdout_authorized; load_intraday,tests/test_access_boundary.py (23 tests),-,tests; mutation killed,PASS,PASS,tests/test_access_boundary.py (23 tests),tests; mutation killed
ORB frozen methodology unchanged,tests/test_access_boundary.py,FROZEN_SHA256,test_frozen_orb_methodology_unchanged (15 files),-,hash,PASS,PASS,test_frozen_orb_methodology_unchanged (15 files),hash
Runs are deterministic,all,-,test_deterministic; test_deterministic_and_independent_of_row_order,-,audit recomputation bit-level on this machine; cross-machine UNVERIFIED,PARTIAL,PARTIAL,tests/test_reproduction.py,tolerance 1e-9 in the registered interpreter and in a rebuilt Conda environment (last digits differ between the two); second machine not demonstrated (N-01)
Environment of each run is recorded,src/registry/experiments.py,environment,none,registry,scipy/pyarrow missing (F-06),PARTIAL,PASS,tests/test_environment.py,"pinned, anchored, verified (F-06 fixed); historical run blocks keep their gap, disclosed"
Reproduction from a clean environment is documented,REPRODUCIBILITY.md,-,-,-,no Stage 3 procedure (F-28),MISSING,PASS,tests/test_reproduction.py::test_reproduction_command_in_a_clean_process,documented and executable; PASS in a clean process and in a clean Conda environment; one machine only (N-01)
Manuscript numbers come only from registered files,docs/manuscript/s2_mom_v1/build_manuscript.py,val; checks,its own 699 checks,manuscript.*,not re-audited,UNVERIFIED,PASS,tests/test_manuscript_verification.py,565 numbers re-read from registered files; one disclosure flag (N-02)
Stage 3 manifest is anchored in the registry,src/registry/integrity.py,verify_stage3,-,registry line 59,-,MISSING,PASS,tests/test_provenance_chain.py,24 adversarial tests; failure injection
Every external (git-ignored) research file has a content hash and immutable provenance,scripts/release_archive.py,"build_manifest, verify, pack, materialize",-,release/s2_mom_v1/ARCHIVE_MANIFEST.json,-,MISSING,PASS,tests/test_release_archive.py; tests/test_version_control.py,"5,637 files; cross-checked against two independent manifests"
Registered results are independently reproducible by one command,scripts/reproduce_s2_mom_v1.py,main,-,docs/audit/remediation/reproduction_report.json,-,MISSING,PASS,tests/test_reproduction.py,"PASS; 8,257 numbers; largest difference 6.7e-14; sensitivity not recomputed (N-04)"
Frozen research files are byte-identical to the registered state,scripts/audit_snapshot.py,verify,-,docs/audit/remediation/pre_remediation_snapshot.json,-,-,PASS,tests/test_frozen_code.py,"6,299 frozen files identical; 37 code files pinned by test"
Corrupted research inputs fail closed,src/registry/integrity.py; scripts/reproduce_s2_mom_v1.py,"verify_stage3, validate_stage3, validate_monthly, validate_step_e",-,docs/audit/remediation/failure_injection_results.json,-,PARTIAL,PASS,tests/test_failure_injection.py,"113 attacks: 112 rejected, 1 shown harmless, 0 silently accepted"
