segment_id,flag,detail
MON100|INF247L01AP3|1,SYMBOL_CHANGE_ISIN_CONFLICT,N100->MON100 2021-06-16 INF247L01031!=INF247L01AP3
SURANASOL|INE272L01022|1,SYMBOL_CHANGE_ISIN_CONFLICT,SURANAVEL->SURANASOL 2014-11-19 INE272L01014!=INE272L01022
ABSLBANETF|INF209KB17D5|1,ISIN_CHANGE_UNEXPLAINED,INF209KB1O58->INF209KB17D5 at 2021-11-26
ABSLNN50ET|INF209KB16D7|1,ISIN_CHANGE_UNEXPLAINED,INF209KB1B87->INF209KB16D7 at 2021-11-26
ALANKIT|INE914E01040|1,ISIN_CHANGE_UNEXPLAINED,INE914E01032->INE914E01040 at 2016-12-16
ALPL30IETF|INF109KC17V7|1,ISIN_CHANGE_UNEXPLAINED,INF109KC1N59->INF109KC17V7 at 2024-05-10
AUTOIETF|INF109KC10V2|1,ISIN_CHANGE_UNEXPLAINED,INF109KC1Y49->INF109KC10V2 at 2024-03-01
AXISGOLD|INF846K01W80|1,ISIN_CHANGE_UNEXPLAINED,INF846K01347->INF846K01W80 at 2020-07-27
AXISNIFTY|INF846K01W98|1,ISIN_CHANGE_UNEXPLAINED,INF846K01ZL0->INF846K01W98 at 2020-07-27
BANKBEES|INF204KB15I9|1,ISIN_CHANGE_UNEXPLAINED,INF732E01078->INF204KB15I9 at 2019-12-20
BANKNIFTY1|INF174KA1ZB7|1,ISIN_CHANGE_UNEXPLAINED,INF174K01F59->INF174KA1ZB7 at 2026-02-27
BHAGERIA|INE354C01027|1,ISIN_CHANGE_UNEXPLAINED,INE354C01019->INE354C01027 at 2016-10-27
BSLGOLDETF|INF209KB18D3|1,ISIN_CHANGE_UNEXPLAINED,INF209K01HT2->INF209KB18D3 at 2021-11-26
BSLNIFTY|INF209KB19D1|1,ISIN_CHANGE_UNEXPLAINED,INF209K01IR4->INF209KB19D1 at 2021-11-26
BSLSENETFG|INF209KB10E8|1,ISIN_CHANGE_UNEXPLAINED,INF209KB1119->INF209KB10E8 at 2021-11-26
CAPLIPOINT|INE475E01026|1,ISIN_CHANGE_UNEXPLAINED,INE475E01018->INE475E01026 at 2016-10-20
CGCL|INE180C01026|1,ISIN_CHANGE_UNEXPLAINED,INE180C01018->INE180C01026 at 2016-11-24
CONS|INF174KA1ZF8|1,ISIN_CHANGE_UNEXPLAINED,INF174KA1JE5->INF174KA1ZF8 at 2026-02-27
DAAWAT|INE818H01020|1,ISIN_CHANGE_UNEXPLAINED,INE818H01012->INE818H01020 at 2017-02-08
FMCGIETF|INF109KC19V3|1,ISIN_CHANGE_UNEXPLAINED,INF109KC1R48->INF109KC19V3 at 2024-05-10
GOLDADD|INF740KA1ZP2|1,ISIN_CHANGE_UNEXPLAINED,INF740KA1SW3->INF740KA1ZP2 at 2026-08-28
GOLDBEES|INF204KB17I5|1,ISIN_CHANGE_UNEXPLAINED,INF732E01102->INF204KB17I5 at 2019-12-20
GOLDSHARE|INF789F1AUX7|1,ISIN_CHANGE_UNEXPLAINED,INF789F01059->INF789F1AUX7 at 2021-03-26
GROWWGOLD|INF666M01OE7|1,ISIN_CHANGE_UNEXPLAINED,INF666M01IW1->INF666M01OE7 at 2026-02-06
GROWWSLVR|INF666M01OF4|1,ISIN_CHANGE_UNEXPLAINED,INF666M01LA1->INF666M01OF4 at 2026-02-06
GULPOLY|INE255D01024|1,ISIN_CHANGE_UNEXPLAINED,INE255D01016->INE255D01024 at 2016-12-28
HDFCLIQUID|INF179KC1JG3|1,ISIN_CHANGE_UNEXPLAINED,INF179KC1HE2->INF179KC1JG3 at 2025-02-28
HDFCLOWVOL|INF179KC1HU8|1,ISIN_CHANGE_UNEXPLAINED,INF179KC1DN2->INF179KC1HU8 at 2023-10-20
HDFCMFGETF|INF179KC1981|1,ISIN_CHANGE_UNEXPLAINED,INF179K01CN1->INF179KC1981 at 2021-02-19
HDFCMID150|INF179KC1HT0|1,ISIN_CHANGE_UNEXPLAINED,INF179KC1FA4->INF179KC1HT0 at 2023-10-20
HDFCMOMENT|INF179KC1HV6|1,ISIN_CHANGE_UNEXPLAINED,INF179KC1DM4->INF179KC1HV6 at 2023-10-20
HDFCNEXT50|INF179KC1HS2|1,ISIN_CHANGE_UNEXPLAINED,INF179KC1DA9->INF179KC1HS2 at 2023-10-20
HDFCNIF100|INF179KC1HR4|1,ISIN_CHANGE_UNEXPLAINED,INF179KC1DB7->INF179KC1HR4 at 2023-10-20
HDFCNIFBAN|INF179KC1HY0|1,ISIN_CHANGE_UNEXPLAINED,INF179KC1AN8->INF179KC1HY0 at 2024-02-02
HDFCNIFETF|INF179KC1965|1,ISIN_CHANGE_UNEXPLAINED,INF179KB1KP3->INF179KC1965 at 2021-02-19
HDFCNIFIT|INF179KC1IA8|1,ISIN_CHANGE_UNEXPLAINED,INF179KC1DX1->INF179KC1IA8 at 2024-02-02
HDFCPVTBAN|INF179KC1HZ7|1,ISIN_CHANGE_UNEXPLAINED,INF179KC1DW3->INF179KC1HZ7 at 2024-02-02
HDFCSENETF|INF179KC1973|1,ISIN_CHANGE_UNEXPLAINED,INF179KB1KQ1->INF179KC1973 at 2021-02-19
HDFCSENSEX|INF179KC1HX2|1,ISIN_CHANGE_UNEXPLAINED,INF179KC1973->INF179KC1HX2 at 2024-02-02
HEALTHADD|INF740KA1ZG1|1,ISIN_CHANGE_UNEXPLAINED,INF740KA1UF4->INF740KA1ZG1 at 2026-07-03
HNGSNGBEES|INF204KB19I1|1,ISIN_CHANGE_UNEXPLAINED,INF732E01227->INF204KB19I1 at 2019-12-20
ICICI500|INF109KC1V59|1,ISIN_CHANGE_UNEXPLAINED,INF109KC1CZ3->INF109KC1V59 at 2021-10-29
ICICIBANKN|INF109KC15I8|1,ISIN_CHANGE_UNEXPLAINED,INF109KC1E27->INF109KC15I8 at 2022-09-02
ICICIGOLD|INF109KC1NT3|1,ISIN_CHANGE_UNEXPLAINED,INF109KB1WF4->INF109KC1NT3 at 2018-11-16
ICICINXT50|INF109KC1NS5|1,ISIN_CHANGE_UNEXPLAINED,INF109KC1JI4->INF109KC1NS5 at 2018-11-16
ICICITECH|INF109KC16I6|1,ISIN_CHANGE_UNEXPLAINED,INF109KC1N67->INF109KC16I6 at 2022-09-02
ICIL|INE483B01026|1,ISIN_CHANGE_UNEXPLAINED,INE483B01018->INE483B01026 at 2016-11-15
IGOLD|INF109KB1WF4|1,ISIN_CHANGE_UNEXPLAINED,INF109K01FV4->INF109KB1WF4 at 2016-06-10
IVZINGOLD|INF205KA1BP1|1,ISIN_CHANGE_UNEXPLAINED,INF205K01361->INF205KA1BP1 at 2026-04-30
IVZINNIFTY|INF205KA1CC7|1,ISIN_CHANGE_UNEXPLAINED,INF205K01DA9->INF205KA1CC7 at 2026-07-31
JSWSTEEL|INE019A01038|1,ISIN_CHANGE_UNEXPLAINED,INE019A01020->INE019A01038 at 2017-01-05
KARURVYSYA|INE036D01028|1,ISIN_CHANGE_UNEXPLAINED,INE036D01010->INE036D01028 at 2016-11-18
KNRCON|INE634I01029|1,ISIN_CHANGE_UNEXPLAINED,INE634I01011->INE634I01029 at 2016-12-14
KOTAKGOLD|INF373I01049|1,ISIN_CHANGE_UNEXPLAINED,INF373I01015->INF373I01049 at 2015-04-15
KOTAKGOLD|INF174KA1HJ8|1,ISIN_CHANGE_UNEXPLAINED,INF373I01049->INF174KA1HJ8 at 2021-07-23
KOTAKNIFTY|INF174K014P6|1,ISIN_CHANGE_UNEXPLAINED,INF174K01518->INF174K014P6 at 2017-07-28
KPRMILL|INE930H01023|1,ISIN_CHANGE_UNEXPLAINED,INE930H01015->INE930H01023 at 2016-11-30
LICMFGOLD|INF767K01SM1|1,ISIN_CHANGE_UNEXPLAINED,INF397L01554->INF767K01SM1 at 2026-03-06
LOWVOLIETF|INF109KC19U5|1,ISIN_CHANGE_UNEXPLAINED,INF109KB10T8->INF109KC19U5 at 2024-03-01
M50|INF247L01536|1,ISIN_CHANGE_UNEXPLAINED,INF247L01015->INF247L01536 at 2014-10-17
MIDCAP|INF174KA1ZC5|1,ISIN_CHANGE_UNEXPLAINED,INF174KA1IB3->INF174KA1ZC5 at 2026-02-27
MIDCAPIETF|INF109KC11W8|1,ISIN_CHANGE_UNEXPLAINED,INF109KC1G82->INF109KC11W8 at 2024-05-10
MIDQ50ADD|INF740KA1ZF3|1,ISIN_CHANGE_UNEXPLAINED,INF740KA1QL0->INF740KA1ZF3 at 2026-07-03
MIDSELIETF|INF109KC10W0|1,ISIN_CHANGE_UNEXPLAINED,INF109KB1XT3->INF109KC10W0 at 2024-05-10
MOLOWVOL|INF247L01BL0|1,ISIN_CHANGE_UNEXPLAINED,INF247L01BA3->INF247L01BL0 at 2022-08-12
MOMOMENTUM|INF247L01BK2|1,ISIN_CHANGE_UNEXPLAINED,INF247L01AX7->INF247L01BK2 at 2022-08-12
MON100|INF247L01AP3|1,ISIN_CHANGE_UNEXPLAINED,INF247L01031->INF247L01AP3 at 2021-06-18
NETFNV20|INF204KB18I3|1,ISIN_CHANGE_UNEXPLAINED,INF204KA17D8->INF204KB18I3 at 2019-12-20
NIF100IETF|INF109KC16V9|1,ISIN_CHANGE_UNEXPLAINED,INF109KA1962->INF109KC16V9 at 2024-05-10
NIFTYBEES|INF204KB14I2|1,ISIN_CHANGE_UNEXPLAINED,INF732E01011->INF204KB14I2 at 2019-12-20
NV20|INF174KA1ZE1|1,ISIN_CHANGE_UNEXPLAINED,INF174K01Z71->INF174KA1ZE1 at 2026-02-27
NV20IETF|INF109KC11V0|1,ISIN_CHANGE_UNEXPLAINED,INF109KB1WY5->INF109KC11V0 at 2024-03-01
PSUBANK|INF174KA1A86|1,ISIN_CHANGE_UNEXPLAINED,INF373I01023->INF174KA1A86 at 2026-07-10
PSUBNKBEES|INF204KB16I7|1,ISIN_CHANGE_UNEXPLAINED,INF732E01110->INF204KB16I7 at 2019-12-20
PVTBANIETF|INF109KC18U7|1,ISIN_CHANGE_UNEXPLAINED,INF109KC1E35->INF109KC18U7 at 2024-03-01
QGOLDHALF|INF082J01408|1,ISIN_CHANGE_UNEXPLAINED,INF082J01010->INF082J01408 at 2021-12-17
QNIFTY|INF082J01499|1,ISIN_CHANGE_UNEXPLAINED,INF082J01028->INF082J01499 at 2026-02-13
QUAL30IETF|INF109KC18V5|1,ISIN_CHANGE_UNEXPLAINED,INF109KC15T5->INF109KC18V5 at 2024-05-10
SETFGOLD|INF200KA16D8|1,ISIN_CHANGE_UNEXPLAINED,INF200K01099->INF200KA16D8 at 2022-01-07
SILVER1|INF174KA1ZD3|1,ISIN_CHANGE_UNEXPLAINED,INF174KA1KU9->INF174KA1ZD3 at 2026-02-27
SILVERADD|INF740KA1ZQ0|1,ISIN_CHANGE_UNEXPLAINED,INF740KA1RE3->INF740KA1ZQ0 at 2026-08-28
SOLARINDS|INE343H01029|1,ISIN_CHANGE_UNEXPLAINED,INE343H01011->INE343H01029 at 2016-07-14
SPYL|INE268L01020|1,ISIN_CHANGE_UNEXPLAINED,INE268L01012->INE268L01020 at 2013-04-12
STERTOOLS|INE334A01023|1,ISIN_CHANGE_UNEXPLAINED,INE334A01015->INE334A01023 at 2017-01-10
TIDEWATER|INE484C01022|1,ISIN_CHANGE_UNEXPLAINED,INE484C01014->INE484C01022 at 2016-03-17
UTIBANKETF|INF789F1AUV1|1,ISIN_CHANGE_UNEXPLAINED,INF789F1AUN8->INF789F1AUV1 at 2021-02-19
UTINEXT50|INF789F1AUW9|1,ISIN_CHANGE_UNEXPLAINED,INF789FC1N82->INF789F1AUW9 at 2021-03-26
UTINIFTETF|INF789F1AZC0|1,ISIN_CHANGE_UNEXPLAINED,INF789FB1X41->INF789F1AZC0 at 2023-09-25
UTISXN50|INF789F1AUU3|1,ISIN_CHANGE_UNEXPLAINED,INF789F1AHR6->INF789F1AUU3 at 2021-02-19
VIJIFIN|INE159N01027|1,ISIN_CHANGE_UNEXPLAINED,INE159N01019->INE159N01027 at 2016-10-26
YESBANK|INE528G01035|1,ISIN_CHANGE_UNEXPLAINED,INE528G01027->INE528G01035 at 2020-03-16
