file,sha256,bytes,source_class,publication_or_capture_date,retrieved,url,description
CSE_notice_SEBI_turnover_fees_2019.htm,99ebdca9a5ce4ceeccfece0e68bf80b341862a2dbacec5b509a5fcdc5838cccc,131101,OFFICIAL (exchange notice reproducing the SEBI notification),2019-04-03,2026-10-05,https://www.cse-india.com/upload/cse_notice/REVISED_SEBI_TURNOVER_FEES.htm,"Calcutta Stock Exchange notice, 3 Apr 2019, reproducing SEBI notification SEBI/LAD-NRO/GN/2019/03 of 22 Mar 2019: 0.00010% (Rs 10 per crore), in force from 1 Apr 2019"
GOI_FinanceBill2012_memorandum_direct_taxes.pdf,1899459535ce9a2c44b92651dd6cfc3ebf209a1c32c8354ac9e1f540c22fd862,168524,OFFICIAL,2012-03,2026-10-05,https://www.indiabudget.gov.in/budget2012-2013/ub2012-13/mem/mem1.pdf,"Memorandum to the Finance Bill 2012: delivery STT 0.125% -> 0.1%, effective 1 Jul 2012 (a proposal document; the enacted Finance Act is not archived)"
NSE_FA46225.pdf,2918e89609d1aceb3f632fc1832cfdba9699128c95091ef239df45ba079a9eb6,162946,OFFICIAL,2020-10-30,2026-10-05,https://nsearchives.nseindia.com/content/circulars/FA46225.pdf,"NSE/FA/46225, 30 Oct 2020: temporary charge structure for non-index EQ stocks, 1 Aug 2020 - 31 Mar 2021"
NSE_FA46730.pdf,a9ff85ab4deec82e02bb1e3fc213a2bbc02a72e9edb7b36cdf1568aeb792febf,149056,OFFICIAL,2020-12-18,2026-10-05,https://nsearchives.nseindia.com/content/circulars/FA46730.pdf,"NSE/FA/46730, 18 Dec 2020: slabs raised from 1 Jan 2021"
NSE_FA56129.pdf,ec260386adbcf3a0c3326d7d8b3b45b15ba693c55081fdc78fb05b83a5ee93e0,158325,OFFICIAL,2023-03-24,2026-10-05,https://nsearchives.nseindia.com/content/circulars/FA56129.pdf,"NSE/FA/56129, 24 Mar 2023: slabs lowered and IPFT contribution raised from Rs 0.01 to Rs 10 per crore, effective 1 Apr 2023"
NSE_FA61137.pdf,e01c5b6c76d29d559bc7f559758c99cb289ec44a88e3f89d5e46b8c2c360e0ac,99440,OFFICIAL,2024-03-14,2026-10-05,https://nsearchives.nseindia.com/content/circulars/FA61137.pdf,"NSE/FA/61137, 14 Mar 2024: slabs lowered, effective 1 Apr 2024"
NSE_FA64232.pdf,85b816208f33bdd1c6c0d827b1ba996aba1fe08fe883a6d31c6a2c0ad55304a4,104198,OFFICIAL,2024-09-27,2026-10-05,https://nsearchives.nseindia.com/content/circulars/FA64232.pdf,"NSE/FA/64232, 27 Sep 2024: uniform Rs 2.97 per lakh, effective 1 Oct 2024"
NSE_FAAC13028_20090907.pdf,5c018e6a880fccbb9d9c818a7829357a3e2e4d7a4ddbb8928de96cec92b001e4,52988,OFFICIAL,2009-09-07,2026-10-05,https://archives.nseindia.com/content/circulars/faac13028.pdf,"NSE/F&A/13028, 7 Sep 2009: cash-market transaction charge slabs, effective 1 Oct 2009"
NSE_FATAX63809.pdf,e72218a4aaffccfc5ea485c714bf83d019c2bb0a5ebb4724029552b0cd7fc31f,274242,OFFICIAL,2024-09-09,2026-10-05,https://nsearchives.nseindia.com/content/circulars/FATAX63809.pdf,"NSE/FATAX/63809, 9 Sep 2024: STT rate table (delivery 0.1% purchaser and seller, no change)"
NSE_FATAX73524.pdf,f4cbd1f917f88dcb9d59b95e0e9ef8bbb98017edbbdd16669a3d40776416a9f6,358718,OFFICIAL,2026-03-31,2026-10-05,https://nsearchives.nseindia.com/content/circulars/FATAX73524.pdf,"NSE/FATAX/73524, 31 Mar 2026: STT rate table from 1 Apr 2026 (delivery 0.1%, no change)"
NSE_static_sebi_fees_stt_page.html,a9c261eed75c44f8f0bccc129bcc5f2da091c9b71f7d6f2114ae2474a4b6ad82,326547,OFFICIAL,undated page,2026-10-05,https://www.nseindia.com/static/invest/first-time-investor-sebi-turnover-fees-stt-other-levies,"NSE page: SEBI turnover fee Rs 10 per crore, STT and stamp duty tables"
NSE_static_stamp_duty_page.html,670216ea1d4fa74d6b4c5391a99900cb3451451a8f48582a0f73bf7267600ef4,337874,OFFICIAL,undated page,2026-10-05,https://www.nseindia.com/static/invest/first-time-investor-stamp-duty-charges-taxes,NSE page: stamp duty table (delivery 0.015% buyer)
PIB_stamp_duty_PRID1635399_20200630.html,a94e6043b555ae2a101de0dbdb93d28025f8910e308b52f41794ba5f3272e936,143090,OFFICIAL,2020-06-30,2026-10-05,https://www.pib.gov.in/PressReleasePage.aspx?PRID=1635399,"Ministry of Finance press release, 30 Jun 2020: uniform stamp duty from 1 Jul 2020; earlier multiple state rates, both sides"
SEBI_board_memo_fee_relaxation_jul2020.pdf,fcc397d8893b1ff0f7abf3e221703c00bb1b4013c815807947fe2e2672eff58f,50587,OFFICIAL,2020-07,2026-10-05,https://www.sebi.gov.in/sebi_data/meetingfiles/jul-2020/1594293677017_1.pdf,"SEBI board memorandum, Jul 2020: proposal to halve broker turnover fee, Jun 2020 - Mar 2021"
SEBI_board_memo_fees_mar2019.pdf,ed3f87f2f37fb73a7267c506a8b92938e19c90d505b9a1573c35d2a4a3c90625,116112,OFFICIAL,2019-03,2026-10-05,https://www.sebi.gov.in/sebi_data/meetingfiles/mar-2019/1553244864312_1.pdf,"SEBI board memorandum, Mar 2019: fee history; proposal Rs 15 -> Rs 10 per crore"
SEBI_gazette_fees_amendment_2017.pdf,4b826aaa618929490f196d385f0b5d8d7c291b266d3ac0ac8d8de585e4302459,325398,OFFICIAL,2017-03-06,2026-10-05,https://www.sebi.gov.in/sebi_data/attachdocs/1488970004632.pdf,"Gazette, 6 Mar 2017: SEBI (Payment of Fees and Mode of Payment) (Amendment) Regulations 2017: cash segment 0.00015% (Rs 15 per crore), effective 1 Apr 2017"
SEBI_stock_brokers_amendment_regs_commondocs.pdf,6b48fde69507635593650fe63749e2e7d9d700f7f36b0afd301257c44459e27a,516823,OFFICIAL,as amended to ~2015,2026-10-05,https://www.sebi.gov.in/sebi_data/commondocs/stockbroamendregu_p.pdf,"SEBI Stock Brokers Regulations, consolidated with amendments to about 2015: fee table shows cash 0.0001% (Rs 10 per crore)"
THC_SEBI_stock_brokers_regulations_1992_consolidated.pdf,f18f452b08c71cbac3f0e7249ca64e5b475ccbefa7967d9aa6d7a1697a656236,726717,OFFICIAL (court-hosted copy),as amended to ~2021,2026-10-05,"https://thc.nic.in/Central%20Governmental%20Regulations/Securities%20&%20Exhange%20Board%20of%20India%20(Stock-Brokers)%20Regulations,1992.pdf","SEBI Stock Brokers Regulations, consolidated with footnotes to about 2021: records the 2017 table (Rs 15 per crore, w.e.f. 1 Apr 2017)"
WAYBACK_zerodha_charges_20161009084026.html,cd66fee700c77ab9520c0e0854b19b03a54dfba440117c2f4a6e8e78611981ab,24090,BROKER PRIMARY (Internet Archive capture),captured 2016-10-09,2026-10-05,https://web.archive.org/web/20161009084026id_/https://zerodha.com/charges,"Zerodha charges page as captured 2016-10-09 (some files are stored gzip-compressed, as served)"
WAYBACK_zerodha_charges_20170317010757.html,7da660e591254536f8e012b10826a6796cd64286d60afa6ebd9ead3d97f911ed,24187,BROKER PRIMARY (Internet Archive capture),captured 2017-03-17,2026-10-05,https://web.archive.org/web/20170317010757id_/https://zerodha.com/charges,"Zerodha charges page as captured 2017-03-17 (some files are stored gzip-compressed, as served)"
WAYBACK_zerodha_charges_20180822091806.html,9bdbe5edb345d217bc48b0623ca5f8a8f6e01f65e07c9be5f9e8261025800577,33755,BROKER PRIMARY (Internet Archive capture),captured 2018-08-22,2026-10-05,https://web.archive.org/web/20180822091806id_/https://zerodha.com/charges,"Zerodha charges page as captured 2018-08-22 (some files are stored gzip-compressed, as served)"
WAYBACK_zerodha_charges_20190506071501.html,0331ea42e3741704d5ead9278775c1fa61fa656df1872fffe89cad296f7a0908,35440,BROKER PRIMARY (Internet Archive capture),captured 2019-05-06,2026-10-05,https://web.archive.org/web/20190506071501id_/https://zerodha.com/charges,"Zerodha charges page as captured 2019-05-06 (some files are stored gzip-compressed, as served)"
WAYBACK_zerodha_charges_20200217130322.html,c2ff785fb4aeb646472f6354e4bd72f2b1aed5853732e412fd4cf75149e7a7ca,31418,BROKER PRIMARY (Internet Archive capture),captured 2020-02-17,2026-10-05,https://web.archive.org/web/20200217130322id_/https://zerodha.com/charges,"Zerodha charges page as captured 2020-02-17 (some files are stored gzip-compressed, as served)"
WAYBACK_zerodha_charges_20210102232152.html,b5b8a26da359ade4a0bdb8f7de788d696343f100c123834b78db9fa521d487b4,7685,BROKER PRIMARY (Internet Archive capture),captured 2021-01-02,2026-10-05,https://web.archive.org/web/20210102232152id_/https://zerodha.com/charges,"Zerodha charges page as captured 2021-01-02 (some files are stored gzip-compressed, as served)"
WAYBACK_zerodha_charges_20220117095119.html,964292b4e465a56a2099fafc9d17bb31b41ee78cb2407ce09de428adea351020,38321,BROKER PRIMARY (Internet Archive capture),captured 2022-01-17,2026-10-05,https://web.archive.org/web/20220117095119id_/https://zerodha.com/charges,"Zerodha charges page as captured 2022-01-17 (some files are stored gzip-compressed, as served)"
WAYBACK_zerodha_charges_20230103104753.html,c69ac74a4efd80a5e4406550cfa409a91f367c523206180d302065211dca01ce,8106,BROKER PRIMARY (Internet Archive capture),captured 2023-01-03,2026-10-05,https://web.archive.org/web/20230103104753id_/https://zerodha.com/charges,"Zerodha charges page as captured 2023-01-03 (some files are stored gzip-compressed, as served)"
WAYBACK_zerodha_charges_20240301020050.html,cd4467daab8220ffdd2c109f03d55885197d79f5183ca7a77d8595b2ef1f0021,44606,BROKER PRIMARY (Internet Archive capture),captured 2024-03-01,2026-10-05,https://web.archive.org/web/20240301020050id_/https://zerodha.com/charges,"Zerodha charges page as captured 2024-03-01 (some files are stored gzip-compressed, as served)"
WAYBACK_zerodha_charges_20240917083204.html,256680064b7365b27b7e2d42534ce34a3e925624c7f8effabd630025f5fb36ae,44875,BROKER PRIMARY (Internet Archive capture),captured 2024-09-17,2026-10-05,https://web.archive.org/web/20240917083204id_/https://zerodha.com/charges,"Zerodha charges page as captured 2024-09-17 (some files are stored gzip-compressed, as served)"
WAYBACK_zerodha_charges_20241008053010.html,2095c01bc98490bfd2f5ec57173e9f30239decf7240e5f11fb8da1bd13443f60,8643,BROKER PRIMARY (Internet Archive capture),captured 2024-10-08,2026-10-05,https://web.archive.org/web/20241008053010id_/https://zerodha.com/charges,"Zerodha charges page as captured 2024-10-08 (some files are stored gzip-compressed, as served)"
WAYBACK_zerodha_charges_20241102213954.html,0aea1fc026404c1d4d6a5908cccbe139addab176b6e1f5520ca6b25e7d2f0a74,45044,BROKER PRIMARY (Internet Archive capture),captured 2024-11-02,2026-10-05,https://web.archive.org/web/20241102213954id_/https://zerodha.com/charges,"Zerodha charges page as captured 2024-11-02 (some files are stored gzip-compressed, as served)"
WAYBACK_zerodha_charges_20250107144419.html,d25f368df51affb419347360dbd3b931712512b41480f2f2fb8861aeda47cb55,8660,BROKER PRIMARY (Internet Archive capture),captured 2025-01-07,2026-10-05,https://web.archive.org/web/20250107144419id_/https://zerodha.com/charges,"Zerodha charges page as captured 2025-01-07 (some files are stored gzip-compressed, as served)"
WAYBACK_zerodha_charges_20260107113438.html,86aaa8d0993b36e08fc286a1df19bd3df7be7f7d8e0306e81780aacbf4692d2a,9380,BROKER PRIMARY (Internet Archive capture),captured 2026-01-07,2026-10-05,https://web.archive.org/web/20260107113438id_/https://zerodha.com/charges,"Zerodha charges page as captured 2026-01-07 (some files are stored gzip-compressed, as served)"
WAYBACK_zerodha_pricing_20120927020225.html,62f6e36dfe94e7d36e4dcacedc4e3fe9778dd178cafcdb25738d49ad4ab445fe,13795,BROKER PRIMARY (Internet Archive capture),captured 2012-09-27,2026-10-05,https://web.archive.org/web/20120927020225id_/http://www.zerodha.com:80/pricing,Zerodha pricing page as captured 2012-09-27
WAYBACK_zerodha_pricing_20130104171836.html,8d63ea94b1f07ccb3f8482af12afbb49e4f04823da256c70c768d468a99395d5,13780,BROKER PRIMARY (Internet Archive capture),captured 2013-01-04,2026-10-05,https://web.archive.org/web/20130104171836id_/http://www.zerodha.com:80/pricing,Zerodha pricing page as captured 2013-01-04
WAYBACK_zerodha_pricing_20140109010453.html,1cf820285461e8e1f142f9108305ea91f59e22896cd7e758b6a0d21193f2be3c,26377,BROKER PRIMARY (Internet Archive capture),captured 2014-01-09,2026-10-05,https://web.archive.org/web/20140109010453id_/http://zerodha.com:80/pricing,Zerodha pricing page as captured 2014-01-09
WAYBACK_zerodha_pricing_20150206043100.html,5b723a9c86c77930bb5b76332a370d180ea3574d2cd5a1548489fba3326a4f87,27645,BROKER PRIMARY (Internet Archive capture),captured 2015-02-06,2026-10-05,https://web.archive.org/web/20150206043100id_/http://zerodha.com:80/pricing,Zerodha pricing page as captured 2015-02-06
ZERODHA_bulletin_uniform_stamp_duty_20200701.html,871057fc1efcfb721f10ca6a17b99c33d130a77075f86e4df4cc49adf26465bf,25522,BROKER PRIMARY,2020-07-01,2026-10-05,https://zerodha.com/marketintel/bulletin/259741/uniform-stamp-duty-applicable-from-july-1-2020,"Zerodha bulletin, 1 Jul 2020: delivery stamp duty 0.015% on the buy side from 1 Jul 2020"
ZERODHA_charges_page.html,aae15a3dd992339b1efafa608817ae0378c25e939d4300acce1375e56ca80e98,52742,BROKER PRIMARY,retrieved 2026-10-05,2026-10-05,https://zerodha.com/charges/,Zerodha charges page as served on the retrieval date
ZERODHA_zconnect_zero_brokerage_20151130.html,0a72bc0fe7a1f76fb754835c25af7cd3ac8d635868b7119212d1496640cdd5b7,720664,BROKER PRIMARY,2015-11-30,2026-10-05,https://zerodha.com/z-connect/general/zerodha-going-zero-brokerage,"Zerodha announcement, 30 Nov 2015: equity delivery brokerage zero from 1 Dec 2015 for retail individual accounts"
WB_CBEC_st14-2015.pdf,6c9ab52e02bf08e69b9be6fef3179773adf7fc2773cb76db61bd9c1b667d9a30,6938,OFFICIAL (Internet Archive capture of the tax department's file),2015-05-19,2026-10-06,https://web.archive.org/web/2016id_/http://www.cbec.gov.in/resources//htdocs-servicetax/st-notifications/st-notifications-2015/st14-2015.pdf,"Notification 14/2015-Service Tax: appoints 1 June 2015 as the date the Finance Act 2015 service-tax provisions (sections 107(a),(c),(f), 108, 109, 153, 159) come into force. It gives the DATE; the rate itself is in the Finance Act 2015, which is not archived"
WB_CBEC_st27-2016.pdf,278b5d3a0b91a03b9a0a5172a5e472ee015b5ff0c058ef1ffc23075b7236f30e,67621,OFFICIAL (Internet Archive capture of the tax department's file),2016-05-26,2026-10-06,https://web.archive.org/web/2017id_/http://www.cbec.gov.in/resources//htdocs-servicetax/st-notifications/st-notifications-2016/st27-2016.pdf,"Notification 27/2016-Service Tax: Krishi Kalyan Cess reverse-charge rules, in force 1 June 2016. Gives the DATE of the cess; the 0.5% rate is in the Finance Act 2016, which is not archived"
WB_CBEC_st28-2016.pdf,caaf64be41ce1a347dc7f9d6cb6b210c8e736c3a13aadfc9da7d235611c3495f,8245,OFFICIAL (Internet Archive capture of the tax department's file),2016-05-26,2026-10-06,https://web.archive.org/web/2017id_/http://www.cbec.gov.in/resources//htdocs-servicetax/st-notifications/st-notifications-2016/st28-2016.pdf,"Notification 28/2016-Service Tax: Krishi Kalyan Cess exemption alignment, 1 June 2016. Context only"
SEARCH_LOG_20261006.txt,e2bc86c0e11296745b5ac9a9149e682ee769e252e3b6cba58d58c298b49e8772,4150,SEARCH LOG,2026-10-06,2026-10-06,(local record),"Every download and archive-index attempt of 2026-10-06, including failures and outages"
WAYBACK_zerodha_chargelist_20120504125926.xls,b4bccc8b057432b866734d5fa5b5f6235126420601cfe6bff3c9ffdeeec2fe6f,33792,BROKER PRIMARY (Internet Archive capture of the broker's own file),2012-05-04,2026-10-06,https://web.archive.org/web/20120504125926id_/http://www.zerodha.com/download/ZerodhaChargeList.xls,"Zerodha charge list (file last saved 24 Apr 2012; captured 4 May 2012): equity delivery brokerage 0.1% or Rs 20 per trade, whichever is lower; STT 0.125% both sides; service tax 12% + education cess 2% + higher education cess 1% of the tax; SEBI Rs 10 per crore. Capture BEFORE the 2 Jul - 26 Sep 2012 brokerage window"
WAYBACK_zerodha_chargelist_20121225060108.xls,ae240f3dd100d116f97cb98e1a3205dbf312fc3d2c88121e448204219b4225e1,36352,BROKER PRIMARY (Internet Archive capture of the broker's own file),2012-12-25,2026-10-06,https://web.archive.org/web/20121225060108id_/http://www.zerodha.com/download/ZerodhaChargeList.xls,Zerodha charge list (file last saved 6 Dec 2012; captured 25 Dec 2012): delivery brokerage unchanged (0.1% or Rs 20); STT 0.1% both sides; service tax 12% + 2% + 1%; SEBI Rs 10 per crore
WAYBACK_zerodha_demat_form_20120504125220.pdf,f7bbf2eb4cc71210c5d352be4888056dee8724eaf246bfad75ee38d1d19534b9,1658461,BROKER PRIMARY (Internet Archive capture of the broker's own file),2012-05-04,2026-10-06,https://web.archive.org/web/20120504125220id_/http://www.zerodha.com/download/Demat%20Account/ZerodhaDematFull.pdf,"Zerodha account-opening form, captured 4 May 2012. Tariff sheet: equity delivery Rs 20 per executed order or 0.1% of turnover, whichever is lower. Depository schedule (page 41, an image): debit transaction = flat Rs 15 plus depository charges at actuals; all charges attract service tax as applicable"
WAYBACK_zerodha_ilfs_demat_form_20121225052153.pdf,6f03dee81cb2acfbdb34266ca0e4e3a7f46de2b6c54c2b56a5cec2708d9524c4,4520463,BROKER PRIMARY (Internet Archive capture of the broker's own file),2012-12-25,2026-10-06,https://web.archive.org/web/20121225052153id_/http://www.zerodha.com/download/Change%20of%20Information%20Documents/ILFSZeordhaOnlyDematForm.pdf,"Zerodha/IL&FS demat form, captured 25 Dec 2012. Depository schedule (page 9, an image): debit transaction = flat Rs 8 plus depository charges at actuals. Depository participant ID IN300095 (NSDL)"
WAYBACK_zerodha_ilfsdemat_20140703122832.pdf,1969f54936ab5f39ab252782e2342cd3a158ab06bfcec5e1afb17d13d844d836,3486003,BROKER PRIMARY (Internet Archive capture of the broker's own file),2014-07-03,2026-10-06,https://web.archive.org/web/20140703122832id_/http://zerodha.com/download/ilfsdemat.pdf,"Zerodha/IL&FS demat form, captured 3 Jul 2014: debit transaction = flat Rs 8 plus depository charges at actuals; all charges attract service tax as applicable"
WAYBACK_zerodha_blog_poa_demat_20150620.html,1f0e7d7c7de01afea2e8d84145e83057774b709ccfd663bf0f6e0fc5509cafc5,207070,BROKER PRIMARY (Internet Archive capture of the broker's own file),2015-06-20,2026-10-06,https://web.archive.org/web/20150620174202id_/http://zerodha.com/z-connect/queries/stock-and-fo-queries/poa-power-of-attorney-for-your-demat-account,"Zerodha blog page, captured 20 Jun 2015. Comment by the broker's founder dated 19 Mar 2013: the charge is Rs 12.5 per debit irrespective of the number of shares = Rs 8 + Rs 4.5 (NSDL charges). A dated broker statement, not a rate schedule"
WAYBACK_zerodha_charge-list_20140504002448.html,166b556a2c73ddd1f47bec0455c16a4574448484eb5f401a8bd8799c147f3da2,25585,BROKER PRIMARY (Internet Archive capture of the broker's own file),2014-05-04,2026-10-06,https://web.archive.org/web/20140504002448id_/http://zerodha.com/charge-list,"Zerodha charge-list page, captured 4 May 2014: delivery brokerage 0.1% or Rs 20; service tax 12% + 2% + 1%; SEBI Rs 10 per crore. Last capture BEFORE the SEBI fee rise of 23 May 2014. It also shows a state stamp-duty table, which is NOT used (ruling 7)"
WB_NSDL_policy_2010-0029_settlement_fee_20131028.pdf,932a1f380984c5311ad03e0e2a7385ae4d4f41f54aec3bbb5421dc8b1e53dc43,107270,OFFICIAL (Internet Archive capture of the issuing body's file),2010-03-26,2026-10-06,https://web.archive.org/web/20131028175334id_/https://nsdl.co.in/downloadables/pdf/2010-0029-Policy-Amendments-to-Business-Rules-Settlement-Fee.pdf,"NSDL circular NSDL/POLICY/2010/0029 of 26 Mar 2010: settlement fee charged to participants reduced from Rs 5 to Rs 4.50 per debit instruction, in effect from 1 Apr 2010. This is the 'depository charge at actuals' in the Zerodha/IL&FS schedules"
WB_NSDL_fee_payable_by_participants_20130818.html,6825fa90f405ea11e7e4d0bd770b566f1bf66538d7c9720440fccc36b01180a6,28534,OFFICIAL (Internet Archive capture of the issuing body's file),2013-08-18,2026-10-06,https://web.archive.org/web/20130818005532id_/https://nsdl.co.in/joining/fee-payable-by-depository-participants.php,"NSDL page 'Fee payable by depository participants', captured 18 Aug 2013: settlement fee Rs 4.50 per debit instruction in a client's account"
WB_NSDL_fees_and_charges_to_DPs_20170708.pdf,bc45eddb4e0d62af0a0d2b3fa4297975d21e3b1c67764aed2434765641a07255,198258,OFFICIAL (Internet Archive capture of the issuing body's file),2016-12-26,2026-10-06,https://web.archive.org/web/20170708200529id_/https://nsdl.co.in/downloadables/charges/Fees%20and%20Charges%20to%20DPs.pdf,"NSDL 'Fees and charges to Depository Participants (updated as on December 26, 2016)', captured 8 Jul 2017: Rs 4.50 per debit instruction. Shows the NSDL fee was unchanged through 2016"
SEBI_payment_of_fees_amendment_regs_2014.pdf,4a78abbe563f18f40fc719858b37c757decf525954d5b14b396e6efb2c759a3c,82977,OFFICIAL,2014-05-23,2026-10-06,https://www.sebi.gov.in/sebi_data/attachdocs/1400841851911.pdf,"SEBI (Payment of Fees) (Amendment) Regulations, 2014, No. LAD-NRO/GN/2014-15/03/1089, Gazette of India 23 May 2014. Regulation 1(2): in force on the date of publication. Regulation 17(iv): stock-broker fee, cash segment, 0.0002 per cent of the price (Rs 20 per crore). THE instrument that set the Rs 20 fee"
SEBI_PR_payment_of_fees_amendment_2014.html,7608634ec8a6b17c6c2840d460d9079c9b988951191bfe68d92a38bcda6156b2,9469,OFFICIAL,2014-05-23,2026-10-06,https://www.sebi.gov.in/media/press-releases/may-2014/notification-of-sebi-payment-of-fees-amendment-regulation-2014_26958.html,SEBI press release PR 49/2014 of 23 May 2014: the regulations were notified on 23 May 2014; for a cash-market transaction of Rs 1 crore the fee is raised from Rs 10 to Rs 20. Confirms the earlier fee was Rs 10 per crore
CBIC_GST_notfn8_2017_integrated_tax_rate.pdf,1f2d7ff6b92290164420906f86325052b4a710fd7b545f2f9896ded7e7713f5d,411547,OFFICIAL,2017-06-28,2026-10-06,https://cbic-gst.gov.in/hindi/pdf/integrated-tax-rate/Notification8-IGST.pdf,"Notification 8/2017-Integrated Tax (Rate) of 28 Jun 2017: heading 9971 item (v), financial and related services, 18 per cent; in force from 1 Jul 2017"
CBIC_GST_notfn11_2017_central_tax_rate.pdf,a8051c8882b8a7e3e2d8b2ad10e3c18b9c85c755fbbfe324dce43b4c6b44d934,408638,OFFICIAL,2017-06-28,2026-10-06,https://cbic-gst.gov.in/hindi/pdf/central-tax-rate/Notification11-CGST.pdf,"Notification 11/2017-Central Tax (Rate) of 28 Jun 2017: heading 9971 item (v), financial and related services, central tax 9 per cent (the central half of 18%); in force from 1 Jul 2017"
WB_CBEC_st-act-ason24oct2013_20150829.pdf,ef4f4b35418cd6d442071b66ce4cb9a95f22b0ff857994cb8f2b74d83c131f0b,601482,OFFICIAL (Internet Archive capture of the issuing body's file),2013-10-24,2026-10-06,https://web.archive.org/web/20150829184008id_/http://www.cbec.gov.in:80/resources//htdocs-servicetax/st-act-ason24oct2013.pdf,"Tax department's text of Chapter V of the Finance Act 1994 as on 24 Oct 2013: section 66B, service tax at twelve per cent on all services other than the negative list; old sections not applicable from 1 Jul 2012 (notifications of 5 Jun 2012). Rate 12% for the sample start. Does not state the two education cesses"
WB_CBEC_finact2015_20150528.pdf,33e73c90d8c3502d1793b03594814fae385ccc0627321714b0d4c64085f7ca99,616306,OFFICIAL (Internet Archive capture of the issuing body's file),2015-05-14,2026-10-06,https://web.archive.org/web/20150528143059id_/http://www.cbec.gov.in:80/finact2015.pdf,"Finance Act 2015 (No. 20 of 2015), Gazette of India 14 May 2015, as posted by the tax department. Section 108: 'twelve per cent' replaced by 'fourteen per cent' in section 66B from a date to be notified (1 Jun 2015 per Notification 14/2015-ST, already archived). Sections 153 and 159: the two education cesses on services omitted from a notified date. Section 119: Swachh Bharat Cess enabled, up to two per cent"
WB_CBEC_st21h-2015_20151123.pdf,41fcf099114c43ecd611a872bcbfd72a115986cd2c9d36428b6f4ca1fbd36d18,214099,OFFICIAL (Internet Archive capture of the issuing body's file),2015-11-06,2026-10-06,https://web.archive.org/web/20151123002441id_/http://www.cbec.gov.in:80/resources/htdocs-servicetax/st-notifications/st-notifications-2015/st21h-2015.pdf,Notification 21/2015-Service Tax of 6 Nov 2015 (Hindi text): appoints 15 Nov 2015 as the date the Swachh Bharat Cess chapter comes into force. The English text was not found in the archive
WB_CBEC_st22h-2015_20151123.pdf,d14727f3754134cddcb784380a26353098e0241a5d425b21ee2e493bad6880e4,218472,OFFICIAL (Internet Archive capture of the issuing body's file),2015-11-06,2026-10-06,https://web.archive.org/web/20151123003114id_/http://www.cbec.gov.in:80/resources/htdocs-servicetax/st-notifications/st-notifications-2015/st22h-2015.pdf,"Notification 22/2015-Service Tax of 6 Nov 2015 (Hindi text): exempts Swachh Bharat Cess above 0.5 per cent of the value of taxable services, fixing the effective cess at 0.5%"
WB_CBEC_faq-sbc_20161022.pdf,09c94bafb6037d48d9a5808fab15ced0f7733380ae3eb6f09744a91337d055ae,292409,OFFICIAL (Internet Archive capture of the issuing body's file),2015-11,2026-10-06,https://web.archive.org/web/20161022060607id_/http://www.cbec.gov.in:80/Cbec_Revamp_new/resources//htdocs-cbec/press-release/faq-sbc.pdf,Tax department FAQ on Swachh Bharat Cess (English): cess of 0.5% on all taxable services from 15 Nov 2015; service tax plus cess = 14.5%
WB_CBEC_st-finact-062016_20161023.pdf,66ce1c85a2c6b7c08e9f18476f3e44bf6b69150ebea7ac89f9589aae0d2e6411,458184,OFFICIAL (Internet Archive capture of the issuing body's file),2016-06,2026-10-06,https://web.archive.org/web/20161023005929id_/http://www.cbec.gov.in:80/Cbec_Revamp_new/resources//htdocs-servicetax/st-finact-062016.pdf,"Tax department's text of Chapter V of the Finance Act 1994, updated as per Finance Act 2016: section 66B at fourteen per cent. Does not contain the Krishi Kalyan Cess chapter"
WB_CBEC_st-act-ason-01apr2017_20170611.pdf,f170777f5ede1237bb8b3f3d96370ee99beed4a451687b775092c087377fb0a2,815619,OFFICIAL (Internet Archive capture of the issuing body's file),2017-04-01,2026-10-06,https://web.archive.org/web/20170611224719id_/http://www.cbec.gov.in:80/Cbec_Revamp_new/resources//htdocs-servicetax/st-act-ason-01apr2017.pdf,Tax department's text of Chapter V of the Finance Act 1994 as on 1 Apr 2017: section 66B at fourteen per cent (basic rate unchanged to the end of service tax)
SEARCH_LOG_20261006b.txt,1647f7fb4e8bd50e459d5922e84799f3b906df58ab5e0e3e4540331858afb85d,17507,SEARCH LOG,2026-10-06,2026-10-06,(local record),"Second pass of 2026-10-06: every download, archive-index query and web search, including failures; what was examined and not archived; outcomes"
