entity_id,symbol,date,prev_close,close,ret_raw,event_factor,event_kind,ret_adj,event_subject
AAKASH|INE087Z01016|1,AAKASH,2022-02-03,282.25,31.05,-0.8899911426040744,0.1,SPLIT,0.10008857395925586,Face Value Split (Sub-Division) - From Rs 10/- Per Share To Re 1/- Per Share
AARON|INE721Z01010|1,AARON,2025-08-25,430.0,238.85,-0.4445348837209302,0.5,BONUS,0.11093023255813961,Bonus 1:1
ABSHEKINDS|NOISIN|3,TRIDENT,2019-12-13,66.8,7.5,-0.8877245508982036,0.1,SPLIT,0.1227544910179641, Face Value Split (Sub-Division) - From Rs 10/- Per Share To Rs 1/- Per Share
ACCURACY|INE648Z01015|1,ACCURACY,2023-02-15,187.85,21.9,-0.8834176204418419,0.1,SPLIT,0.1658237955815809,Face Value Split (Sub-Division) - From Rs 10/- Per Share To Re 1/- Per Share
ADANIPOWER|NOISIN|1,ADANIPOWER,2025-09-22,709.4,170.25,-0.7600084578517057,0.2,SPLIT,0.19995771074147162,Face Value Split (Sub-Division) - From Rs 10/- Per Share To Rs 2/- Per Share
ADFFOODS|NOISIN|1,ADFFOODS,2023-09-11,1138.5,256.55,-0.7746596398770311,0.2,SPLIT,0.12670180061484415,Face Value Split (Sub-Division) - From Rs 10/- Per Share To Rs 2/- Per Share
AFIL|INE916Y01019|1,AFIL,2025-04-17,86.57,9.73,-0.8876054060298024,0.1,SPLIT,0.12394593970197532,Face Value Split (Sub-Division) - From Rs 10/- Per Share To Re 1/- Per Share
AGIIL|INE976R01017|1,AGIIL,2025-10-10,1245.1,287.9,-0.7687735924825315,0.2,SPLIT,0.1561320375873423,Face Value Split (Sub-Division) - From Rs 5/- Per Share To Re 1/- Per Share
AHCL|INE0Y8W01017|1,AHCL,2026-04-24,143.79,15.87,-0.889630711454204,0.1,BONUS+SPLIT,0.10369288545795952,Face Value Split (Sub-Division) - From Rs 10/- Per Share To Rs 2/- Per Share | Bonus 1:1
ALANKIT|INE914E01024|1,ALANKIT,2016-10-19,136.1,77.25,-0.4324026451138868,0.5,BONUS,0.13519470977222636, Bonus 1:1
ALKYLAMINE|INE150B01013|1,ALKYLAMINE,2021-05-11,8282.45,3644.3,-0.5599973437811276,0.4,SPLIT,0.10000664054718089, Face Value Split (Sub-Division) - From Rs 5/- Per Share To Rs 2/- Per Share
ANMOL|INE02AR01019|1,ANMOL,2023-07-18,220.2,52.85,-0.7599909173478656,0.2,BONUS,0.20004541326067216,Bonus 4:1
ANSALHSG|NOISIN|2,ANSALHSG,2013-04-10,56.0,21.3,-0.6196428571428572,0.3333333333333333,BONUS,0.14107142857142874,Bonus 2:1
APOLSINHOT|INE451F01016|1,APOLSINHOT,2018-10-12,1117.0,668.15,-0.4018352730528201,0.5,SPLIT,0.19632945389435985, Face Value Split (Sub-Division) - From Rs 10/- Per Share To Rs 5/- Per Share
ASTRAL|NOISIN|1,ASTRAL,2013-09-05,493.85,218.9,-0.5567480004049813,0.4,SPLIT,0.10812999898754683,Face Value Split From Rs.5/- To Rs.2/-
AVANTI|NOISIN|2,AVANTIFEED,2018-06-26,1563.35,599.3,-0.6166565388428695,0.3333333333333333,BONUS+SPLIT,0.15003038347139164, Bonus 1:2/Face Value Split (Sub-Division) From Rs 2/- Per Share To Re 1/- Per Share
AVAYAGCL|NOISIN|2,BBOX,2022-05-13,696.1,167.0,-0.7600919408131016,0.2,SPLIT,0.19954029593449207,Face Value Split (Sub-Division) - From Rs 10/- Per Share To Rs 2/- Per Share
AXITA|INE02EZ01014|1,AXITA,2023-12-22,31.9,27.5,-0.13793103448275856,0.75,BONUS,0.149425287356322,Bonus 1:3
BALMLAWRIE|NOISIN|1,BALMLAWRIE,2016-12-26,1050.65,236.2,-0.7751867891305383,0.25,BONUS,-0.10074715652215305, Bonus 3:1
BANCOINDIA|NOISIN|1,BANCOINDIA,2024-12-30,1056.1,477.05,-0.5482908815453081,0.5,BONUS,-0.09658176309061628,Bonus 1:1
BERGEPAINT|NOISIN|1,BERGEPAINT,2015-01-08,435.75,239.9,-0.4494549627079747,0.5,SPLIT,0.10109007458405062,Face Value Split (Sub-Division) - From Rs 2/- Per Share To Re 1/- Per Share
BHARATGEAR|NOISIN|2,BHARATGEAR,2022-09-27,209.15,166.55,-0.20368156825245032,0.6666666666666666,BONUS,0.19447764762132436,Bonus 1:2
BOROSIL|INE666D01022|1,BOROSIL,2018-08-02,1176.85,341.35,-0.7099460424013255,0.25,BONUS,0.1602158303946979, Bonus 3:1
BSTRANSCOM|NOISIN|1,BSLIMITED,2013-09-30,272.25,122.75,-0.5491276400367309,0.5,BONUS,-0.09825528007346185,Bonus 1:1
CGCL|INE180C01026|1,CGCL,2024-03-05,964.15,289.25,-0.6999948140849452,0.25,BONUS+SPLIT,0.20002074366021882,Bonus 1:1 | Face Value Split (Sub-Division) - From Rs 2/- Per Share To Re 1/- Per Share
CMAHENDRA|NOISIN|1,CMAHENDRA,2015-06-18,7.0,4.2,-0.4,0.5,BONUS,0.19999999999999996,Bonus 1:1
COASTCORP|INE377E01016|1,COASTCORP,2025-03-04,206.64,46.47,-0.775116144018583,0.2,SPLIT,0.12441927990708468,Face Value Split (Sub-Division) - From Rs 10/- Per Share To Rs 2/- Per Share
COCHINSHIP|INE704P01017|1,COCHINSHIP,2024-01-10,1338.0,802.8,-0.4,0.5,SPLIT,0.19999999999999996,Face Value Split (Sub-Division) - From Rs 10/- Per Share To Rs 5/- Per Share
CUPID|INE509F01029|1,CUPID,2026-03-09,402.2,91.6,-0.7722526106414719,0.2,BONUS,0.13873694679264048,Bonus 4:1
DEVIT|INE060X01018|1,DEVIT,2022-11-25,236.7,138.35,-0.4155048584706379,0.5,SPLIT,0.1689902830587242,Face Value Split (Sub-Division) - From Rs 10/- Per Share To Rs 5/- Per Share
EASEMYTRIP|INE07O001018|1,EASEMYTRIP,2022-11-21,381.95,57.3,-0.8499803639219793,0.125,BONUS+SPLIT,0.20015708862416548,Face Value Split (Sub-Division) - From Rs 2/- Per Share To Re 1/- Per Share | Bonus 3:1
EASEMYTRIP|INE07O001018|1,EASEMYTRIP,2024-11-29,32.65,17.99,-0.4490045941807045,0.5,BONUS,0.10199081163859103,Bonus 1:1
ENGINERSIN|NOISIN|1,ENGINERSIN,2016-12-30,336.35,151.0,-0.5510628809276052,0.5,BONUS,-0.10212576185521038, Bonus 1:1
ENTEGRA|NOISIN|3,ENTEGRA,2011-09-26,24.25,21.1,-0.12989690721649483,0.7647058823529411,BONUS,0.13782712133227615,Bonus 4:13
EXCELINFO|NOISIN|1,EXCEL,2022-09-28,8.8,0.65,-0.9261363636363636,0.06666666666666667,BONUS+SPLIT,0.10795454545454541,Bonus 1:2 | Face Value Split (Sub-Division) - From Rs 10/- Per Share To Re 1/- Per Share
FCL|INE045J01018|1,FCL,2025-10-31,248.6,29.83,-0.8800080450522928,0.1,BONUS+SPLIT,0.19991954947707158,Bonus 4:1 | Face Value Split (Sub-Division) - From Rs 2/- Per Share To Re 1/- Per Share
FILATFASH|INE185E01013|1,FILATFASH,2024-08-09,6.92,1.65,-0.7615606936416185,0.2,SPLIT,0.19219653179190743,Face Value Split (Sub-Division) - From Rs 5/- Per Share To Re 1/- Per Share
GAEL|NOISIN|1,GAEL,2020-10-01,217.65,121.35,-0.4424534803583736,0.5,SPLIT,0.11509303928325276, Face Value Split (Sub-Division) - From Rs 2/- Per Share To Re 1/- Per Share
GAL|NOISIN|1,GAL,2016-10-13,121.75,13.4,-0.8899383983572895,0.1,SPLIT,0.1006160164271046, Face Value Split From Rs 10 To Re 1
GENSOL|INE06H201014|1,GENSOL,2023-10-17,2405.95,882.2,-0.6333257133356885,0.3333333333333333,BONUS,0.10002285999293448,Bonus 2:1
GOKULAGRO|INE314T01025|1,GOKULAGRO,2025-10-14,386.35,175.4,-0.5460075061472758,0.5,SPLIT,-0.09201501229455156,Face Value Split (Sub-Division) - From Rs 2/- Per Share To Re 1/- Per Share
GPTINFRA|INE390G01014|1,GPTINFRA,2022-11-11,117.05,65.25,-0.4425459205467749,0.5,BONUS,0.11490815890645023,Bonus 1:1
HIRECT|NOISIN|1,HIRECT,2026-03-27,1588.0,717.4,-0.5482367758186398,0.5,BONUS,-0.09647355163727966,Bonus 1:1
HNDFDS|INE254N01018|1,HNDFDS,2022-07-21,2065.85,495.75,-0.7600261393615219,0.2,SPLIT,0.1998693031923906,Face Value Split (Sub-Division) - From Rs 10/- Per Share To Rs 2/- Per Share
IILTD|NOISIN|2,INSECTICID,2022-09-30,966.3,718.4,-0.2565455862568561,0.6666666666666666,BONUS,0.11518162061471604,Bonus 1:2
INDTERRAIN|INE611L01013|1,INDTERRAIN,2015-12-21,694.45,154.8,-0.7770897832817337,0.2,SPLIT,0.11455108359133126, Face Value Split (Sub-Division) - From Rs 10/- Per Share To Rs 2/- Per Share
INFIBEAM|INE483S01012|1,INFIBEAM,2021-03-18,101.0,43.25,-0.5717821782178218,0.5,BONUS,-0.14356435643564358, Bonus 1:1
INVENTURE|INE878H01016|1,INVENTURE,2021-06-24,39.4,4.55,-0.8845177664974619,0.1,SPLIT,0.1548223350253808, Face Value Split (Sub-Division) - From Rs 10/- Per Share To Re 1/- Per Share
IRB|NOISIN|1,IRB,2023-02-22,297.45,34.05,-0.8855269793242562,0.1,SPLIT,0.14473020675743808,Face Value Split (Sub-Division) - From Rs 10/- Per Share To Re 1/- Per Share
IRCON|INE962Y01013|1,IRCON,2020-04-03,393.25,90.85,-0.7689764780673871,0.2,SPLIT,0.15511760966306398, Face Value Split (Sub-Division) - From Rs 10/- Per Share To Rs 2/- Per Share
IRCTC|INE335Y01012|1,IRCTC,2021-10-28,4130.15,913.5,-0.77882159243611,0.2,SPLIT,0.10589203781944967, Face Value Split (Sub-Division) - From Rs 10/- Per Share To Rs 2/- Per Share
JAYBARMARU|NOISIN|2,JAYBARMARU,2021-06-07,381.85,229.1,-0.40002618829383274,0.5,BONUS,0.19994762341233452, Bonus 1:1
JINDWORLD|NOISIN|1,JINDWORLD,2025-02-28,344.7,82.7,-0.7600812300551204,0.2,BONUS,0.1995938497243981,Bonus 4:1
JKTYRE|NOISIN|1,JKTYRE,2014-12-18,592.3,139.35,-0.7647307107884518,0.2,SPLIT,0.17634644605774108,Face Value Split (Sub-Division) - From Rs 10/- Per Share To Rs 2/- Per Share
JMTAUTOLTD|NOISIN|1,JMTAUTOLTD,2015-06-25,145.65,34.95,-0.7600411946446962,0.2,SPLIT,0.19979402677651903,Face Value Split (Sub-Division) - From Rs 10/- Per Share To Rs 2/- Per Share
KANPRPLA|INE694E01014|1,KANPRPLA,2021-09-15,252.95,185.5,-0.26665348883178486,0.6666666666666666,BONUS,0.1000197667523226, Bonus 1:2
KELLTONTEC|INE164B01022|1,KELLTONTEC,2025-07-25,138.15,32.15,-0.7672819399203764,0.2,SPLIT,0.16359030039811784,Face Value Split (Sub-Division) - From Rs 5/- Per Share To Re 1/- Per Share
KSERAPRO|NOISIN|5,KSERASERA,2015-03-30,3.4,0.4,-0.8823529411764706,0.1,SPLIT,0.17647058823529416,Face Value Split (Sub-Division) - From Rs 10/- Per Share To Re 1/- Per Share
LAOPALA|NOISIN|2,LAOPALA,2018-03-22,649.6,291.75,-0.5508774630541873,0.5,BONUS,-0.10175492610837444, Bonus 1:1
LIKHITHA|INE060901019|1,LIKHITHA,2022-12-02,464.85,263.9,-0.43228998601699475,0.5,SPLIT,0.1354200279660105,Face Value Split (Sub-Division) - From Rs 10/- Per Share To Rs 5/- Per Share
MAHESHWARI|INE263W01010|1,MAHESHWARI,2020-10-13,205.8,123.4,-0.40038872691933913,0.5,BONUS,0.19922254616132173, Bonus 1:1
MANINFRA|NOISIN|1,MANINFRA,2021-11-17,134.55,104.5,-0.223337049424006,0.6666666666666666,BONUS,0.16499442586399105, Bonus 1:2
MARATHON|INE182D01012|1,MARATHON,2018-04-05,426.3,240.1,-0.4367816091954023,0.5,SPLIT,0.12643678160919536, Face Value Split (Sub-Division) - From Rs 10/- Per Share To Rs 5/- Per Share
MARINE|INE01JE01010|1,MARINE,2021-02-18,258.1,57.85,-0.7758620689655172,0.2,SPLIT,0.1206896551724137, Face Value Split (Sub-Division) - From Rs 10 Per Share To Rs 2 Per Share
MGEL|INE0APB01016|1,MGEL,2025-03-04,28.52,15.8,-0.4460028050490883,0.5,SPLIT,0.10799438990182342,Face Value Split (Sub-Division) - From Rs 2/- Per Share To Re 1/- Per Share
MINDTREE|NOISIN|1,MINDTREE,2016-03-09,1546.35,684.3,-0.5574740517993986,0.5,BONUS,-0.11494810359879715, Bonus 1:1
NAZARA|INE418L01021|1,NAZARA,2022-06-24,1041.8,619.85,-0.4050201574198502,0.5,BONUS,0.1899596851602996,Bonus 1:1
NBCC|INE095N01015|1,NBCC,2017-02-17,289.25,175.1,-0.3946413137424374,0.6666666666666666,BONUS,-0.09196197061365596, Bonus 1:2
NBIFIN|INE365I01012|1,NBIFIN,2017-12-07,2602.65,1471.7,-0.4345378748583175,0.5,SPLIT,0.13092425028336496, Face Value Split (Sub-Division) - From Rs 10/- Per Share To Rs 5/- Per Share
NELCAST|NOISIN|2,NELCAST,2011-09-06,108.0,25.3,-0.7657407407407407,0.2,SPLIT,0.17129629629629628,Face Value Split From Rs 10 To Rs 2
NITINFIRE|NOISIN|1,NITINFIRE,2011-09-22,138.8,43.65,-0.6855187319884727,0.2857142857142857,BONUS,0.10068443804034577,Bonus 5:2
OMAXE|NOISIN|1,OMAXE,2013-11-11,140.45,123.5,-0.12068351726593085,0.7959183673469388,BONUS,0.10478224753767651,Bonus 10:39
PANAMAPET|INE305C01011|1,PANAMAPET,2017-10-03,220.85,170.45,-0.22820919175911258,0.6666666666666666,BONUS,0.15768621236133118, Bonus 1:2
POLYMED|INE205C01013|1,POLYMED,2017-03-24,544.35,246.95,-0.5463396711674475,0.5,BONUS,-0.09267934233489494, Bonus 1:1
PRAKASHSTL|NOISIN|1,PRAKASHSTL,2016-03-03,77.8,9.35,-0.8798200514138818,0.1,SPLIT,0.20179948586118246, Face Value Split (Sub-Division) - From Rs 10/- Per Share To Re 1/- Per Share
PTL|NOISIN|7,PTL,2021-12-23,55.0,33.0,-0.4,0.5,SPLIT,0.19999999999999996, Face Value Split (Sub-Division) - From Rs 2/- Per Share To Re 1/- Per Share
RADHIKAJWE|INE583V01013|1,RADHIKAJWE,2023-05-26,180.4,39.7,-0.7799334811529933,0.2,SPLIT,0.10033259423503327,Face Value Split (Sub-Division) - From Rs 10/- Per Share To Rs 2/- Per Share
RAJMET|INE00KV01014|1,RAJMET,2022-11-30,266.85,32.0,-0.8800824433202173,0.1,SPLIT,0.19917556679782633,Face Value Split (Sub-Division) - From Rs 10/- Per Share To Re 1/- Per Share
RAJRAYON|NOISIN|2,RAJRAYON,2013-03-04,8.45,1.0,-0.8816568047337278,0.1,SPLIT,0.18343195266272194,Face Value Split From Rs 10 To Re 1
RAMASTEEL|INE230R01019|1,RAMASTEEL,2024-03-19,38.25,15.25,-0.6013071895424836,0.3333333333333333,BONUS,0.196078431372549,Bonus 2:1
RUSHIL|INE573K01017|1,RUSHIL,2024-08-09,386.95,43.85,-0.8866778653572813,0.1,SPLIT,0.13322134642718697,Face Value Split (Sub-Division) - From Rs 10/- Per Share To Re 1/- Per Share
SAKSOFT|NOISIN|6,SAKSOFT,2022-09-23,1332.85,120.6,-0.9095171999849946,0.1,SPLIT,-0.09517199984994562,Face Value Split (Sub-Division) - From Rs 10/- Per Share To Re 1/- Per Share
SAKUMA|NOISIN|1,SAKUMA,2024-08-09,32.39,7.77,-0.7601111454152516,0.2,BONUS,0.19944427292374178,Bonus 4:1
SALASAR|INE170V01019|1,SALASAR,2022-06-27,263.15,30.55,-0.8839065171955158,0.1,SPLIT,0.1609348280448415,Face Value Split (Sub-Division) - From Rs 10/- Per Share To Rs 1/- Per Share
SAVITACHEM|NOISIN|1,SOTL,2022-09-01,1731.35,383.15,-0.7786987033239957,0.2,SPLIT,0.10650648338002133,Face Value Split (Sub-Division) - From Rs 10/- Per Share To Rs 2/- Per Share
SBC|INE04AK01028|1,SBC,2024-01-19,35.9,28.7,-0.20055710306406682,0.6666666666666666,BONUS,0.19916434540389982,Bonus 1:2
SBGLP|INE05ST01010|1,SBGLP,2024-04-18,979.35,109.1,-0.8885995813549803,0.1,SPLIT,0.11400418645019639,Face Value Split (Sub-Division) - From Rs 10/- Per Share To Re 1/- Per Share
SDBL|INE480C01012|1,SDBL,2024-05-24,316.65,141.3,-0.5537659876835622,0.4,SPLIT,0.11558503079109439,Face Value Split (Sub-Division) - From Rs 5/- Per Share To Rs 2/- Per Share
SECURCRED|INE195Y01010|1,SECURCRED,2023-01-04,121.35,34.85,-0.7128141738772147,0.25,BONUS,0.14874330449114148,Bonus 3:1
SEINV|INE420C01042|1,PAISALO,2022-06-30,799.35,72.2,-0.9096766122474511,0.1,SPLIT,-0.09676612247451055,Face Value Split (Sub-Division) - From Rs 10/- Per Share To Re 1/- Per Share
SHARONBIO|INE028B01011|1,SHARONBIO,2014-02-20,411.85,49.4,-0.8800534175063737,0.1,BONUS+SPLIT,0.19946582493626308,Bonus 1:1 / Face Value Split From 10/- To Face Value 2/-
SIGMA|INE0A0S01010|1,SIGMA,2025-10-06,536.05,62.2,-0.8839660479432888,0.1,SPLIT,0.16033952056711143,Face Value Split (Sub-Division) - From Rs 10/- Per Share To Re 1/- Per Share
SRSLTD|INE219H01039|1,SRSLTD,2015-06-25,24.85,14.0,-0.43661971830985924,0.5,BONUS,0.12676056338028152,Bonus 1:1
SURANATELE|NOISIN|2,SURANAT&P,2014-11-25,39.65,9.45,-0.7616645649432534,0.2,SPLIT,0.19167717528373251,Face Value Split (Sub-Division) - From Rs 5/- Per Share To Re 1/- Per Share
SYMPHONY|NOISIN|1,SYMPHONY,2012-02-15,1326.8,303.15,-0.7715179378956889,0.2,SPLIT,0.1424103105215555,Face Value Split Rs.10/- To Rs.2/-
TALBROAUTO|NOISIN|2,TALBROAUTO,2023-10-27,1047.65,251.45,-0.7599866367584595,0.2,SPLIT,0.20006681620770284,Face Value Split (Sub-Division) - From Rs 10/- Per Share To Rs 2/- Per Share
TEMBO|INE869Y01010|1,TEMBO,2026-08-05,574.15,65.9,-0.8852216319777062,0.1,SPLIT,0.14778368022293842,Face Value Split (Sub-Division) - From Rs 10/- Per Share To Re 1/- Per Share
TPLPLASTEH|INE413G01014|1,TPLPLASTEH,2021-09-16,338.5,192.15,-0.4323485967503693,0.5,BONUS,0.1353028064992614, Bonus 1:1
TPLPLASTEH|INE413G01014|1,TPLPLASTEH,2022-10-19,180.4,40.1,-0.7777161862527716,0.2,SPLIT,0.11141906873614182,Face Value Split (Sub-Division) - From Rs 10/- Per Share To Rs 2/- Per Share
VAIBHAVGEM|NOISIN|2,VAIBHAVGBL,2021-05-07,4367.0,996.7,-0.7717655140828944,0.2,SPLIT,0.14117242958552767, Face Value Split (Sub-Division) - From Rs 10/- Per Share To Rs 2/- Per Share
VAISHALI|INE972X01014|1,VAISHALI,2024-10-15,207.59,24.9,-0.8800520256274387,0.1,BONUS+SPLIT,0.19947974372561283,Bonus 1:1 | Face Value Split (Sub-Division) - From Rs 10/- Per Share To Rs 2/- Per Share
VAKRANSOFT|NOISIN|4,VAKRANSOFT,2012-04-12,597.5,34.2,-0.9427615062761506,0.05,BONUS+SPLIT,0.14476987447698764,Bonus 1:1 And Face Value Split From Rs.10/- To Re.1/-
VCL|INE098201028|1,VCL,2023-02-15,5.95,3.6,-0.39495798319327735,0.5,SPLIT,0.2100840336134453,Face Value Split (Sub-Division) - From Rs 2/- Per Share To Re 1/- Per Share
VISHWARAJ|INE430N01014|1,VISHWARAJ,2021-10-21,181.45,43.55,-0.7599889776798016,0.2,SPLIT,0.20005511160099188, Face Value Split (Sub-Division) - From Rs 10/- Per Share To Rs 2/- Per Share
VIVIDHA|INE370E01029|1,VIVIDHA,2015-05-28,1290.55,140.75,-0.8909379721824029,0.09090909090909091,BONUS,0.19968230599356862,Bonus 10:1
VSTIND|NOISIN|1,VSTIND,2024-09-06,4456.45,481.25,-0.8920104567536941,0.09090909090909091,BONUS,0.18788497570936502,Bonus 10:1
