entity_id,symbols,n_unresolved,first,last,statuses
AARTIIND|NOISIN|2,AARTIIND,1,2022-10-19,2022-10-19,EVENT_UNADJUSTABLE
ADANIEXPO|NOISIN|1,ADANIENT,4,2015-06-03,2025-11-17,EVENT_UNADJUSTABLE
ALOKTEXT|NOISIN|1,ALOKTEXT,1,2013-02-15,2013-02-15,EVENT_UNADJUSTABLE
AMTEKAUTO|NOISIN|1,AMTEKAUTO,4,2015-08-19,2015-09-11,UNEXPLAINED_JUMP
AMTREXAPPL|NOISIN|2,HITACHIHOM,1,2013-03-05,2013-03-05,EVENT_UNADJUSTABLE
AREVA|NOISIN|1,AREVAT&D,1,2011-12-14,2011-12-14,EVENT_UNADJUSTABLE
ARVINDMILL|NOISIN|1,ARVIND,2,2015-05-28,2018-11-28,EVENT_UNADJUSTABLE
ASTRAL|NOISIN|1,ASTRAL,1,2019-09-16,2019-09-16,EVENT_INCONCLUSIVE
BAJAJELEC|NOISIN|1,BAJAJELEC,1,2020-02-05,2020-02-05,EVENT_UNADJUSTABLE
BAJAJFINSV|NOISIN|1,BAJAJFINSV,1,2012-09-06,2012-09-06,EVENT_UNADJUSTABLE
BAJAJHIND|NOISIN|1,BAJAJHIND,1,2011-09-21,2011-09-21,EVENT_UNADJUSTABLE
BAJAUTOFIN|NOISIN|1,BAJFINANCE,1,2013-01-23,2013-01-23,EVENT_UNADJUSTABLE
BEL|NOISIN|1,BEL,1,2017-09-28,2017-09-28,EVENT_INCONCLUSIVE
BERGEPAINT|NOISIN|1,BERGEPAINT,1,2023-09-22,2023-09-22,EVENT_INCONCLUSIVE
BHARTI|NOISIN|1,BHARTIARTL,2,2019-04-23,2021-09-27,EVENT_UNADJUSTABLE
BHUSANSTL|NOISIN|1,BHUSANSTL,1,2013-01-15,2013-01-15,EVENT_UNADJUSTABLE
BRITANNIA|NOISIN|1,BRITANNIA,2,2019-08-22,2021-05-25,EVENT_UNADJUSTABLE
CANBK|NOISIN|1,CANBK,1,2017-02-17,2017-02-17,EVENT_UNADJUSTABLE
CANFINHOME|NOISIN|4,CANFINHOME,1,2015-01-23,2015-01-23,EVENT_UNADJUSTABLE
CENTURYTEX|NOISIN|1,CENTURYTEX,1,2019-10-11,2019-10-11,EVENT_UNADJUSTABLE
CESC|NOISIN|1,CESC,1,2018-10-30,2018-10-30,EVENT_UNADJUSTABLE
CHOLADBS|NOISIN|2,CHOLAFIN,1,2020-03-23,2020-03-23,UNEXPLAINED_JUMP
CONCOR|NOISIN|1,CONCOR,3,2017-04-05,2025-07-04,EVENT_INCONCLUSIVE
COREPROTEC|NOISIN|1,COREEDUTEC,2,2013-02-25,2013-02-27,UNEXPLAINED_JUMP
COROMNFERT|NOISIN|1,COROMANDEL,1,2012-07-13,2012-07-13,EVENT_UNADJUSTABLE
CROMPGREAV|NOISIN|1,CROMPGREAV|CGPOWER,2,2016-03-15,2019-02-13,EVENT_UNADJUSTABLE+UNEXPLAINED_JUMP
CUB|NOISIN|1,CUB,3,2012-11-22,2018-07-10,EVENT_INCONCLUSIVE+EVENT_UNADJUSTABLE
DEEPAKFERT|NOISIN|1,DEEPAKFERT,1,2020-09-16,2020-09-16,EVENT_UNADJUSTABLE
DEWANHOUS|NOISIN|1,DHFL,2,2018-09-21,2019-07-15,UNEXPLAINED_JUMP
DHANBANK|NOISIN|4,DHANBANK,1,2024-12-27,2024-12-27,EVENT_UNADJUSTABLE
DISHTV|NOISIN|1,DISHTV,1,2019-01-25,2019-01-25,UNEXPLAINED_JUMP
FINANTECH|NOISIN|2,FINANTECH,1,2013-08-01,2013-08-01,UNEXPLAINED_JUMP
GBN|NOISIN|1,TV18BRDCST,1,2012-09-14,2012-09-14,EVENT_UNADJUSTABLE
GMRINFRA|NOISIN|1,GMRINFRA,2,2015-03-11,2022-01-11,EVENT_UNADJUSTABLE
GODREJIND|NOISIN|1,GODREJIND,1,2015-01-05,2015-01-05,EVENT_INCONCLUSIVE
GODREJPROP|NOISIN|1,GODREJPROP,1,2013-08-19,2013-08-19,EVENT_UNADJUSTABLE
GRASIM|NOISIN|1,GRASIM,2,2017-07-19,2024-01-10,EVENT_UNADJUSTABLE
HCL-INSYS|NOISIN|1,HCL-INSYS,1,2017-10-31,2017-10-31,EVENT_UNADJUSTABLE
HINDCONS|NOISIN|1,HCC,3,2018-11-20,2025-12-05,EVENT_UNADJUSTABLE
HINDLEVER|NOISIN|1,HINDUNILVR,1,2025-12-05,2025-12-05,EVENT_UNADJUSTABLE
IBREALEST|NOISIN|1,IBREALEST,2,2011-12-07,2017-04-17,EVENT_UNADJUSTABLE+UNEXPLAINED_JUMP
IBSEC|NOISIN|1,IBVENTURES,1,2018-02-09,2018-02-09,EVENT_UNADJUSTABLE
IBULHSGFIN|INE148I01020|1,IBULHSGFIN,3,2019-09-30,2024-02-01,EVENT_UNADJUSTABLE+UNEXPLAINED_JUMP
ICICIBANK|NOISIN|1,ICICIBANK,1,2017-06-20,2017-06-20,EVENT_INCONCLUSIVE
IDEA|NOISIN|1,IDEA,3,2019-03-29,2020-03-18,EVENT_UNADJUSTABLE+UNEXPLAINED_JUMP
IDFC|NOISIN|1,IDFC,1,2015-10-01,2015-10-01,EVENT_UNADJUSTABLE
IEX|INE022Q01012|1,IEX,1,2025-07-24,2025-07-24,UNEXPLAINED_JUMP
IGL|NOISIN|1,IGL,1,2012-04-10,2012-04-10,UNEXPLAINED_JUMP
INDHOTEL|NOISIN|1,INDHOTEL,2,2017-10-04,2021-11-11,EVENT_UNADJUSTABLE
INDIAINFO|NOISIN|1,IIFL,1,2024-04-23,2024-04-23,EVENT_UNADJUSTABLE
INDRAYON|NOISIN|1,ABIRLANUVO,1,2016-01-20,2016-01-20,EVENT_UNADJUSTABLE
INDUSINDBK|NOISIN|1,INDUSINDBK,1,2020-03-26,2020-03-26,UNEXPLAINED_JUMP
INFIBEAM|INE483S01012|1,INFIBEAM,2,2018-09-28,2025-06-26,EVENT_UNADJUSTABLE+UNEXPLAINED_JUMP
INOXWIND|INE066P01011|1,INOXWIND,1,2025-07-29,2025-07-29,EVENT_UNADJUSTABLE
INTELLECT|INE306R01017|1,INTELLECT,2,2015-01-16,2017-07-17,EVENT_UNADJUSTABLE
ITC|NOISIN|1,ITC,1,2025-01-06,2025-01-06,EVENT_UNADJUSTABLE
JBCHEPHARM|NOISIN|1,JBCHEPHARM,1,2011-08-29,2011-08-29,UNEXPLAINED_JUMP
JETAIRWAYS|NOISIN|1,JETAIRWAYS,3,2019-04-18,2019-06-20,UNEXPLAINED_JUMP
JISLJALEQS|NOISIN|1,JISLJALEQS,1,2011-11-08,2011-11-08,EVENT_UNADJUSTABLE
JKPAPER|NOISIN|1,JKPAPER,1,2011-07-26,2011-07-26,EVENT_UNADJUSTABLE
JSWSTL|NOISIN|1,JSWSTEEL,1,2017-01-04,2017-01-04,UNEXPLAINED_JUMP
KARURVYSYA|INE036D01028|1,KARURVYSYA,3,2017-10-12,2025-08-26,EVENT_INCONCLUSIVE+EVENT_UNADJUSTABLE
KARURVYSYA|NOISIN|1,KARURVYSYA,1,2016-11-17,2016-11-17,UNEXPLAINED_JUMP
KPIT|NOISIN|1,KPIT,1,2019-01-24,2019-01-24,EVENT_UNADJUSTABLE
KSOILS|NOISIN|1,KSOILS,1,2011-08-16,2011-08-16,UNEXPLAINED_JUMP
KTKBANK|NOISIN|1,KTKBANK,2,2016-10-24,2020-03-17,EVENT_INCONCLUSIVE+EVENT_UNADJUSTABLE
L&TFH|INE498L01015|1,L&TFH,1,2021-01-21,2021-01-21,EVENT_UNADJUSTABLE
LAKSHVILAS|NOISIN|1,LAKSHVILAS,2,2014-07-25,2017-12-05,EVENT_UNADJUSTABLE
M&MFIN|NOISIN|1,M&MFIN,3,2020-03-23,2025-05-14,EVENT_UNADJUSTABLE+UNEXPLAINED_JUMP
MAJESCO|INE898S01029|1,MAJESCO|AURUM,2,2020-12-23,2022-04-12,EVENT_UNADJUSTABLE+UNEXPLAINED_JUMP
MAX|NOISIN|2,MFSL,1,2020-03-23,2020-03-23,UNEXPLAINED_JUMP
MINDAIND|NOISIN|2,MINDAIND,1,2020-08-14,2020-08-14,EVENT_UNADJUSTABLE
MOTHERSUMI|NOISIN|1,MOTHERSUMI,1,2022-01-14,2022-01-14,EVENT_UNADJUSTABLE
NAGARCONST|NOISIN|1,NCC,1,2014-09-18,2014-09-18,EVENT_UNADJUSTABLE
NICOLASPIR|NOISIN|1,PEL,3,2018-01-31,2022-08-30,EVENT_UNADJUSTABLE
NMDC|NOISIN|1,NMDC,1,2022-10-27,2022-10-27,EVENT_UNADJUSTABLE
NTPC|NOISIN|1,NTPC,2,2015-03-20,2019-03-19,EVENT_INCONCLUSIVE+EVENT_UNADJUSTABLE
OPTOCIRCUI|NOISIN|1,OPTOCIRCUI,1,2013-05-31,2013-05-31,UNEXPLAINED_JUMP
PANTALOONR|NOISIN|1,FRL,3,2013-04-17,2014-11-18,EVENT_UNADJUSTABLE
PATELENG|NOISIN|1,PATELENG,3,2019-09-17,2025-12-04,EVENT_UNADJUSTABLE
PCJEWELLER|INE785M01013|1,PCJEWELLER,1,2018-05-04,2018-05-04,UNEXPLAINED_JUMP
PFC|NOISIN|1,PFC,1,2023-09-21,2023-09-21,EVENT_INCONCLUSIVE
PFRL|INE647O01011|1,ABFRL,2,2020-06-30,2025-05-22,EVENT_UNADJUSTABLE
PNBHOUSING|INE572E01012|1,PNBHOUSING,1,2023-04-05,2023-04-05,EVENT_UNADJUSTABLE
PNB|NOISIN|1,PNB,1,2017-10-25,2017-10-25,UNEXPLAINED_JUMP
POLICYBZR|INE417T01026|1,POLICYBZR,1,2026-09-24,2026-09-24,UNEXPLAINED_JUMP
PPLPHARMA|INE0DK501011|1,PPLPHARMA,1,2023-08-02,2023-08-02,EVENT_UNADJUSTABLE
PVR|NOISIN|3,PVR,1,2020-07-09,2020-07-09,EVENT_UNADJUSTABLE
RANBAXY|NOISIN|1,RANBAXY,1,2013-09-16,2013-09-16,UNEXPLAINED_JUMP
RATNAVEER|INE05CZ01011|1,RATNAVEER,1,2026-08-25,2026-08-25,EVENT_UNADJUSTABLE
RCVL|NOISIN|1,RCOM,2,2018-05-17,2019-02-04,UNEXPLAINED_JUMP
RELCAPITAL|NOISIN|1,RELCAPITAL,1,2017-09-05,2017-09-05,EVENT_UNADJUSTABLE
RELIANCE|NOISIN|1,RELIANCE,2,2020-05-13,2023-07-20,EVENT_UNADJUSTABLE
REL|NOISIN|1,RELINFRA,1,2019-02-06,2019-02-06,UNEXPLAINED_JUMP
RITES|INE320J01015|1,RITES,1,2019-08-08,2019-08-08,EVENT_INCONCLUSIVE
RPOWER|NOISIN|1,RPOWER,2,2019-02-04,2019-02-05,UNEXPLAINED_JUMP
RUSHIL|INE573K01017|1,RUSHIL,2,2020-09-10,2023-04-13,EVENT_UNADJUSTABLE
SAWPIPES|NOISIN|1,JINDALSAW,1,2011-11-22,2011-11-22,EVENT_UNADJUSTABLE
SESAGOA|NOISIN|1,VEDL,1,2026-04-30,2026-04-30,EVENT_UNADJUSTABLE
SIEMENS|NOISIN|1,SIEMENS,1,2025-04-07,2025-04-07,EVENT_UNADJUSTABLE
SINTEX|NOISIN|1,SINTEX,2,2016-08-08,2017-05-25,EVENT_UNADJUSTABLE
SOBHA|NOISIN|1,SOBHA,1,2024-06-19,2024-06-19,EVENT_UNADJUSTABLE
SOUTHBANK|NOISIN|1,SOUTHBANK,2,2017-02-16,2024-02-27,EVENT_UNADJUSTABLE
SPARC|NOISIN|1,SPARC,2,2012-08-23,2016-03-16,EVENT_UNADJUSTABLE
SRTRANSFIN|NOISIN|1,SRTRANSFIN,1,2020-07-09,2020-07-09,EVENT_UNADJUSTABLE
STAR|NOISIN|1,STAR,2,2013-12-19,2018-04-06,EVENT_UNADJUSTABLE+UNEXPLAINED_JUMP
SUVEN|NOISIN|6,SUVEN,1,2022-10-17,2022-10-17,EVENT_UNADJUSTABLE
SUZLON|NOISIN|1,SUZLON,2,2013-02-28,2022-10-03,EVENT_UNADJUSTABLE+UNEXPLAINED_JUMP
TATACHEM|NOISIN|1,TATACHEM,1,2020-03-04,2020-03-04,EVENT_UNADJUSTABLE
TATAMOTORS|NOISIN|1,TATAMOTORS,2,2015-04-06,2025-10-14,EVENT_UNADJUSTABLE
TATAPOWER|NOISIN|1,TATAPOWER,1,2014-03-19,2014-03-19,EVENT_UNADJUSTABLE
TATASPONGE|NOISIN|1,TATASPONGE,1,2019-06-24,2019-06-24,EVENT_UNADJUSTABLE
TATATEA|NOISIN|1,TATACONSUM,1,2024-07-26,2024-07-26,EVENT_UNADJUSTABLE
TATATELSER|NOISIN|1,TTML,1,2013-08-07,2013-08-07,EVENT_INCONCLUSIVE
TEXRAIL|NOISIN|1,TEXRAIL,2,2019-09-24,2021-10-21,EVENT_UNADJUSTABLE
TISCO|NOISIN|1,TATASTEEL,1,2018-01-31,2018-01-31,EVENT_UNADJUSTABLE
TTKPRESTIG|NOISIN|1,TTKPRESTIG,1,2019-05-15,2019-05-15,EVENT_INCONCLUSIVE
TVSMOTOR|NOISIN|1,TVSMOTOR,1,2025-08-25,2025-08-25,EVENT_UNADJUSTABLE
UNIPHOS|NOISIN|1,UPL,1,2024-11-26,2024-11-26,EVENT_UNADJUSTABLE
UNITECH|NOISIN|1,UNITECH,1,2015-06-03,2015-06-03,UNEXPLAINED_JUMP
WIPRO|NOISIN|1,WIPRO,1,2013-04-09,2013-04-09,EVENT_UNADJUSTABLE
WOCKPHARMA|NOISIN|2,WOCKPHARMA,1,2022-03-08,2022-03-08,EVENT_UNADJUSTABLE
YESBANK|INE528G01035|1,YESBANK,1,2020-03-17,2020-03-17,UNEXPLAINED_JUMP
YESBANK|NOISIN|1,YESBANK,3,2018-09-21,2020-03-06,UNEXPLAINED_JUMP
ZEETELE|NOISIN|1,ZEEL,2,2014-03-03,2024-01-23,EVENT_UNADJUSTABLE+UNEXPLAINED_JUMP
