t,m12,m1,s_plus,s_pp,holding_month,sample
2012-06-29,2011-06-30,2012-05-31,2012-07-02,2012-08-01,2012-07,PRIMARY
2012-07-31,2011-07-29,2012-06-29,2012-08-01,2012-09-03,2012-08,PRIMARY
2012-08-31,2011-08-30,2012-07-31,2012-09-03,2012-10-01,2012-09,PRIMARY
2012-09-28,2011-09-30,2012-08-31,2012-10-01,2012-11-01,2012-10,PRIMARY
2012-10-31,2011-10-31,2012-09-28,2012-11-01,2012-12-03,2012-11,PRIMARY
2012-11-30,2011-11-30,2012-10-31,2012-12-03,2013-01-01,2012-12,PRIMARY
2012-12-31,2011-12-30,2012-11-30,2013-01-01,2013-02-01,2013-01,PRIMARY
2013-01-31,2012-01-31,2012-12-31,2013-02-01,2013-03-01,2013-02,PRIMARY
2013-02-28,2012-02-29,2013-01-31,2013-03-01,2013-04-01,2013-03,PRIMARY
2013-03-28,2012-03-30,2013-02-28,2013-04-01,2013-05-02,2013-04,PRIMARY
2013-04-30,2012-04-30,2013-03-28,2013-05-02,2013-06-03,2013-05,PRIMARY
2013-05-31,2012-05-31,2013-04-30,2013-06-03,2013-07-01,2013-06,PRIMARY
2013-06-28,2012-06-29,2013-05-31,2013-07-01,2013-08-01,2013-07,PRIMARY
2013-07-31,2012-07-31,2013-06-28,2013-08-01,2013-09-02,2013-08,PRIMARY
2013-08-30,2012-08-31,2013-07-31,2013-09-02,2013-10-01,2013-09,PRIMARY
2013-09-30,2012-09-28,2013-08-30,2013-10-01,2013-11-01,2013-10,PRIMARY
2013-10-31,2012-10-31,2013-09-30,2013-11-01,2013-12-02,2013-11,PRIMARY
2013-11-29,2012-11-30,2013-10-31,2013-12-02,2014-01-01,2013-12,PRIMARY
2013-12-31,2012-12-31,2013-11-29,2014-01-01,2014-02-03,2014-01,PRIMARY
2014-01-31,2013-01-31,2013-12-31,2014-02-03,2014-03-03,2014-02,PRIMARY
2014-02-28,2013-02-28,2014-01-31,2014-03-03,2014-04-01,2014-03,PRIMARY
2014-03-31,2013-03-28,2014-02-28,2014-04-01,2014-05-02,2014-04,PRIMARY
2014-04-30,2013-04-30,2014-03-31,2014-05-02,2014-06-02,2014-05,PRIMARY
2014-05-30,2013-05-31,2014-04-30,2014-06-02,2014-07-01,2014-06,PRIMARY
2014-06-30,2013-06-28,2014-05-30,2014-07-01,2014-08-01,2014-07,PRIMARY
2014-07-31,2013-07-31,2014-06-30,2014-08-01,2014-09-01,2014-08,PRIMARY
2014-08-28,2013-08-30,2014-07-31,2014-09-01,2014-10-01,2014-09,PRIMARY
2014-09-30,2013-09-30,2014-08-28,2014-10-01,2014-11-03,2014-10,PRIMARY
2014-10-31,2013-10-31,2014-09-30,2014-11-03,2014-12-01,2014-11,PRIMARY
2014-11-28,2013-11-29,2014-10-31,2014-12-01,2015-01-01,2014-12,PRIMARY
2014-12-31,2013-12-31,2014-11-28,2015-01-01,2015-02-02,2015-01,PRIMARY
2015-01-30,2014-01-31,2014-12-31,2015-02-02,2015-03-02,2015-02,PRIMARY
2015-02-27,2014-02-28,2015-01-30,2015-03-02,2015-04-01,2015-03,PRIMARY
2015-03-31,2014-03-31,2015-02-27,2015-04-01,2015-05-04,2015-04,PRIMARY
2015-04-30,2014-04-30,2015-03-31,2015-05-04,2015-06-01,2015-05,PRIMARY
2015-05-29,2014-05-30,2015-04-30,2015-06-01,2015-07-01,2015-06,PRIMARY
2015-06-30,2014-06-30,2015-05-29,2015-07-01,2015-08-03,2015-07,PRIMARY
2015-07-31,2014-07-31,2015-06-30,2015-08-03,2015-09-01,2015-08,PRIMARY
2015-08-31,2014-08-28,2015-07-31,2015-09-01,2015-10-01,2015-09,PRIMARY
2015-09-30,2014-09-30,2015-08-31,2015-10-01,2015-11-02,2015-10,PRIMARY
2015-10-30,2014-10-31,2015-09-30,2015-11-02,2015-12-01,2015-11,PRIMARY
2015-11-30,2014-11-28,2015-10-30,2015-12-01,2016-01-01,2015-12,PRIMARY
2015-12-31,2014-12-31,2015-11-30,2016-01-01,2016-02-01,2016-01,PRIMARY
2016-01-29,2015-01-30,2015-12-31,2016-02-01,2016-03-01,2016-02,PRIMARY
2016-02-29,2015-02-27,2016-01-29,2016-03-01,2016-04-01,2016-03,PRIMARY
2016-03-31,2015-03-31,2016-02-29,2016-04-01,2016-05-02,2016-04,PRIMARY
2016-04-29,2015-04-30,2016-03-31,2016-05-02,2016-06-01,2016-05,PRIMARY
2016-05-31,2015-05-29,2016-04-29,2016-06-01,2016-07-01,2016-06,PRIMARY
2016-06-30,2015-06-30,2016-05-31,2016-07-01,2016-08-01,2016-07,PRIMARY
2016-07-29,2015-07-31,2016-06-30,2016-08-01,2016-09-01,2016-08,PRIMARY
2016-08-31,2015-08-31,2016-07-29,2016-09-01,2016-10-03,2016-09,PRIMARY
2016-09-30,2015-09-30,2016-08-31,2016-10-03,2016-11-01,2016-10,PRIMARY
2016-10-28,2015-10-30,2016-09-30,2016-11-01,2016-12-01,2016-11,PRIMARY
2016-11-30,2015-11-30,2016-10-28,2016-12-01,2017-01-02,2016-12,PRIMARY
2016-12-30,2015-12-31,2016-11-30,2017-01-02,2017-02-01,2017-01,PRIMARY
2017-01-31,2016-01-29,2016-12-30,2017-02-01,2017-03-01,2017-02,PRIMARY
2017-02-28,2016-02-29,2017-01-31,2017-03-01,2017-04-03,2017-03,PRIMARY
2017-03-31,2016-03-31,2017-02-28,2017-04-03,2017-05-02,2017-04,PRIMARY
2017-04-28,2016-04-29,2017-03-31,2017-05-02,2017-06-01,2017-05,PRIMARY
2017-05-31,2016-05-31,2017-04-28,2017-06-01,2017-07-03,2017-06,PRIMARY
2017-06-30,2016-06-30,2017-05-31,2017-07-03,2017-08-01,2017-07,PRIMARY
2017-07-31,2016-07-29,2017-06-30,2017-08-01,2017-09-01,2017-08,PRIMARY
2017-08-31,2016-08-31,2017-07-31,2017-09-01,2017-10-03,2017-09,PRIMARY
2017-09-29,2016-09-30,2017-08-31,2017-10-03,2017-11-01,2017-10,PRIMARY
2017-10-31,2016-10-28,2017-09-29,2017-11-01,2017-12-01,2017-11,PRIMARY
2017-11-30,2016-11-30,2017-10-31,2017-12-01,2018-01-01,2017-12,PRIMARY
2017-12-29,2016-12-30,2017-11-30,2018-01-01,2018-02-01,2018-01,PRIMARY
2018-01-31,2017-01-31,2017-12-29,2018-02-01,2018-03-01,2018-02,PRIMARY
2018-02-28,2017-02-28,2018-01-31,2018-03-01,2018-04-02,2018-03,PRIMARY
2018-03-28,2017-03-31,2018-02-28,2018-04-02,2018-05-02,2018-04,PRIMARY
2018-04-30,2017-04-28,2018-03-28,2018-05-02,2018-06-01,2018-05,PRIMARY
2018-05-31,2017-05-31,2018-04-30,2018-06-01,2018-07-02,2018-06,PRIMARY
2018-06-29,2017-06-30,2018-05-31,2018-07-02,2018-08-01,2018-07,PRIMARY
2018-07-31,2017-07-31,2018-06-29,2018-08-01,2018-09-03,2018-08,PRIMARY
2018-08-31,2017-08-31,2018-07-31,2018-09-03,2018-10-01,2018-09,PRIMARY
2018-09-28,2017-09-29,2018-08-31,2018-10-01,2018-11-01,2018-10,PRIMARY
2018-10-31,2017-10-31,2018-09-28,2018-11-01,2018-12-03,2018-11,PRIMARY
2018-11-30,2017-11-30,2018-10-31,2018-12-03,2019-01-01,2018-12,PRIMARY
2018-12-31,2017-12-29,2018-11-30,2019-01-01,2019-02-01,2019-01,PRIMARY
2019-01-31,2018-01-31,2018-12-31,2019-02-01,2019-03-01,2019-02,PRIMARY
2019-02-28,2018-02-28,2019-01-31,2019-03-01,2019-04-01,2019-03,PRIMARY
2019-03-29,2018-03-28,2019-02-28,2019-04-01,2019-05-02,2019-04,PRIMARY
2019-04-30,2018-04-30,2019-03-29,2019-05-02,2019-06-03,2019-05,PRIMARY
2019-05-31,2018-05-31,2019-04-30,2019-06-03,2019-07-01,2019-06,PRIMARY
2019-06-28,2018-06-29,2019-05-31,2019-07-01,2019-08-01,2019-07,PRIMARY
2019-07-31,2018-07-31,2019-06-28,2019-08-01,2019-09-03,2019-08,PRIMARY
2019-08-30,2018-08-31,2019-07-31,2019-09-03,2019-10-01,2019-09,PRIMARY
2019-09-30,2018-09-28,2019-08-30,2019-10-01,2019-11-01,2019-10,PRIMARY
2019-10-31,2018-10-31,2019-09-30,2019-11-01,2019-12-02,2019-11,PRIMARY
2019-11-29,2018-11-30,2019-10-31,2019-12-02,2020-01-01,2019-12,PRIMARY
2019-12-31,2018-12-31,2019-11-29,2020-01-01,2020-02-03,2020-01,PRIMARY
2020-01-31,2019-01-31,2019-12-31,2020-02-03,2020-03-02,2020-02,PRIMARY
2020-02-28,2019-02-28,2020-01-31,2020-03-02,2020-04-01,2020-03,PRIMARY
2020-03-31,2019-03-29,2020-02-28,2020-04-01,2020-05-04,2020-04,PRIMARY
2020-04-30,2019-04-30,2020-03-31,2020-05-04,2020-06-01,2020-05,PRIMARY
2020-05-29,2019-05-31,2020-04-30,2020-06-01,2020-07-01,2020-06,PRIMARY
2020-06-30,2019-06-28,2020-05-29,2020-07-01,2020-08-03,2020-07,PRIMARY
2020-07-31,2019-07-31,2020-06-30,2020-08-03,2020-09-01,2020-08,PRIMARY
2020-08-31,2019-08-30,2020-07-31,2020-09-01,2020-10-01,2020-09,PRIMARY
2020-09-30,2019-09-30,2020-08-31,2020-10-01,2020-11-02,2020-10,PRIMARY
2020-10-30,2019-10-31,2020-09-30,2020-11-02,2020-12-01,2020-11,PRIMARY
2020-11-27,2019-11-29,2020-10-30,2020-12-01,2021-01-01,2020-12,PRIMARY
2020-12-31,2019-12-31,2020-11-27,2021-01-01,2021-02-01,2021-01,PRIMARY
2021-01-29,2020-01-31,2020-12-31,2021-02-01,2021-03-01,2021-02,PRIMARY
2021-02-26,2020-02-28,2021-01-29,2021-03-01,2021-04-01,2021-03,PRIMARY
2021-03-31,2020-03-31,2021-02-26,2021-04-01,2021-05-03,2021-04,PRIMARY
2021-04-30,2020-04-30,2021-03-31,2021-05-03,2021-06-01,2021-05,PRIMARY
2021-05-31,2020-05-29,2021-04-30,2021-06-01,2021-07-01,2021-06,PRIMARY
2021-06-30,2020-06-30,2021-05-31,2021-07-01,2021-08-02,2021-07,PRIMARY
2021-07-30,2020-07-31,2021-06-30,2021-08-02,2021-09-01,2021-08,PRIMARY
2021-08-31,2020-08-31,2021-07-30,2021-09-01,2021-10-01,2021-09,PRIMARY
2021-09-30,2020-09-30,2021-08-31,2021-10-01,2021-11-01,2021-10,PRIMARY
2021-10-29,2020-10-30,2021-09-30,2021-11-01,2021-12-01,2021-11,PRIMARY
2021-11-30,2020-11-27,2021-10-29,2021-12-01,2022-01-03,2021-12,PRIMARY
