date,entity,no_event
2023-11-28,20MICRONS|NOISIN|1,True
2025-01-13,20MICRONS|NOISIN|1,True
2018-10-19,8KMILES|INE650K01013|1,True
2020-09-15,8KMILES|INE650K01013|1,True
2021-02-02,8KMILES|INE650K01013|1,True
2022-09-13,8KMILES|INE650K01013|1,True
2024-07-15,8KMILES|INE650K01013|1,True
2025-07-14,8KMILES|INE650K01013|1,True
2026-03-02,8KMILES|INE650K01013|1,True
2026-05-19,8KMILES|INE650K01013|1,True
2013-06-14,A2ZMES|NOISIN|1,True
2014-03-03,A2ZMES|NOISIN|1,True
2014-06-30,A2ZMES|NOISIN|1,True
2014-09-09,A2ZMES|NOISIN|1,True
2019-04-02,A2ZMES|NOISIN|1,True
2021-07-20,A2ZMES|NOISIN|1,True
2022-01-04,A2ZMES|NOISIN|1,True
2023-08-16,A2ZMES|NOISIN|1,True
2024-10-14,A2ZMES|NOISIN|1,True
2025-03-25,A2ZMES|NOISIN|1,True
2025-10-27,A2ZMES|NOISIN|1,True
2026-05-19,A2ZMES|NOISIN|1,True
2013-11-29,AANJANEYA|NOISIN|1,True
2013-03-01,AARTIDRUGS|NOISIN|2,True
2019-07-17,AARTIIND|NOISIN|2,False
2019-06-25,ABANLLOYD|NOISIN|1,True
2019-12-10,ABANLLOYD|NOISIN|1,True
2020-05-27,ABANLLOYD|NOISIN|1,True
2021-02-02,ABANLLOYD|NOISIN|1,True
2021-07-20,ABANLLOYD|NOISIN|1,True
2022-01-04,ABANLLOYD|NOISIN|1,True
2024-01-29,ABANLLOYD|NOISIN|1,True
2024-08-05,ABANLLOYD|NOISIN|1,True
2025-05-26,ABANLLOYD|NOISIN|1,True
2020-01-06,ABB|NOISIN|1,False
2019-12-12,ABCAPITAL|INE674K01013|1,True
2022-04-25,ABSHEKINDS|NOISIN|3,True
2021-09-13,ADANIGAS|INE399L01023|1,True
2022-02-28,ADANIGAS|INE399L01023|1,True
2021-09-13,ADANIGREEN|INE364U01010|1,True
2021-09-20,ADANIPOWER|NOISIN|1,True
2021-11-01,ADANIPOWER|NOISIN|1,True
2022-11-28,ADANIPOWER|NOISIN|1,True
2023-01-02,ADANIPOWER|NOISIN|1,True
2024-03-18,ADANIPOWER|NOISIN|1,True
2018-10-30,ADANITRANS|INE931S01010|1,True
2021-09-13,ADANITRANS|INE931S01010|1,True
2022-02-14,ADANITRANS|INE931S01010|1,True
2020-05-27,AFFLE|INE00WC01019|1,True
2021-09-13,AFFLE|INE00WC01019|1,True
2018-02-07,AHMEDFORGE|NOISIN|2,True
2018-10-16,AHMEDFORGE|NOISIN|2,True
2019-04-02,AHMEDFORGE|NOISIN|2,True
2019-09-17,AHMEDFORGE|NOISIN|2,True
2019-12-10,AHMEDFORGE|NOISIN|2,True
2020-06-08,AHMEDFORGE|NOISIN|2,True
2020-08-10,AHMEDFORGE|NOISIN|2,True
2020-11-10,AHMEDFORGE|NOISIN|2,True
2021-02-08,AHMEDFORGE|NOISIN|2,True
2013-08-30,AIRDECCAN|NOISIN|1,True
2014-03-03,AIRDECCAN|NOISIN|1,True
2014-06-30,AIRDECCAN|NOISIN|1,True
2011-07-06,ALKYLAMINE|INE150B01013|1,True
2011-11-30,ALKYLAMINE|INE150B01013|1,True
2011-12-26,ALKYLAMINE|INE150B01013|1,True
2011-12-28,ALKYLAMINE|INE150B01013|1,True
2012-02-01,ALKYLAMINE|INE150B01013|1,True
2012-03-21,ALKYLAMINE|INE150B01013|1,True
2012-04-12,ALKYLAMINE|INE150B01013|1,True
2012-04-23,ALKYLAMINE|INE150B01013|1,True
2012-05-23,ALKYLAMINE|INE150B01013|1,True
2012-06-19,ALKYLAMINE|INE150B01013|1,True
2012-06-25,ALKYLAMINE|INE150B01013|1,True
2013-03-06,ALKYLAMINE|INE150B01013|1,True
2013-04-18,ALKYLAMINE|INE150B01013|1,True
2013-04-29,ALKYLAMINE|INE150B01013|1,True
2013-05-20,ALKYLAMINE|INE150B01013|1,True
2013-06-04,ALKYLAMINE|INE150B01013|1,True
2013-06-06,ALKYLAMINE|INE150B01013|1,True
2013-07-11,ALKYLAMINE|INE150B01013|1,True
2013-07-15,ALKYLAMINE|INE150B01013|1,True
2013-07-24,ALKYLAMINE|INE150B01013|1,True
2013-08-06,ALKYLAMINE|INE150B01013|1,True
2013-08-08,ALKYLAMINE|INE150B01013|1,True
2013-08-22,ALKYLAMINE|INE150B01013|1,True
2013-08-26,ALKYLAMINE|INE150B01013|1,True
2013-09-03,ALKYLAMINE|INE150B01013|1,True
2013-09-06,ALKYLAMINE|INE150B01013|1,True
2013-09-16,ALKYLAMINE|INE150B01013|1,True
2013-09-20,ALKYLAMINE|INE150B01013|1,True
2013-09-24,ALKYLAMINE|INE150B01013|1,True
2013-10-03,ALKYLAMINE|INE150B01013|1,True
2013-10-08,ALKYLAMINE|INE150B01013|1,True
2013-10-15,ALKYLAMINE|INE150B01013|1,True
2013-10-29,ALKYLAMINE|INE150B01013|1,True
2013-11-07,ALKYLAMINE|INE150B01013|1,True
2013-11-26,ALKYLAMINE|INE150B01013|1,True
2013-12-02,ALKYLAMINE|INE150B01013|1,True
2013-12-24,ALKYLAMINE|INE150B01013|1,True
2014-01-02,ALKYLAMINE|INE150B01013|1,True
2014-01-07,ALKYLAMINE|INE150B01013|1,True
2014-01-21,ALKYLAMINE|INE150B01013|1,True
2014-02-18,ALKYLAMINE|INE150B01013|1,True
2014-02-20,ALKYLAMINE|INE150B01013|1,True
2023-03-01,ALOKINDS|INE270A01029|1,True
2024-04-23,ALOKINDS|INE270A01029|1,True
2018-02-07,ALOKTEXT|NOISIN|1,True
2018-10-16,ALOKTEXT|NOISIN|1,True
2019-06-25,ALOKTEXT|NOISIN|1,True
2015-02-23,AMRUTANJAN|NOISIN|1,True
2018-02-07,AMTEKAUTO|NOISIN|1,True
2014-08-06,AMTEKINDIA|NOISIN|1,True
2015-07-07,AMTEKINDIA|NOISIN|1,True
2017-08-23,AMTEKINDIA|NOISIN|1,True
2018-02-07,AMTEKINDIA|NOISIN|1,True
2018-07-24,AMTEKINDIA|NOISIN|1,True
2019-08-23,AMTEKINDIA|NOISIN|1,True
2020-03-04,AMTEKINDIA|NOISIN|1,True
2020-06-08,AMTEKINDIA|NOISIN|1,True
2020-10-12,AMTEKINDIA|NOISIN|1,True
2012-08-31,AMTREXAPPL|NOISIN|2,True
2014-03-03,AMTREXAPPL|NOISIN|2,True
2020-10-20,ANANTRAJ|NOISIN|1,False
2021-09-13,ANANTRAJ|NOISIN|1,True
2021-11-29,ANANTRAJ|NOISIN|1,True
2024-10-08,APIL|NOISIN|1,True
2026-05-19,APIL|NOISIN|1,True
2012-01-18,APLAPOLLO|INE702C01019|1,True
2012-09-12,APLAPOLLO|INE702C01019|1,True
2022-03-29,APOLLO|INE713T01010|1,True
2022-12-06,APOLLO|INE713T01010|1,True
2024-03-26,APOLLO|INE713T01010|1,True
2024-05-13,APOLLO|INE713T01010|1,True
2012-03-02,APTECHT|NOISIN|1,True
2025-09-01,APTECHT|NOISIN|1,True
2026-09-21,APTECHT|NOISIN|1,True
2018-10-31,ARCOTECH|INE574I01027|1,True
2019-06-25,ARCOTECH|INE574I01027|1,True
2020-03-04,ARCOTECH|INE574I01027|1,True
2020-08-24,ARCOTECH|INE574I01027|1,True
2020-11-10,ARCOTECH|INE574I01027|1,True
2023-08-16,AREVA|NOISIN|1,True
2025-01-06,AREVA|NOISIN|1,True
2025-01-20,AREVA|NOISIN|1,True
2014-03-03,ATULAUTO|INE951D01010|1,True
2024-10-08,ATULAUTO|INE951D01010|1,True
2011-07-05,AVANTI|NOISIN|2,True
2012-03-02,AVANTI|NOISIN|2,True
2013-08-30,AVANTI|NOISIN|2,True
2014-06-13,AVANTI|NOISIN|2,True
2015-04-15,AVANTI|NOISIN|2,True
2024-06-28,AVENTIS|NOISIN|1,False
2022-08-16,AWL|INE699H01024|1,True
2011-09-06,AXIS-IT&T|NOISIN|8,True
2012-03-02,AXIS-IT&T|NOISIN|8,True
2013-07-24,AXIS-IT&T|NOISIN|8,True
2014-03-03,AXIS-IT&T|NOISIN|8,True
2020-03-04,AXIS-IT&T|NOISIN|8,True
2021-07-20,AXIS-IT&T|NOISIN|8,True
2022-03-29,AXIS-IT&T|NOISIN|8,True
2023-10-09,AXIS-IT&T|NOISIN|8,True
2025-09-09,AXIS-IT&T|NOISIN|8,True
2026-01-12,AXIS-IT&T|NOISIN|8,True
2023-09-29,BAJAJELEC|NOISIN|1,False
2021-10-11,BAJAJHIND|NOISIN|1,True
2021-11-29,BAJAJHIND|NOISIN|1,True
2015-04-09,BALKRISIND|NOISIN|1,False
2014-08-06,BEML|NOISIN|1,True
2022-09-22,BEML|NOISIN|1,False
2011-07-11,BEPL|NOISIN|4,True
2011-12-30,BEPL|NOISIN|4,True
2012-04-24,BEPL|NOISIN|4,True
2012-06-06,BEPL|NOISIN|4,True
2012-07-17,BEPL|NOISIN|4,True
2012-08-17,BEPL|NOISIN|4,True
2012-08-31,BEPL|NOISIN|4,True
2012-11-16,BEPL|NOISIN|4,True
2012-12-26,BEPL|NOISIN|4,True
2013-01-02,BEPL|NOISIN|4,True
2013-04-15,BEPL|NOISIN|4,True
2013-06-14,BEPL|NOISIN|4,True
2013-07-26,BEPL|NOISIN|4,True
2013-08-23,BEPL|NOISIN|4,True
2013-08-28,BEPL|NOISIN|4,True
2013-09-03,BEPL|NOISIN|4,True
2013-10-10,BEPL|NOISIN|4,True
2013-10-17,BEPL|NOISIN|4,True
2013-10-21,BEPL|NOISIN|4,True
2013-11-29,BEPL|NOISIN|4,True
2013-12-06,BEPL|NOISIN|4,True
2013-12-11,BEPL|NOISIN|4,True
2013-12-24,BEPL|NOISIN|4,True
2014-01-09,BEPL|NOISIN|4,True
2014-01-13,BEPL|NOISIN|4,True
2014-01-23,BEPL|NOISIN|4,True
2014-01-29,BEPL|NOISIN|4,True
2014-02-14,BEPL|NOISIN|4,True
2014-04-15,BEPL|NOISIN|4,True
2014-04-29,BEPL|NOISIN|4,True
2014-05-05,BEPL|NOISIN|4,True
2014-06-30,BEPL|NOISIN|4,True
2014-07-03,BEPL|NOISIN|4,True
2014-12-26,BEPL|NOISIN|4,True
2015-06-17,BEPL|NOISIN|4,True
2015-06-19,BEPL|NOISIN|4,True
2014-03-03,BFUTILITIE|NOISIN|1,True
2025-01-27,BFUTILITIE|NOISIN|1,True
2026-04-21,BFUTILITIE|NOISIN|1,True
2020-08-18,BGRENERGY|NOISIN|1,True
2021-02-02,BGRENERGY|NOISIN|1,True
2024-10-28,BGRENERGY|NOISIN|1,True
2025-08-04,BGRENERGY|NOISIN|1,True
2026-01-12,BGRENERGY|NOISIN|1,True
2019-04-02,BHUSANSTL|NOISIN|1,True
2022-01-17,BLS|INE153T01019|1,True
2018-10-30,BOMDYEING|NOISIN|1,True
2013-03-01,CANFINHOME|NOISIN|4,True
2021-10-25,CDSL|INE736A01011|1,True
2014-03-03,CEBBCO|NOISIN|2,True
2014-08-06,CEBBCO|NOISIN|2,True
2017-08-23,CEBBCO|NOISIN|2,True
2018-02-07,CEBBCO|NOISIN|2,True
2019-04-02,CEBBCO|NOISIN|2,True
2021-04-27,CEBBCO|NOISIN|2,True
2021-10-12,CEBBCO|NOISIN|2,True
2022-12-06,CEBBCO|NOISIN|2,True
2013-08-01,CENTURYPLY|NOISIN|1,False
2024-12-30,COCHINSHIP|INE704P01017|1,True
2021-05-03,COFFEEDAY|INE335K01011|1,True
2025-03-03,COFFEEDAY|INE335K01011|1,True
2025-06-09,COFFEEDAY|INE335K01011|1,True
2025-12-15,COFFEEDAY|INE335K01011|1,True
2026-09-07,COFFEEDAY|INE335K01011|1,True
2014-03-03,COREPROTEC|NOISIN|1,True
2014-06-30,COREPROTEC|NOISIN|1,True
2018-11-09,COX&KINGS|NOISIN|1,False
2020-02-13,CROMPGREAV|NOISIN|1,True
2020-09-14,CROMPGREAV|NOISIN|1,True
2021-09-13,CROMPGREAV|NOISIN|1,True
2022-01-04,CROMPGREAV|NOISIN|1,True
2014-08-06,DALMIABEL|NOISIN|1,True
2013-07-09,DATATECH|NOISIN|2,True
2013-07-12,DATATECH|NOISIN|2,True
2013-07-16,DATATECH|NOISIN|2,True
2013-07-23,DATATECH|NOISIN|2,True
2013-07-29,DATATECH|NOISIN|2,True
2013-08-05,DATATECH|NOISIN|2,True
2013-09-06,DATATECH|NOISIN|2,True
2013-09-17,DATATECH|NOISIN|2,True
2013-09-27,DATATECH|NOISIN|2,True
2013-10-01,DATATECH|NOISIN|2,True
2013-10-29,DATATECH|NOISIN|2,True
2013-11-28,DATATECH|NOISIN|2,True
2013-12-10,DATATECH|NOISIN|2,True
2012-08-31,DBREALTY|NOISIN|1,True
2014-08-06,DBREALTY|NOISIN|1,True
2019-04-02,DBREALTY|NOISIN|1,True
2020-03-04,DBREALTY|NOISIN|1,True
2021-04-27,DBREALTY|NOISIN|1,True
2022-05-16,DBREALTY|NOISIN|1,True
2022-05-30,DBREALTY|NOISIN|1,True
2022-06-13,DBREALTY|NOISIN|1,True
2022-09-13,DBREALTY|NOISIN|1,True
2025-08-01,DBREALTY|NOISIN|1,False
2026-08-11,DBREALTY|NOISIN|1,True
2021-09-20,DEEPAKFERT|NOISIN|1,True
2011-07-12,DEEPAKNTR|NOISIN|1,True
2011-08-03,DEEPAKNTR|NOISIN|1,True
2011-08-11,DEEPAKNTR|NOISIN|1,True
2011-08-25,DEEPAKNTR|NOISIN|1,True
2011-09-05,DEEPAKNTR|NOISIN|1,True
2011-09-14,DEEPAKNTR|NOISIN|1,True
2011-09-19,DEEPAKNTR|NOISIN|1,True
2011-09-28,DEEPAKNTR|NOISIN|1,True
2011-10-03,DEEPAKNTR|NOISIN|1,True
2011-10-17,DEEPAKNTR|NOISIN|1,True
2011-10-19,DEEPAKNTR|NOISIN|1,True
2011-10-26,DEEPAKNTR|NOISIN|1,True
2011-11-02,DEEPAKNTR|NOISIN|1,True
2011-11-04,DEEPAKNTR|NOISIN|1,True
2011-11-18,DEEPAKNTR|NOISIN|1,True
2011-12-02,DEEPAKNTR|NOISIN|1,True
2011-12-07,DEEPAKNTR|NOISIN|1,True
2011-12-13,DEEPAKNTR|NOISIN|1,True
2012-06-13,DEEPAKNTR|NOISIN|1,True
2012-06-19,DEEPAKNTR|NOISIN|1,True
2012-06-25,DEEPAKNTR|NOISIN|1,True
2012-07-02,DEEPAKNTR|NOISIN|1,True
2012-07-05,DEEPAKNTR|NOISIN|1,True
2012-07-30,DEEPAKNTR|NOISIN|1,True
2012-08-09,DEEPAKNTR|NOISIN|1,True
2012-08-13,DEEPAKNTR|NOISIN|1,True
2012-09-03,DEEPAKNTR|NOISIN|1,True
2013-04-10,DEEPAKNTR|NOISIN|1,True
2013-04-17,DEEPAKNTR|NOISIN|1,True
2013-04-29,DEEPAKNTR|NOISIN|1,True
2013-05-08,DEEPAKNTR|NOISIN|1,True
2013-05-22,DEEPAKNTR|NOISIN|1,True
2013-06-10,DEEPAKNTR|NOISIN|1,True
2013-06-12,DEEPAKNTR|NOISIN|1,True
2013-06-14,DEEPAKNTR|NOISIN|1,True
2013-06-18,DEEPAKNTR|NOISIN|1,True
2013-06-28,DEEPAKNTR|NOISIN|1,True
2013-07-05,DEEPAKNTR|NOISIN|1,True
2013-08-02,DEEPAKNTR|NOISIN|1,True
2013-09-04,DEEPAKNTR|NOISIN|1,True
2013-09-13,DEEPAKNTR|NOISIN|1,True
2013-09-18,DEEPAKNTR|NOISIN|1,True
2013-09-26,DEEPAKNTR|NOISIN|1,True
2013-10-03,DEEPAKNTR|NOISIN|1,True
2013-10-10,DEEPAKNTR|NOISIN|1,True
2013-10-29,DEEPAKNTR|NOISIN|1,True
2013-12-17,DEEPAKNTR|NOISIN|1,True
2013-12-30,DEEPAKNTR|NOISIN|1,True
2014-01-02,DEEPAKNTR|NOISIN|1,True
2014-01-06,DEEPAKNTR|NOISIN|1,True
2014-02-07,DEEPAKNTR|NOISIN|1,True
2019-12-10,DEN|NOISIN|1,True
2014-03-03,DHAMPURSUG|NOISIN|3,True
2022-05-27,DHAMPURSUG|NOISIN|3,False
2019-01-08,DHANBANK|NOISIN|4,True
2024-05-27,DHANBANK|NOISIN|4,True
2025-03-25,DHANBANK|NOISIN|4,True
2025-03-24,DIACABS|INE989C01038|1,True
2022-01-04,DISHTV|NOISIN|1,True
2025-07-21,DISHTV|NOISIN|1,True
2026-08-11,DISHTV|NOISIN|1,True
2020-05-27,DMART|INE192R01011|1,True
2024-04-23,DREDGECORP|NOISIN|1,True
2024-10-08,DREDGECORP|NOISIN|1,True
2012-03-02,DWARKESH|NOISIN|5,True
2012-08-31,DWARKESH|NOISIN|5,True
2014-03-03,DWARKESH|NOISIN|5,True
2016-01-05,DWARKESH|NOISIN|5,True
2019-01-08,DWARKESH|NOISIN|5,True
2022-01-04,EASEMYTRIP|INE07O001018|1,True
2021-09-20,ECLERX|NOISIN|2,True
2014-08-06,EDELWEISS|NOISIN|1,True
2023-06-16,EDELWEISS|NOISIN|1,False
2014-03-03,EDUCOMP|NOISIN|1,True
2014-06-13,EDUCOMP|NOISIN|1,True
2014-08-06,EDUCOMP|NOISIN|1,True
2014-06-30,ERACONS|NOISIN|1,True
2015-03-11,ERACONS|NOISIN|1,True
2019-12-10,EROSMEDIA|NOISIN|1,True
2020-11-10,EROSMEDIA|NOISIN|1,True
2022-12-06,EROSMEDIA|NOISIN|1,True
2014-06-30,ESSAROIL|NOISIN|1,True
2017-03-07,ESSDEE|NOISIN|1,True
2017-05-30,ESSDEE|NOISIN|1,True
2017-11-14,ESSDEE|NOISIN|1,True
2018-07-24,ESSDEE|NOISIN|1,True
2019-01-08,ESSDEE|NOISIN|1,True
2012-12-03,EVEREADY|NOISIN|2,True
2014-03-03,EVEREADY|NOISIN|2,True
2014-06-30,EVEREADY|NOISIN|2,True
2020-05-27,EVEREADY|NOISIN|2,True
2017-08-23,FACT|NOISIN|2,True
2020-05-27,FINANTECH|NOISIN|2,True
2020-08-18,FINANTECH|NOISIN|2,True
2021-02-02,FINANTECH|NOISIN|2,True
2021-07-20,FINANTECH|NOISIN|2,True
2022-05-02,FINANTECH|NOISIN|2,True
2024-03-18,FINANTECH|NOISIN|2,True
2022-05-16,FLUOROCHEM|INE09N301011|1,True
2024-02-14,FORCEMOT|INE451A01017|1,True
2017-12-13,FRETAIL|INE752P01024|1,False
2022-12-06,FVIL|INE220J01025|1,True
2024-04-23,FVIL|INE220J01025|1,True
2014-08-06,GATI|NOISIN|1,True
2014-08-06,GAYAPROJ|INE336H01015|1,True
2018-02-14,GAYAPROJ|INE336H01015|1,False
2020-08-18,GAYAPROJ|INE336H01015|1,True
2026-08-31,GAYAPROJ|INE336H01015|1,True
2014-06-30,GBN|NOISIN|1,True
2024-04-23,GBN|NOISIN|1,True
2023-04-24,GHCL|NOISIN|1,False
2012-05-24,GMBREW|NOISIN|3,True
2012-06-25,GMBREW|NOISIN|3,True
2021-01-27,GMBREW|NOISIN|3,True
2017-08-23,GOACARBON|NOISIN|4,True
2019-12-10,GOACARBON|NOISIN|4,True
2020-03-04,GOACARBON|NOISIN|4,True
2020-05-27,GOACARBON|NOISIN|4,True
2021-02-02,GOACARBON|NOISIN|4,True
2021-07-20,GOACARBON|NOISIN|4,True
2012-06-18,GOLDINFRA|NOISIN|2,True
2013-08-13,GOLDINFRA|NOISIN|2,True
2014-03-26,GOLDINFRA|NOISIN|2,True
2015-12-07,GOLDINFRA|NOISIN|2,True
2017-05-30,GOLDINFRA|NOISIN|2,True
2017-11-14,GOLDINFRA|NOISIN|2,True
2018-10-30,GOLDINFRA|NOISIN|2,True
2022-01-04,GOLDINFRA|NOISIN|2,True
2022-06-20,GRAVITA|NOISIN|1,True
2019-08-22,GUJFLUORO|NOISIN|1,False
2019-10-07,GUJFLUORO|NOISIN|1,True
2021-04-13,GUJFLUORO|NOISIN|1,False
2024-11-12,GUJFLUORO|NOISIN|1,True
2025-11-13,GUJFLUORO|NOISIN|1,True
2026-07-16,GUJGASLTD|INE844O01022|1,False
2014-06-30,GVKPIL|NOISIN|1,True
2018-02-07,GVKPIL|NOISIN|1,True
2022-08-19,GVKPIL|NOISIN|1,True
2022-12-06,GVKPIL|NOISIN|1,True
2024-01-01,GVKPIL|NOISIN|1,True
2024-02-12,GVKPIL|NOISIN|1,True
2024-03-11,GVKPIL|NOISIN|1,True
2024-03-26,GVKPIL|NOISIN|1,True
2024-05-13,GVKPIL|NOISIN|1,True
2024-06-24,GVKPIL|NOISIN|1,True
2021-12-27,HAPPSTMNDS|INE419U01012|1,True
2022-01-31,HAPPSTMNDS|INE419U01012|1,True
2020-11-09,HATHWAY|NOISIN|1,True
2012-08-31,HBLPOWER|NOISIN|2,True
2024-04-15,HCIL|NOISIN|1,True
2024-04-29,HCIL|NOISIN|1,True
2020-05-27,HCL-INSYS|NOISIN|1,True
2020-08-18,HCL-INSYS|NOISIN|1,True
2023-11-07,HCL-INSYS|NOISIN|1,True
2024-03-13,HCL-INSYS|NOISIN|1,True
2024-07-16,HCL-INSYS|NOISIN|1,True
2024-12-31,HCL-INSYS|NOISIN|1,True
2025-09-09,HCL-INSYS|NOISIN|1,True
2026-09-22,HEG|NOISIN|1,False
2014-06-30,HFCL|NOISIN|1,True
2021-10-11,HFCL|NOISIN|1,True
2012-03-02,HIMATSEIDE|NOISIN|2,True
2021-10-25,HIMATSEIDE|NOISIN|2,True
2014-06-30,HINDCONS|NOISIN|1,True
2025-09-09,HINDCONS|NOISIN|1,True
2013-11-29,HINDOILEXP|NOISIN|1,True
2014-06-30,IBPOW|NOISIN|1,True
2014-11-13,IBPOW|NOISIN|1,True
2019-12-10,IBPOW|NOISIN|1,True
2021-10-12,IBPOW|NOISIN|1,True
2022-03-29,IBPOW|NOISIN|1,True
2024-05-13,IBPOW|NOISIN|1,True
2024-06-24,IBPOW|NOISIN|1,True
2024-08-12,IBPOW|NOISIN|1,True
2024-09-09,IBPOW|NOISIN|1,True
2026-05-06,IBREALEST|NOISIN|1,True
2012-06-15,IBSEC|NOISIN|1,True
2018-10-30,IBSEC|NOISIN|1,True
2023-11-07,IBSEC|NOISIN|1,True
2013-07-10,IGARASHI|NOISIN|4,True
2013-07-30,IGARASHI|NOISIN|4,True
2013-08-02,IGARASHI|NOISIN|4,True
2013-08-06,IGARASHI|NOISIN|4,True
2013-08-12,IGARASHI|NOISIN|4,True
2013-08-26,IGARASHI|NOISIN|4,True
2013-09-20,IGARASHI|NOISIN|4,True
2013-09-26,IGARASHI|NOISIN|4,True
2013-11-14,IGARASHI|NOISIN|4,True
2013-12-02,IGARASHI|NOISIN|4,True
2013-12-16,IGARASHI|NOISIN|4,True
2026-09-17,INDIAGLYCO|NOISIN|2,False
2014-08-06,INDIAINFO|NOISIN|1,True
2017-11-01,INDIAINFO|NOISIN|1,False
2019-06-14,INDIAINFO|NOISIN|1,False
2021-09-13,INDIAINFO|NOISIN|1,True
2021-10-25,INDIAINFO|NOISIN|1,True
2020-12-24,INFIBEAM|INE483S01012|1,False
2024-09-25,INFIBEAM|INE483S01012|1,False
2012-12-03,INOXLEISUR|NOISIN|1,True
2014-03-03,INVENTURE|INE878H01016|1,True
2018-05-02,INVENTURE|INE878H01016|1,True
2020-05-27,INVENTURE|INE878H01016|1,True
2024-05-27,INVENTURE|INE878H01016|1,True
2011-11-17,IOLCP|NOISIN|1,True
2012-03-20,IOLCP|NOISIN|1,True
2012-03-22,IOLCP|NOISIN|1,True
2012-04-10,IOLCP|NOISIN|1,True
2012-04-25,IOLCP|NOISIN|1,True
2012-05-11,IOLCP|NOISIN|1,True
2012-05-15,IOLCP|NOISIN|1,True
2012-05-22,IOLCP|NOISIN|1,True
2012-07-19,IOLCP|NOISIN|1,True
2012-07-23,IOLCP|NOISIN|1,True
2012-08-02,IOLCP|NOISIN|1,True
2012-08-16,IOLCP|NOISIN|1,True
2013-01-16,IOLCP|NOISIN|1,True
2013-04-10,IOLCP|NOISIN|1,True
2013-05-03,IOLCP|NOISIN|1,True
2013-07-04,IOLCP|NOISIN|1,True
2013-07-10,IOLCP|NOISIN|1,True
2013-07-12,IOLCP|NOISIN|1,True
2013-07-17,IOLCP|NOISIN|1,True
2013-08-12,IOLCP|NOISIN|1,True
2013-09-10,IOLCP|NOISIN|1,True
2013-09-12,IOLCP|NOISIN|1,True
2013-10-10,IOLCP|NOISIN|1,True
2013-10-17,IOLCP|NOISIN|1,True
2013-10-23,IOLCP|NOISIN|1,True
2013-10-31,IOLCP|NOISIN|1,True
2013-11-06,IOLCP|NOISIN|1,True
2013-11-11,IOLCP|NOISIN|1,True
2013-11-14,IOLCP|NOISIN|1,True
2013-11-22,IOLCP|NOISIN|1,True
2013-11-27,IOLCP|NOISIN|1,True
2013-12-02,IOLCP|NOISIN|1,True
2013-12-05,IOLCP|NOISIN|1,True
2013-12-11,IOLCP|NOISIN|1,True
2013-12-18,IOLCP|NOISIN|1,True
2013-12-24,IOLCP|NOISIN|1,True
2013-12-31,IOLCP|NOISIN|1,True
2014-01-03,IOLCP|NOISIN|1,True
2014-01-15,IOLCP|NOISIN|1,True
2014-01-17,IOLCP|NOISIN|1,True
2014-01-23,IOLCP|NOISIN|1,True
2014-02-11,IOLCP|NOISIN|1,True
2014-03-04,IOLCP|NOISIN|1,True
2014-03-13,IOLCP|NOISIN|1,True
2014-03-18,IOLCP|NOISIN|1,True
2014-04-01,IOLCP|NOISIN|1,True
2014-04-15,IOLCP|NOISIN|1,True
2014-08-06,IOLCP|NOISIN|1,True
2014-10-10,IOLCP|NOISIN|1,True
2018-02-07,IOLCP|NOISIN|1,True
2018-07-24,IOLCP|NOISIN|1,True
2025-04-15,ITI|NOISIN|3,True
2014-06-30,IVRCLINFRA|NOISIN|1,True
2018-02-07,IVRCLINFRA|NOISIN|1,True
2018-10-16,IVRCLINFRA|NOISIN|1,True
2011-09-14,JAMNAAUTO|NOISIN|1,True
2011-10-24,JAMNAAUTO|NOISIN|1,True
2011-11-01,JAMNAAUTO|NOISIN|1,True
2011-12-14,JAMNAAUTO|NOISIN|1,True
2011-12-26,JAMNAAUTO|NOISIN|1,True
2011-12-28,JAMNAAUTO|NOISIN|1,True
2012-01-03,JAMNAAUTO|NOISIN|1,True
2012-01-19,JAMNAAUTO|NOISIN|1,True
2013-04-02,JAMNAAUTO|NOISIN|1,True
2013-04-16,JAMNAAUTO|NOISIN|1,True
2013-05-02,JAMNAAUTO|NOISIN|1,True
2013-05-06,JAMNAAUTO|NOISIN|1,True
2013-05-16,JAMNAAUTO|NOISIN|1,True
2013-05-21,JAMNAAUTO|NOISIN|1,True
2013-05-27,JAMNAAUTO|NOISIN|1,True
2013-05-29,JAMNAAUTO|NOISIN|1,True
2013-05-31,JAMNAAUTO|NOISIN|1,True
2013-06-07,JAMNAAUTO|NOISIN|1,True
2013-06-24,JAMNAAUTO|NOISIN|1,True
2013-07-08,JAMNAAUTO|NOISIN|1,True
2013-07-15,JAMNAAUTO|NOISIN|1,True
2013-07-18,JAMNAAUTO|NOISIN|1,True
2013-07-22,JAMNAAUTO|NOISIN|1,True
2013-07-26,JAMNAAUTO|NOISIN|1,True
2013-08-06,JAMNAAUTO|NOISIN|1,True
2013-08-12,JAMNAAUTO|NOISIN|1,True
2013-08-22,JAMNAAUTO|NOISIN|1,True
2013-08-30,JAMNAAUTO|NOISIN|1,True
2013-09-04,JAMNAAUTO|NOISIN|1,True
2013-09-10,JAMNAAUTO|NOISIN|1,True
2013-09-16,JAMNAAUTO|NOISIN|1,True
2013-09-19,JAMNAAUTO|NOISIN|1,True
2013-09-25,JAMNAAUTO|NOISIN|1,True
2013-09-30,JAMNAAUTO|NOISIN|1,True
2013-10-08,JAMNAAUTO|NOISIN|1,True
2013-10-11,JAMNAAUTO|NOISIN|1,True
2013-11-05,JAMNAAUTO|NOISIN|1,True
2013-11-14,JAMNAAUTO|NOISIN|1,True
2013-11-20,JAMNAAUTO|NOISIN|1,True
2013-12-23,JAMNAAUTO|NOISIN|1,True
2014-01-08,JAMNAAUTO|NOISIN|1,True
2014-01-13,JAMNAAUTO|NOISIN|1,True
2014-01-21,JAMNAAUTO|NOISIN|1,True
2014-01-28,JAMNAAUTO|NOISIN|1,True
2014-02-11,JAMNAAUTO|NOISIN|1,True
2014-03-18,JAMNAAUTO|NOISIN|1,True
2018-02-07,JAYNECOIND|NOISIN|2,True
2019-06-25,JAYNECOIND|NOISIN|2,True
2019-09-17,JAYNECOIND|NOISIN|2,True
2020-08-18,JAYNECOIND|NOISIN|2,True
2020-11-10,JAYNECOIND|NOISIN|2,True
2021-02-02,JAYNECOIND|NOISIN|2,True
2021-09-13,JAYNECOIND|NOISIN|2,True
2022-03-07,JAYNECOIND|NOISIN|2,True
2013-07-31,JINDALPOLY|NOISIN|2,False
2020-01-13,JINDALPOLY|NOISIN|2,False
2012-06-15,JINDALSWHL|NOISIN|2,True
2025-02-24,JINDALSWHL|NOISIN|2,True
2025-06-30,JINDALSWHL|NOISIN|2,True
2025-08-04,JINDALSWHL|NOISIN|2,True
2020-08-18,JISLJALEQS|NOISIN|1,True
2021-09-20,JPASSOCIAT|NOISIN|1,True
2020-05-27,JPHYDRO|NOISIN|1,True
2024-05-21,JPHYDRO|NOISIN|1,True
2018-10-30,JPINFRATEC|NOISIN|1,True
2020-05-27,JPINFRATEC|NOISIN|1,True
2020-08-18,JPINFRATEC|NOISIN|1,True
2021-02-02,JPINFRATEC|NOISIN|1,True
2021-07-20,JPINFRATEC|NOISIN|1,True
2015-12-04,JSTAINLESS|NOISIN|1,False
2022-04-25,JSWENERGY|NOISIN|1,True
2021-02-18,JUBILANT|NOISIN|1,False
2012-06-15,KAKATCEM|NOISIN|1,True
2013-01-11,KAKATCEM|NOISIN|1,True
2013-04-16,KAKATCEM|NOISIN|1,True
2013-04-29,KAKATCEM|NOISIN|1,True
2013-05-03,KAKATCEM|NOISIN|1,True
2013-05-08,KAKATCEM|NOISIN|1,True
2013-05-21,KAKATCEM|NOISIN|1,True
2013-05-30,KAKATCEM|NOISIN|1,True
2013-06-06,KAKATCEM|NOISIN|1,True
2013-06-18,KAKATCEM|NOISIN|1,True
2013-06-25,KAKATCEM|NOISIN|1,True
2013-07-10,KAKATCEM|NOISIN|1,True
2013-07-17,KAKATCEM|NOISIN|1,True
2013-07-23,KAKATCEM|NOISIN|1,True
2013-07-29,KAKATCEM|NOISIN|1,True
2013-08-02,KAKATCEM|NOISIN|1,True
2013-08-08,KAKATCEM|NOISIN|1,True
2013-08-14,KAKATCEM|NOISIN|1,True
2013-08-26,KAKATCEM|NOISIN|1,True
2013-08-30,KAKATCEM|NOISIN|1,True
2013-09-17,KAKATCEM|NOISIN|1,True
2013-10-09,KAKATCEM|NOISIN|1,True
2013-10-11,KAKATCEM|NOISIN|1,True
2013-10-28,KAKATCEM|NOISIN|1,True
2013-11-01,KAKATCEM|NOISIN|1,True
2013-11-12,KAKATCEM|NOISIN|1,True
2013-11-27,KAKATCEM|NOISIN|1,True
2013-12-11,KAKATCEM|NOISIN|1,True
2013-12-17,KAKATCEM|NOISIN|1,True
2013-12-23,KAKATCEM|NOISIN|1,True
2014-01-07,KAKATCEM|NOISIN|1,True
2014-01-13,KAKATCEM|NOISIN|1,True
2014-01-29,KAKATCEM|NOISIN|1,True
2014-02-19,KAKATCEM|NOISIN|1,True
2014-02-21,KAKATCEM|NOISIN|1,True
2026-08-11,KAKATCEM|NOISIN|1,True
2012-03-02,KESORAMIND|NOISIN|1,True
2013-06-14,KESORAMIND|NOISIN|1,False
2014-08-06,KESORAMIND|NOISIN|1,True
2015-11-30,KESORAMIND|NOISIN|1,True
2016-01-05,KESORAMIND|NOISIN|1,True
2020-01-08,KESORAMIND|NOISIN|1,False
2023-11-07,KESORAMIND|NOISIN|1,True
2025-03-25,KESORAMIND|NOISIN|1,False
2025-09-08,KESORAMIND|NOISIN|1,True
2026-03-23,KESORAMIND|NOISIN|1,True
2026-09-28,KESORAMIND|NOISIN|1,True
2013-06-14,KIRIDYES|NOISIN|1,True
2014-03-03,KIRIDYES|NOISIN|1,True
2014-06-13,KIRIDYES|NOISIN|1,True
2025-03-10,KITEX|INE602G01020|1,False
2025-05-12,KITEX|INE602G01020|1,True
2025-06-23,KITEX|INE602G01020|1,True
2025-08-04,KITEX|INE602G01020|1,True
2026-08-11,KRN|INE0Q3J01015|1,True
2014-06-30,KSL|NOISIN|1,True
2020-03-04,KWALITY|NOISIN|2,True
2020-05-27,KWALITY|NOISIN|2,True
2020-08-18,KWALITY|NOISIN|2,True
2013-03-01,L&TFH|INE498L01015|1,True
2021-10-12,LAMBODHARA|INE112F01014|1,True
2023-09-11,LAMBODHARA|INE112F01014|1,True
2025-03-24,LAMBODHARA|INE112F01014|1,True
2024-07-16,LATENTVIEW|INE0I7C01011|1,True
2012-08-31,LIBERTSHOE|NOISIN|1,True
2017-11-14,LIBERTSHOE|NOISIN|1,True
2024-04-23,LIBERTSHOE|NOISIN|1,True
2024-11-18,LIBERTSHOE|NOISIN|1,True
2025-09-15,LIBERTSHOE|NOISIN|1,True
2014-06-30,LITL|NOISIN|1,True
2017-11-14,LITL|NOISIN|1,True
2018-05-02,LITL|NOISIN|1,True
2018-07-24,LITL|NOISIN|1,True
2021-02-02,LOVABLE|NOISIN|1,True
2021-07-20,LOVABLE|NOISIN|1,True
2022-03-29,LOVABLE|NOISIN|1,True
2024-12-02,LOVABLE|NOISIN|1,True
2017-05-30,LYCOS|INE425B01027|1,True
2018-05-02,LYCOS|INE425B01027|1,True
2018-07-24,LYCOS|INE425B01027|1,True
2019-06-25,LYCOS|INE425B01027|1,True
2020-03-04,LYCOS|INE425B01027|1,True
2020-08-18,LYCOS|INE425B01027|1,True
2021-10-12,LYCOS|INE425B01027|1,False
2022-03-07,LYCOS|INE425B01027|1,True
2022-05-16,LYCOS|INE425B01027|1,True
2023-06-26,LYCOS|INE425B01027|1,True
2025-07-21,LYCOS|INE425B01027|1,True
2026-05-19,LYCOS|INE425B01027|1,True
2021-09-13,MAGMA|NOISIN|1,True
2021-09-27,MAGMA|NOISIN|1,True
2021-04-27,MAJESCO|INE898S01029|1,True
2022-06-21,MAJESCO|INE898S01029|1,True
2022-12-06,MAJESCO|INE898S01029|1,True
2024-04-23,MAJESCO|INE898S01029|1,True
2024-12-30,MAJESCO|INE898S01029|1,True
2020-10-09,MANINDS|NOISIN|1,False
2024-05-13,MANINDS|NOISIN|1,True
2013-11-18,MARICOIND|NOISIN|1,True
2011-09-06,MARKSANS|NOISIN|2,True
2012-08-31,MARKSANS|NOISIN|2,True
2012-12-03,MARKSANS|NOISIN|2,True
2013-06-14,MARKSANS|NOISIN|2,True
2012-12-03,MASTEK|NOISIN|1,True
2015-06-26,MASTEK|NOISIN|1,False
2016-02-10,MAX|NOISIN|2,False
2019-09-17,MCLEODRUSS|NOISIN|1,True
2020-11-10,MCLEODRUSS|NOISIN|1,True
2021-07-20,MCLEODRUSS|NOISIN|1,True
2021-10-12,MCLEODRUSS|NOISIN|1,True
2023-05-18,MCLEODRUSS|NOISIN|1,True
2023-11-07,MCLEODRUSS|NOISIN|1,True
2024-01-31,MCLEODRUSS|NOISIN|1,True
2024-05-27,MCLEODRUSS|NOISIN|1,True
2025-03-25,MCLEODRUSS|NOISIN|1,True
2026-01-12,MCLEODRUSS|NOISIN|1,True
2026-08-11,MCLEODRUSS|NOISIN|1,True
2014-03-03,MEGH|NOISIN|1,True
2014-06-30,MEGH|NOISIN|1,True
2020-08-18,MEP|INE776I01010|1,True
2022-01-04,MEP|INE776I01010|1,True
2022-12-06,MEP|INE776I01010|1,True
2024-01-31,MEP|INE776I01010|1,True
2024-03-13,MEP|INE776I01010|1,True
2011-07-15,MINDAIND|NOISIN|2,True
2011-12-23,MINDAIND|NOISIN|2,True
2012-01-24,MINDAIND|NOISIN|2,True
2012-05-22,MINDAIND|NOISIN|2,True
2012-06-27,MINDAIND|NOISIN|2,True
2012-07-18,MINDAIND|NOISIN|2,True
2012-09-05,MINDAIND|NOISIN|2,True
2013-06-19,MINDAIND|NOISIN|2,True
2013-07-30,MINDAIND|NOISIN|2,True
2013-10-29,MINDAIND|NOISIN|2,True
2013-11-07,MINDAIND|NOISIN|2,True
2014-03-03,MINDAIND|NOISIN|2,True
2013-03-01,MIRZAINT|NOISIN|5,True
2023-04-18,MIRZAINT|NOISIN|5,False
2023-08-16,MIRZAINT|NOISIN|5,True
2024-04-23,MIRZAINT|NOISIN|5,True
2025-06-23,MMTC|NOISIN|1,True
2012-03-02,MOREPENLAB|NOISIN|8,True
2013-08-30,MOREPENLAB|NOISIN|8,True
2013-12-24,MOREPENLAB|NOISIN|8,True
2014-03-03,MOREPENLAB|NOISIN|8,True
2014-06-30,MOREPENLAB|NOISIN|8,True
2014-11-13,MOREPENLAB|NOISIN|8,True
2014-08-06,MOTILALOFS|NOISIN|1,True
2019-12-10,MTNL|NOISIN|1,True
2014-08-06,NATCOPHARM|NOISIN|2,True
2014-08-06,NAVINFLUOR|NOISIN|1,True
2022-01-04,NAZARA|INE418L01021|1,True
2025-02-10,NECLIFE|NOISIN|2,True
2025-11-10,NECLIFE|NOISIN|2,True
2026-02-24,NECLIFE|NOISIN|2,True
2026-08-17,NECLIFE|NOISIN|2,True
2024-02-12,NETWEB|INE0NT901020|1,True
2014-08-06,NETWORK18|NOISIN|1,True
2020-03-04,NETWORK18|NOISIN|1,True
2024-04-23,NETWORK18|NOISIN|1,True
2014-08-06,NIITLTD|NOISIN|1,True
2023-06-22,NIITLTD|NOISIN|1,False
2024-02-19,NUCLEUS|NOISIN|1,True
2025-12-02,OLAELEC|INE0LXG01040|1,True
2024-10-08,OMAXE|NOISIN|1,True
2017-05-30,ONELIFECAP|INE912L01015|1,True
2018-02-07,ONELIFECAP|INE912L01015|1,True
2018-07-24,ONELIFECAP|INE912L01015|1,True
2018-11-09,ONELIFECAP|INE912L01015|1,True
2019-04-02,ONELIFECAP|INE912L01015|1,True
2019-04-09,ONELIFECAP|INE912L01015|1,True
2019-04-22,ONELIFECAP|INE912L01015|1,True
2019-09-17,ONELIFECAP|INE912L01015|1,True
2019-10-30,ONELIFECAP|INE912L01015|1,True
2019-12-02,ONELIFECAP|INE912L01015|1,True
2019-12-12,ONELIFECAP|INE912L01015|1,True
2020-02-05,ONELIFECAP|INE912L01015|1,True
2020-03-04,ONELIFECAP|INE912L01015|1,True
2020-03-06,ONELIFECAP|INE912L01015|1,True
2020-04-17,ONELIFECAP|INE912L01015|1,True
2020-11-05,ONELIFECAP|INE912L01015|1,True
2021-04-27,ONELIFECAP|INE912L01015|1,True
2021-07-27,ONELIFECAP|INE912L01015|1,True
2021-10-12,ONELIFECAP|INE912L01015|1,True
2022-09-13,ONELIFECAP|INE912L01015|1,True
2024-03-04,ONELIFECAP|INE912L01015|1,True
2024-11-11,ONELIFECAP|INE912L01015|1,True
2025-05-26,ONELIFECAP|INE912L01015|1,True
2025-09-09,ONELIFECAP|INE912L01015|1,True
2026-02-24,ONELIFECAP|INE912L01015|1,False
2018-02-07,OPTOCIRCUI|NOISIN|1,True
2018-10-16,OPTOCIRCUI|NOISIN|1,True
2020-08-18,OPTOCIRCUI|NOISIN|1,True
2021-02-02,OPTOCIRCUI|NOISIN|1,True
2014-06-30,ORBITCORP|NOISIN|1,True
2014-03-03,ORCHIDCHEM|NOISIN|1,True
2014-08-06,ORISSAMINE|NOISIN|1,True
2022-11-22,ORISSAMINE|NOISIN|1,True
2016-05-25,PANTALOONR|NOISIN|1,False
2022-11-22,PANTALOONR|NOISIN|1,True
2013-11-29,PARADYNE|NOISIN|1,True
2014-06-30,PARADYNE|NOISIN|1,True
2024-10-08,PARAS|INE045601015|1,True
2017-08-14,PARSVNATH|NOISIN|1,True
2017-11-14,PARSVNATH|NOISIN|1,True
2019-09-17,PARSVNATH|NOISIN|1,True
2020-03-04,PARSVNATH|NOISIN|1,True
2020-08-18,PARSVNATH|NOISIN|1,True
2021-02-02,PARSVNATH|NOISIN|1,True
2021-04-27,PARSVNATH|NOISIN|1,True
2022-03-29,PARSVNATH|NOISIN|1,True
2024-03-26,PARSVNATH|NOISIN|1,True
2025-03-25,PARSVNATH|NOISIN|1,True
2025-10-20,PARSVNATH|NOISIN|1,True
2014-08-06,PATELENG|NOISIN|1,True
2022-03-29,PATELENG|NOISIN|1,True
2023-08-16,PATELENG|NOISIN|1,True
2020-05-27,PCJEWELLER|INE785M01013|1,True
2022-12-06,PCJEWELLER|INE785M01013|1,True
2021-07-20,PFOCUS|NOISIN|2,True
2024-10-08,PFOCUS|NOISIN|2,True
2026-07-16,PFOCUS|NOISIN|2,True
2022-12-26,PFS|NOISIN|1,True
2024-05-06,PFS|NOISIN|1,True
2012-06-15,PGEL|INE457L01011|1,True
2013-05-20,PGEL|INE457L01011|1,True
2020-11-10,PGEL|INE457L01011|1,True
2021-04-27,PGEL|INE457L01011|1,True
2022-09-13,PGEL|INE457L01011|1,True
2011-07-04,PIIND|NOISIN|1,True
2012-08-08,PIIND|NOISIN|1,True
2014-06-30,PIPAVAVYD|NOISIN|1,True
2020-03-04,PIPAVAVYD|NOISIN|1,True
2020-05-27,PIPAVAVYD|NOISIN|1,True
2020-08-18,PIPAVAVYD|NOISIN|1,True
2014-03-03,PLETHICO|NOISIN|1,True
2014-08-06,PLETHICO|NOISIN|1,True
2021-09-13,PNBHOUSING|INE572E01012|1,True
2014-10-27,POLARIS|NOISIN|1,False
2021-09-13,PRAJIND|NOISIN|1,True
2021-12-20,PRAJIND|NOISIN|1,True
2012-06-15,PRAKASH|NOISIN|3,True
2017-08-11,PRAKASH|NOISIN|3,True
2019-05-09,PRAKASH|NOISIN|3,False
2024-01-23,PRAKASH|NOISIN|3,True
2012-06-15,PRICOL|NOISIN|3,True
2022-12-26,PTC|NOISIN|1,True
2014-08-06,PUNJLLOYD|NOISIN|1,True
2019-06-25,PUNJLLOYD|NOISIN|1,True
2024-10-07,PURVA|NOISIN|1,True
2025-04-30,QUESS|INE615P01015|1,False
2026-09-07,QUICKHEAL|INE306L01010|1,True
2018-10-30,RAINCOM|NOISIN|1,True
2013-08-30,RAJTV|NOISIN|5,True
2015-09-08,RAJTV|NOISIN|5,True
2019-01-08,RAJTV|NOISIN|5,True
2019-09-19,RAJTV|NOISIN|5,True
2021-10-12,RAJTV|NOISIN|5,True
2022-03-29,RAJTV|NOISIN|5,True
2022-09-13,RAJTV|NOISIN|5,True
2023-02-28,RAJTV|NOISIN|5,True
2023-08-16,RAJTV|NOISIN|5,True
2025-03-10,RAJTV|NOISIN|5,True
2025-08-11,RAJTV|NOISIN|5,True
2024-11-18,RATNAVEER|INE05CZ01011|1,True
2024-07-26,RAYMOND|NOISIN|1,False
2025-05-28,RAYMOND|NOISIN|1,False
2020-03-04,RCVL|NOISIN|1,True
2020-11-10,RCVL|NOISIN|1,True
2022-03-29,RCVL|NOISIN|1,True
2011-11-29,RELAXO|NOISIN|1,True
2020-08-18,RELCAPITAL|NOISIN|1,True
2021-02-02,RELCAPITAL|NOISIN|1,True
2022-01-04,RELCAPITAL|NOISIN|1,True
2020-05-27,REL|NOISIN|1,True
2021-09-20,REL|NOISIN|1,True
2022-01-04,REL|NOISIN|1,True
2022-12-06,REL|NOISIN|1,True
2023-11-07,REL|NOISIN|1,True
2024-12-31,REL|NOISIN|1,True
2021-10-12,RENUKA|NOISIN|1,True
2019-06-25,ROLTA|NOISIN|1,True
2019-09-16,ROLTA|NOISIN|1,True
2020-02-24,ROLTA|NOISIN|1,True
2020-05-27,ROLTA|NOISIN|1,True
2020-08-18,ROLTA|NOISIN|1,True
2021-10-12,ROLTA|NOISIN|1,True
2022-01-24,ROLTA|NOISIN|1,True
2022-05-23,ROLTA|NOISIN|1,True
2021-02-02,RPOWER|NOISIN|1,True
2021-09-13,RPOWER|NOISIN|1,True
2021-10-25,RPOWER|NOISIN|1,True
2021-12-27,RPOWER|NOISIN|1,True
2022-12-06,RPOWER|NOISIN|1,True
2024-04-23,RPOWER|NOISIN|1,True
2024-12-31,RPOWER|NOISIN|1,True
2025-09-09,RPOWER|NOISIN|1,True
2019-12-10,RSSOFTWARE|NOISIN|4,True
2021-07-20,RSSOFTWARE|NOISIN|4,True
2023-12-11,RSSOFTWARE|NOISIN|4,True
2025-10-06,RSSOFTWARE|NOISIN|4,True
2026-08-11,RSSOFTWARE|NOISIN|4,True
2020-06-16,RUCHI|INE619A01035|1,True
2021-01-11,RUCHI|INE619A01035|1,True
2023-11-01,RUCHI|INE619A01035|1,True
2014-08-06,RUSHIL|INE573K01017|1,True
2021-07-20,RUSHIL|INE573K01017|1,True
2020-05-26,SADBHAV|NOISIN|1,True
2023-02-28,SADBHAV|NOISIN|1,True
2024-01-31,SADBHAV|NOISIN|1,True
2024-07-16,SADBHAV|NOISIN|1,True
2024-07-22,SADBHAV|NOISIN|1,True
2025-06-23,SADBHAV|NOISIN|1,True
2026-02-09,SADBHAV|NOISIN|1,True
2026-06-01,SADBHAV|NOISIN|1,True
2025-03-03,SAGILITY|INE0W2G01015|1,True
2014-08-06,SAREGAMA|NOISIN|6,True
2014-10-10,SAREGAMA|NOISIN|6,True
2021-09-13,SAREGAMA|NOISIN|6,True
2022-03-14,SAREGAMA|NOISIN|6,True
2023-08-10,SAREGAMA|NOISIN|6,False
2016-09-09,SAWPIPES|NOISIN|1,False
2023-04-19,SCI|NOISIN|1,False
2012-01-18,SEINV|INE420C01042|1,False
2016-04-06,SEINV|INE420C01042|1,True
2016-07-28,SEINV|INE420C01042|1,True
2016-08-12,SEINV|INE420C01042|1,True
2016-08-22,SEINV|INE420C01042|1,True
2018-02-07,SELAN|NOISIN|2,True
2018-04-20,SEQUENT|INE807F01027|1,False
2024-12-31,SEQUENT|INE807F01027|1,True
2012-06-22,SHAKTIPUMP|INE908D01010|1,True
2012-07-25,SHAKTIPUMP|INE908D01010|1,True
2014-06-30,SHAKTIPUMP|INE908D01010|1,True
2020-05-27,SHAKTIPUMP|INE908D01010|1,True
2020-08-18,SHAKTIPUMP|INE908D01010|1,True
2021-02-02,SHAKTIPUMP|INE908D01010|1,True
2024-05-13,SHAKTIPUMP|INE908D01010|1,True
2024-07-29,SHAKTIPUMP|INE908D01010|1,True
2024-09-09,SHAKTIPUMP|INE908D01010|1,True
2024-09-23,SHAKTIPUMP|INE908D01010|1,True
2024-10-07,SHAKTIPUMP|INE908D01010|1,True
2024-11-18,SHAKTIPUMP|INE908D01010|1,True
2024-12-23,SHAKTIPUMP|INE908D01010|1,True
2025-01-13,SHAKTIPUMP|INE908D01010|1,True
2025-02-24,SHAKTIPUMP|INE908D01010|1,True
2025-04-28,SHAKTIPUMP|INE908D01010|1,True
2025-10-09,SHANKARA|INE274V01019|1,False
2026-07-13,SHANKARA|INE274V01019|1,True
2012-06-15,SHASUNPHAR|NOISIN|2,True
2025-09-09,SHILPAMED|NOISIN|1,True
2020-03-04,SINTEX|NOISIN|1,True
2020-08-18,SINTEX|NOISIN|1,True
2021-04-27,SINTEX|NOISIN|1,True
2021-07-20,SINTEX|NOISIN|1,True
2022-02-01,SINTEX|NOISIN|1,True
2012-12-03,SKSMICRO|NOISIN|1,True
2014-03-03,SKUMARSYNF|NOISIN|2,True
2014-06-13,SKUMARSYNF|NOISIN|2,True
2012-12-03,SONATSOFTW|NOISIN|2,True
2014-08-06,SONATSOFTW|NOISIN|2,True
2014-10-10,SONATSOFTW|NOISIN|2,True
2013-08-30,SPARC|NOISIN|1,True
2024-04-23,SPARC|NOISIN|1,True
2021-10-12,SREINTFIN|NOISIN|1,True
2022-01-04,SREINTFIN|NOISIN|1,True
2024-12-20,STAR|NOISIN|1,False
2018-02-07,STCINDIA|NOISIN|1,True
2019-12-10,STCINDIA|NOISIN|1,True
2020-05-27,STCINDIA|NOISIN|1,True
2025-09-22,STCINDIA|NOISIN|1,True
2014-08-06,STROPTICAL|NOISIN|1,True
2016-06-29,STROPTICAL|NOISIN|1,False
2025-05-09,STROPTICAL|NOISIN|1,False
2025-09-09,SUBEXLTD|INE754A01055|1,True
2026-08-17,SUBEXLTD|INE754A01055|1,True
2012-03-02,SUBEX|NOISIN|3,True
2012-12-03,SUBEX|NOISIN|3,True
2013-11-29,SUBEX|NOISIN|3,True
2014-06-30,SUBEX|NOISIN|3,True
2019-01-08,SUBEX|NOISIN|3,True
2020-08-18,SUBEX|NOISIN|3,True
2011-07-15,SUDARSCHEM|NOISIN|4,True
2011-10-24,SUDARSCHEM|NOISIN|4,True
2011-10-28,SUDARSCHEM|NOISIN|4,True
2011-11-03,SUDARSCHEM|NOISIN|4,True
2011-11-21,SUDARSCHEM|NOISIN|4,True
2011-12-27,SUDARSCHEM|NOISIN|4,True
2012-02-09,SUDARSCHEM|NOISIN|4,True
2012-06-14,SUDARSCHEM|NOISIN|4,True
2012-08-10,SUDARSCHEM|NOISIN|4,True
2012-11-26,SUDARSCHEM|NOISIN|4,True
2013-04-12,SUDARSCHEM|NOISIN|4,True
2013-04-17,SUDARSCHEM|NOISIN|4,True
2013-04-23,SUDARSCHEM|NOISIN|4,True
2013-04-30,SUDARSCHEM|NOISIN|4,True
2013-06-07,SUDARSCHEM|NOISIN|4,True
2013-06-12,SUDARSCHEM|NOISIN|4,True
2013-07-05,SUDARSCHEM|NOISIN|4,True
2013-07-10,SUDARSCHEM|NOISIN|4,True
2013-07-18,SUDARSCHEM|NOISIN|4,True
2013-07-22,SUDARSCHEM|NOISIN|4,True
2013-08-02,SUDARSCHEM|NOISIN|4,True
2013-09-06,SUDARSCHEM|NOISIN|4,True
2013-10-18,SUDARSCHEM|NOISIN|4,True
2013-11-05,SUDARSCHEM|NOISIN|4,True
2013-12-09,SUDARSCHEM|NOISIN|4,True
2013-12-13,SUDARSCHEM|NOISIN|4,True
2013-12-20,SUDARSCHEM|NOISIN|4,True
2013-12-31,SUDARSCHEM|NOISIN|4,True
2014-06-27,SUDARSCHEM|NOISIN|4,True
2014-07-16,SUDARSCHEM|NOISIN|4,True
2018-02-16,SUNDARMFIN|NOISIN|1,False
2014-06-30,SUNILHITEC|NOISIN|1,True
2020-02-03,SUVEN|NOISIN|6,False
2024-04-23,SUVEN|NOISIN|6,True
2025-09-09,SUVEN|NOISIN|6,True
2014-08-06,SUZLON|NOISIN|1,True
2021-02-02,SUZLON|NOISIN|1,True
2024-01-15,SUZLON|NOISIN|1,True
2024-04-22,SUZLON|NOISIN|1,True
2024-06-10,SUZLON|NOISIN|1,True
2011-11-09,SWARAJMAZD|NOISIN|4,True
2012-01-03,SWARAJMAZD|NOISIN|4,True
2012-01-13,SWARAJMAZD|NOISIN|4,True
2012-01-25,SWARAJMAZD|NOISIN|4,True
2014-08-06,SWARAJMAZD|NOISIN|4,True
2014-10-10,SWARAJMAZD|NOISIN|4,True
2023-11-07,SWSOLAR|INE00M201021|1,True
2012-08-31,TAKE|NOISIN|1,True
2023-11-07,TAKE|NOISIN|1,True
2025-09-09,TAKE|NOISIN|1,True
2026-07-20,TAKE|NOISIN|1,True
2011-12-02,TANLA|NOISIN|2,True
2013-06-14,TANLA|NOISIN|2,True
2013-11-29,TANLA|NOISIN|2,True
2014-03-03,TANLA|NOISIN|2,True
2014-08-06,TANLA|NOISIN|2,True
2018-10-16,TANLA|NOISIN|2,True
2020-12-21,TANLA|NOISIN|2,True
2021-09-13,TANLA|NOISIN|2,True
2021-09-27,TANLA|NOISIN|2,True
2012-03-02,TATAMETALI|NOISIN|2,True
2013-11-29,TATAMETALI|NOISIN|2,True
2021-09-13,TATASPONGE|NOISIN|1,True
2018-02-07,TATATELSER|NOISIN|1,True
2019-09-17,TATATELSER|NOISIN|1,True
2020-05-27,TATATELSER|NOISIN|1,True
2021-04-27,TATATELSER|NOISIN|1,True
2021-10-12,TATATELSER|NOISIN|1,True
2022-03-29,TATATELSER|NOISIN|1,True
2022-12-06,TATATELSER|NOISIN|1,True
2025-09-09,TATATELSER|NOISIN|1,True
2012-06-28,TDPOWERSYS|INE419M01019|1,True
2012-07-19,TDPOWERSYS|INE419M01019|1,True
2012-08-22,TDPOWERSYS|INE419M01019|1,True
2012-08-27,TDPOWERSYS|INE419M01019|1,True
2014-05-29,TDPOWERSYS|INE419M01019|1,True
2020-05-27,TEJASNET|INE010J01012|1,True
2020-08-18,TEJASNET|INE010J01012|1,True
2021-09-13,TEJASNET|INE010J01012|1,True
2021-09-27,TEJASNET|INE010J01012|1,True
2019-09-16,TEXRAIL|NOISIN|1,True
2014-06-30,TFCILTD|NOISIN|3,True
2015-04-15,THEBYKE|INE319B01014|1,True
2021-02-02,THEBYKE|INE319B01014|1,True
2021-07-20,THEBYKE|INE319B01014|1,True
2022-06-21,THEBYKE|INE319B01014|1,True
2023-11-07,THEBYKE|INE319B01014|1,True
2024-03-04,THEBYKE|INE319B01014|1,True
2024-09-30,THEBYKE|INE319B01014|1,True
2025-03-25,THEBYKE|INE319B01014|1,True
2025-09-08,THEBYKE|INE319B01014|1,True
2026-05-19,THEBYKE|INE319B01014|1,True
2026-09-21,THEBYKE|INE319B01014|1,True
2019-12-19,THOMASCOOK|NOISIN|1,False
2023-11-07,THOMASCOOK|NOISIN|1,True
2014-03-03,TINPLATE|NOISIN|2,True
2018-02-07,TI|NOISIN|1,True
2020-03-04,TI|NOISIN|1,True
2021-10-12,TI|NOISIN|1,True
2022-02-07,TI|NOISIN|1,True
2013-06-14,TRIL|NOISIN|1,False
2014-03-03,TRIL|NOISIN|1,True
2014-06-30,TRIL|NOISIN|1,True
2021-02-02,TRIL|NOISIN|1,True
2024-05-06,TRIL|NOISIN|1,True
2025-02-03,TRIL|NOISIN|1,True
2013-06-14,TRIVENI|NOISIN|1,True
2014-08-06,TRIVENI|NOISIN|1,True
2026-08-05,TRIVENI|NOISIN|1,False
2015-12-02,TTKHEALTH|NOISIN|2,True
2016-05-23,TTKHEALTH|NOISIN|2,True
2013-08-30,TULIP|NOISIN|1,True
2014-06-30,TULIP|NOISIN|1,True
2014-06-13,TWL|NOISIN|1,True
2014-08-06,TWL|NOISIN|1,True
2022-12-06,TWL|NOISIN|1,True
2013-08-30,UBHOLDINGS|NOISIN|1,True
2019-02-22,UNITECH|NOISIN|1,True
2019-05-02,UNITECH|NOISIN|1,True
2025-10-07,UNITECH|NOISIN|1,True
2012-08-31,UPERGANGES|NOISIN|4,True
2013-01-28,UPERGANGES|NOISIN|4,True
2013-04-15,UPERGANGES|NOISIN|4,True
2013-04-18,UPERGANGES|NOISIN|4,True
2013-05-09,UPERGANGES|NOISIN|4,True
2013-05-14,UPERGANGES|NOISIN|4,True
2013-05-17,UPERGANGES|NOISIN|4,True
2013-05-31,UPERGANGES|NOISIN|4,True
2013-06-07,UPERGANGES|NOISIN|4,True
2013-06-12,UPERGANGES|NOISIN|4,True
2013-06-14,UPERGANGES|NOISIN|4,True
2013-06-19,UPERGANGES|NOISIN|4,True
2013-06-25,UPERGANGES|NOISIN|4,True
2013-06-28,UPERGANGES|NOISIN|4,True
2013-07-02,UPERGANGES|NOISIN|4,True
2013-07-08,UPERGANGES|NOISIN|4,True
2013-07-11,UPERGANGES|NOISIN|4,True
2013-07-15,UPERGANGES|NOISIN|4,True
2013-07-18,UPERGANGES|NOISIN|4,True
2013-07-23,UPERGANGES|NOISIN|4,True
2013-07-29,UPERGANGES|NOISIN|4,True
2013-08-01,UPERGANGES|NOISIN|4,True
2013-08-07,UPERGANGES|NOISIN|4,True
2013-08-13,UPERGANGES|NOISIN|4,True
2013-08-22,UPERGANGES|NOISIN|4,True
2013-09-03,UPERGANGES|NOISIN|4,True
2013-09-05,UPERGANGES|NOISIN|4,True
2013-09-12,UPERGANGES|NOISIN|4,True
2013-09-17,UPERGANGES|NOISIN|4,True
2013-09-25,UPERGANGES|NOISIN|4,True
2013-10-01,UPERGANGES|NOISIN|4,True
2013-10-10,UPERGANGES|NOISIN|4,True
2013-10-14,UPERGANGES|NOISIN|4,True
2013-10-24,UPERGANGES|NOISIN|4,True
2013-11-05,UPERGANGES|NOISIN|4,True
2013-11-08,UPERGANGES|NOISIN|4,True
2013-11-14,UPERGANGES|NOISIN|4,True
2013-12-12,UPERGANGES|NOISIN|4,True
2013-12-16,UPERGANGES|NOISIN|4,True
2013-12-30,UPERGANGES|NOISIN|4,True
2014-01-06,UPERGANGES|NOISIN|4,True
2014-02-03,UPERGANGES|NOISIN|4,True
2014-02-10,UPERGANGES|NOISIN|4,True
2014-02-13,UPERGANGES|NOISIN|4,True
2014-02-24,UPERGANGES|NOISIN|4,True
2014-03-05,UPERGANGES|NOISIN|4,True
2014-05-09,UPERGANGES|NOISIN|4,True
2014-06-30,UPERGANGES|NOISIN|4,True
2014-09-24,UPERGANGES|NOISIN|4,True
2014-10-08,UPERGANGES|NOISIN|4,True
2014-10-23,UPERGANGES|NOISIN|4,True
2014-10-30,UPERGANGES|NOISIN|4,True
2014-11-27,UPERGANGES|NOISIN|4,True
2014-12-03,UPERGANGES|NOISIN|4,True
2014-12-17,UPERGANGES|NOISIN|4,True
2015-01-02,UPERGANGES|NOISIN|4,True
2015-04-23,UPERGANGES|NOISIN|4,True
2015-05-19,UPERGANGES|NOISIN|4,True
2015-05-28,UPERGANGES|NOISIN|4,True
2015-06-03,UPERGANGES|NOISIN|4,True
2015-08-20,UPERGANGES|NOISIN|4,True
2012-01-17,VADILALIND|NOISIN|1,True
2018-06-01,VAKRANSOFT|NOISIN|4,True
2023-06-30,VAKRANSOFT|NOISIN|4,False
2025-08-18,VAKRANSOFT|NOISIN|4,True
2014-08-06,VATECH|NOISIN|1,True
2012-08-31,VIMTALABS|INE579C01029|1,True
2013-06-14,VIMTALABS|INE579C01029|1,True
2018-05-02,VIMTALABS|INE579C01029|1,True
2020-11-10,VIMTALABS|INE579C01029|1,True
2019-10-01,VSNL|NOISIN|1,False
2012-08-31,WALCHANNAG|NOISIN|3,True
2014-06-30,WALCHANNAG|NOISIN|3,True
2020-05-27,WALCHANNAG|NOISIN|3,True
2022-06-21,WALCHANNAG|NOISIN|3,True
2022-12-06,WALCHANNAG|NOISIN|3,True
2023-12-26,WALCHANNAG|NOISIN|3,True
2024-05-13,WALCHANNAG|NOISIN|3,True
2025-09-09,WALCHANNAG|NOISIN|3,True
2014-03-05,WELGUJ|NOISIN|1,False
2011-12-02,WELSPUNIND|NOISIN|2,True
2012-03-02,WELSPUNIND|NOISIN|2,True
2012-06-15,WELSPUNIND|NOISIN|2,True
2014-08-06,WELSPUNIND|NOISIN|2,True
2014-06-30,WHIRLPOOL|NOISIN|2,True
2013-03-01,WOCKPHARMA|NOISIN|2,True
2024-06-03,WOCKPHARMA|NOISIN|2,True
2024-10-08,WOCKPHARMA|NOISIN|2,True
2014-03-03,WSTCSTPAPR|NOISIN|1,True
2015-07-07,ZENTEC|INE251B01027|1,True
2023-11-20,ZENTEC|INE251B01027|1,True
2023-12-26,ZENTEC|INE251B01027|1,True
2024-01-08,ZENTEC|INE251B01027|1,True
2024-02-12,ZENTEC|INE251B01027|1,True
