entity_id,in_pool,delist_class,end_status
20MICRONS|NOISIN|1,True,OTHER,ACTIVE_AT_CUTOFF
3MINDIA|NOISIN|1,True,OTHER,ACTIVE_AT_CUTOFF
8KMILES|INE650K01013|1,True,OTHER,ACTIVE_AT_CUTOFF
A2ZMES|NOISIN|1,True,OTHER,ACTIVE_AT_CUTOFF
AANJANEYA|NOISIN|1,False,OTHER,DELISTED_EVIDENCED
AARTIDRUGS|NOISIN|2,True,OTHER,ACTIVE_AT_CUTOFF
AARTIIND|NOISIN|2,True,OTHER,ACTIVE_AT_CUTOFF
ABANLLOYD|NOISIN|1,False,OTHER,ENDED_UNEXPLAINED
ABBOTINDIA|NOISIN|1,True,OTHER,ACTIVE_AT_CUTOFF
ABB|NOISIN|1,True,OTHER,ACTIVE_AT_CUTOFF
ABCAPITAL|INE674K01013|1,True,OTHER,ACTIVE_AT_CUTOFF
ABSHEKINDS|NOISIN|3,True,OTHER,ACTIVE_AT_CUTOFF
ACC|NOISIN|1,True,OTHER,ACTIVE_AT_CUTOFF
ADANIEXPO|NOISIN|1,True,OTHER,ACTIVE_AT_CUTOFF
ADANIGAS|INE399L01023|1,True,OTHER,ACTIVE_AT_CUTOFF
ADANIGREEN|INE364U01010|1,True,OTHER,ACTIVE_AT_CUTOFF
ADANIPOWER|NOISIN|1,True,OTHER,ACTIVE_AT_CUTOFF
ADANITRANS|INE931S01010|1,True,OTHER,ACTIVE_AT_CUTOFF
ADVENZYMES|INE837H01012|1,True,OTHER,ACTIVE_AT_CUTOFF
AEGISCHEM|NOISIN|1,True,OTHER,ACTIVE_AT_CUTOFF
AFCONS|INE101I01011|1,True,OTHER,ACTIVE_AT_CUTOFF
AFFLE|INE00WC01019|1,True,OTHER,ACTIVE_AT_CUTOFF
AHMEDFORGE|NOISIN|2,False,OTHER,ENDED_UNEXPLAINED
AIAENG|NOISIN|1,True,OTHER,ACTIVE_AT_CUTOFF
AIRDECCAN|NOISIN|1,False,OTHER,DELISTED_EVIDENCED
AJANTPHARM|NOISIN|2,True,OTHER,ACTIVE_AT_CUTOFF
ALBK|NOISIN|1,False,OTHER,ENDED_UNEXPLAINED
ALKEM|INE540L01014|1,True,OTHER,ACTIVE_AT_CUTOFF
ALKYLAMINE|INE150B01013|1,True,OTHER,ACTIVE_AT_CUTOFF
ALOKINDS|INE270A01029|1,True,OTHER,ACTIVE_AT_CUTOFF
ALOKTEXT|NOISIN|1,False,OTHER,ENDED_UNEXPLAINED
AMARAJABAT|NOISIN|2,True,OTHER,ACTIVE_AT_CUTOFF
AMBER|INE371P01015|1,True,OTHER,ACTIVE_AT_CUTOFF
AMIORG|INE00FF01017|1,True,OTHER,ACTIVE_AT_CUTOFF
AMRUTANJAN|NOISIN|1,True,OTHER,ACTIVE_AT_CUTOFF
AMTEKAUTO|NOISIN|1,False,OTHER,ENDED_UNEXPLAINED
AMTEKINDIA|NOISIN|1,False,OTHER,ENDED_UNEXPLAINED
AMTREXAPPL|NOISIN|2,True,OTHER,ACTIVE_AT_CUTOFF
ANANTRAJ|NOISIN|1,True,OTHER,ACTIVE_AT_CUTOFF
ANDHRABANK|NOISIN|1,False,OTHER,ENDED_UNEXPLAINED
ANGELBRKG|INE732I01013|1,True,OTHER,ACTIVE_AT_CUTOFF
APARINDS|NOISIN|1,True,OTHER,ACTIVE_AT_CUTOFF
APEX|INE346W01013|1,True,OTHER,ACTIVE_AT_CUTOFF
APIL|NOISIN|1,True,OTHER,ACTIVE_AT_CUTOFF
APLAPOLLO|INE702C01019|1,True,OTHER,ACTIVE_AT_CUTOFF
APLLTD|INE901L01018|1,True,OTHER,ACTIVE_AT_CUTOFF
APOLLOHOSP|NOISIN|1,True,OTHER,ACTIVE_AT_CUTOFF
APOLLOTYRE|NOISIN|1,True,OTHER,ACTIVE_AT_CUTOFF
APOLLO|INE713T01010|1,True,OTHER,ACTIVE_AT_CUTOFF
APPAPER|NOISIN|2,True,OTHER,ACTIVE_AT_CUTOFF
APTECHT|NOISIN|1,True,OTHER,ACTIVE_AT_CUTOFF
ARCOTECH|INE574I01027|1,False,OTHER,ENDED_UNEXPLAINED
AREVA|NOISIN|1,True,OTHER,ACTIVE_AT_CUTOFF
ARROWGROUP|NOISIN|2,True,OTHER,ACTIVE_AT_CUTOFF
ARVINDMILL|NOISIN|1,True,OTHER,ACTIVE_AT_CUTOFF
ARVINDREM|INE211C01037|1,False,OTHER,DELISTED_EVIDENCED
ASHOKLEY|NOISIN|1,True,OTHER,ACTIVE_AT_CUTOFF
ASIANPAINT|NOISIN|1,True,OTHER,ACTIVE_AT_CUTOFF
ASTRAIDL|NOISIN|1,True,OTHER,ACTIVE_AT_CUTOFF
ASTRAL|NOISIN|1,True,OTHER,ACTIVE_AT_CUTOFF
ASTRAMICRO|NOISIN|1,True,OTHER,ACTIVE_AT_CUTOFF
ATHERENERG|INE0LEZ01016|1,True,OTHER,ACTIVE_AT_CUTOFF
ATULAUTO|INE951D01010|1,True,OTHER,ACTIVE_AT_CUTOFF
ATULPROD|NOISIN|1,True,OTHER,ACTIVE_AT_CUTOFF
AUBANK|INE949L01017|1,True,OTHER,ACTIVE_AT_CUTOFF
AUROPHARMA|NOISIN|1,True,OTHER,ACTIVE_AT_CUTOFF
AVANTI|NOISIN|2,True,OTHER,ACTIVE_AT_CUTOFF
AVENTIS|NOISIN|1,True,OTHER,ACTIVE_AT_CUTOFF
AWL|INE699H01024|1,True,OTHER,ACTIVE_AT_CUTOFF
AXIS-IT&T|NOISIN|8,True,OTHER,ACTIVE_AT_CUTOFF
AZAD|INE02IJ01035|1,True,OTHER,ACTIVE_AT_CUTOFF
BAJAJ-AUTO|NOISIN|1,True,OTHER,ACTIVE_AT_CUTOFF
BAJAJAUTO|NOISIN|1,True,OTHER,ACTIVE_AT_CUTOFF
BAJAJCORP|NOISIN|1,True,OTHER,ACTIVE_AT_CUTOFF
BAJAJELEC|NOISIN|1,True,OTHER,ACTIVE_AT_CUTOFF
BAJAJFINSV|NOISIN|1,True,OTHER,ACTIVE_AT_CUTOFF
BAJAJHFL|INE377Y01014|1,True,OTHER,ACTIVE_AT_CUTOFF
BAJAJHIND|NOISIN|1,True,OTHER,ACTIVE_AT_CUTOFF
BAJAUTOFIN|NOISIN|1,True,OTHER,ACTIVE_AT_CUTOFF
BALAMINES|NOISIN|1,True,OTHER,ACTIVE_AT_CUTOFF
BALKRISIND|NOISIN|1,True,OTHER,ACTIVE_AT_CUTOFF
BALRAMCHIN|NOISIN|1,True,OTHER,ACTIVE_AT_CUTOFF
BANDHANBNK|INE545U01014|1,True,OTHER,ACTIVE_AT_CUTOFF
BANKBARODA|NOISIN|1,True,OTHER,ACTIVE_AT_CUTOFF
BANKINDIA|NOISIN|1,True,OTHER,ACTIVE_AT_CUTOFF
BATAINDIA|NOISIN|1,True,OTHER,ACTIVE_AT_CUTOFF
BAYERCROP|NOISIN|1,True,OTHER,ACTIVE_AT_CUTOFF
BBTC|NOISIN|6,True,OTHER,ACTIVE_AT_CUTOFF
BDL|INE171Z01018|1,True,OTHER,ACTIVE_AT_CUTOFF
BELRISE|INE894V01022|1,True,OTHER,ACTIVE_AT_CUTOFF
BEL|NOISIN|1,True,OTHER,ACTIVE_AT_CUTOFF
BEML|NOISIN|1,True,OTHER,ACTIVE_AT_CUTOFF
BEPL|NOISIN|4,True,OTHER,ACTIVE_AT_CUTOFF
BERGEPAINT|NOISIN|1,True,OTHER,ACTIVE_AT_CUTOFF
BFUTILITIE|NOISIN|1,True,OTHER,ACTIVE_AT_CUTOFF
BGRENERGY|NOISIN|1,False,OTHER,ENDED_UNEXPLAINED
BHARATFORG|NOISIN|1,True,OTHER,ACTIVE_AT_CUTOFF
BHARTI|NOISIN|1,True,OTHER,ACTIVE_AT_CUTOFF
BHEL|NOISIN|1,True,OTHER,ACTIVE_AT_CUTOFF
BHUSANSTL|NOISIN|1,False,OTHER,ENDED_UNEXPLAINED
BIOCON|NOISIN|1,True,OTHER,ACTIVE_AT_CUTOFF
BLISSGVS|NOISIN|1,False,OTHER,ENDED_UNEXPLAINED
BLS|INE153T01019|1,True,OTHER,ACTIVE_AT_CUTOFF
BLUESTARCO|NOISIN|1,True,OTHER,ACTIVE_AT_CUTOFF
BOMDYEING|NOISIN|1,True,OTHER,ACTIVE_AT_CUTOFF
BPCL|NOISIN|1,True,OTHER,ACTIVE_AT_CUTOFF
BRITANNIA|NOISIN|1,True,OTHER,ACTIVE_AT_CUTOFF
BSE|INE118H01025|1,True,OTHER,ACTIVE_AT_CUTOFF
BURGERKING|INE07T201019|1,True,OTHER,ACTIVE_AT_CUTOFF
CADILAHC|NOISIN|1,True,OTHER,ACTIVE_AT_CUTOFF
CAIRN|NOISIN|1,False,OTHER,ENDED_UNEXPLAINED
CAMPUS|INE278Y01022|1,True,OTHER,ACTIVE_AT_CUTOFF
CAMS|INE596I01012|1,True,OTHER,ACTIVE_AT_CUTOFF
CANBK|NOISIN|1,True,OTHER,ACTIVE_AT_CUTOFF
CANFINHOME|NOISIN|4,True,OTHER,ACTIVE_AT_CUTOFF
CAPLIPOINT|INE475E01026|1,True,OTHER,ACTIVE_AT_CUTOFF
CARERATING|INE752H01013|1,True,OTHER,ACTIVE_AT_CUTOFF
CARTRADE|INE290S01011|1,True,OTHER,ACTIVE_AT_CUTOFF
CASTROLIND|INE172A01027|1,True,OTHER,ACTIVE_AT_CUTOFF
CASTROL|NOISIN|1,False,OTHER,ENDED_UNEXPLAINED
CCL|NOISIN|2,True,OTHER,ACTIVE_AT_CUTOFF
CDSL|INE736A01011|1,True,OTHER,ACTIVE_AT_CUTOFF
CEATLTD|NOISIN|2,True,OTHER,ACTIVE_AT_CUTOFF
CEBBCO|NOISIN|2,True,OTHER,ACTIVE_AT_CUTOFF
CENTRALBK|NOISIN|1,True,OTHER,ACTIVE_AT_CUTOFF
CENTURYPLY|NOISIN|1,True,OTHER,ACTIVE_AT_CUTOFF
CENTURYTEX|NOISIN|1,True,OTHER,ACTIVE_AT_CUTOFF
CESC|NOISIN|1,True,OTHER,ACTIVE_AT_CUTOFF
CHAMBLFERT|NOISIN|1,True,OTHER,ACTIVE_AT_CUTOFF
CHEMPLASTS|INE488A01050|1,True,OTHER,ACTIVE_AT_CUTOFF
CHENNPETRO|NOISIN|1,True,OTHER,ACTIVE_AT_CUTOFF
CHLORIDIND|NOISIN|1,True,OTHER,ACTIVE_AT_CUTOFF
CHOLADBS|NOISIN|2,True,OTHER,ACTIVE_AT_CUTOFF
CIPLA|NOISIN|1,True,OTHER,ACTIVE_AT_CUTOFF
CLEAN|INE227W01023|1,True,OTHER,ACTIVE_AT_CUTOFF
CMC|NOISIN|1,False,OTHER,ENDED_UNEXPLAINED
COALINDIA|NOISIN|1,True,OTHER,ACTIVE_AT_CUTOFF
COCHINSHIP|INE704P01017|1,True,OTHER,ACTIVE_AT_CUTOFF
COFFEEDAY|INE335K01011|1,True,OTHER,ACTIVE_AT_CUTOFF
COLPAL|NOISIN|1,True,OTHER,ACTIVE_AT_CUTOFF
CONCOR|NOISIN|1,True,OTHER,ACTIVE_AT_CUTOFF
CONSCOFFEE|NOISIN|1,False,OTHER,ENDED_UNEXPLAINED
COREPROTEC|NOISIN|1,False,OTHER,DELISTED_EVIDENCED
COROMNFERT|NOISIN|1,True,OTHER,ACTIVE_AT_CUTOFF
COSMOFILMS|NOISIN|1,True,OTHER,ACTIVE_AT_CUTOFF
COX&KINGS|NOISIN|1,False,OTHER,ENDED_UNEXPLAINED
CREDITACC|INE741K01010|1,True,OTHER,ACTIVE_AT_CUTOFF
CRISIL|NOISIN|1,True,OTHER,ACTIVE_AT_CUTOFF
CROMPGREAV|NOISIN|1,True,OTHER,ACTIVE_AT_CUTOFF
CROMPTON|INE299U01018|1,True,OTHER,ACTIVE_AT_CUTOFF
CUB|NOISIN|1,True,OTHER,ACTIVE_AT_CUTOFF
CUPID|INE509F01029|1,True,OTHER,ACTIVE_AT_CUTOFF
DABUR|NOISIN|1,True,OTHER,ACTIVE_AT_CUTOFF
DALBHARAT|INE00R701025|1,True,OTHER,ACTIVE_AT_CUTOFF
DALMIABEL|NOISIN|1,False,OTHER,ENDED_UNEXPLAINED
DATAPATTNS|INE0IX101010|1,True,OTHER,ACTIVE_AT_CUTOFF
DATATECH|NOISIN|2,True,OTHER,ACTIVE_AT_CUTOFF
DBL|INE917M01012|1,True,OTHER,ACTIVE_AT_CUTOFF
DBREALTY|NOISIN|1,True,OTHER,ACTIVE_AT_CUTOFF
DCB|NOISIN|1,True,OTHER,ACTIVE_AT_CUTOFF
DEEPAKFERT|NOISIN|1,True,OTHER,ACTIVE_AT_CUTOFF
DEEPAKNTR|NOISIN|1,True,OTHER,ACTIVE_AT_CUTOFF
DELHIVERY|INE148O01028|1,True,OTHER,ACTIVE_AT_CUTOFF
DENABANK|NOISIN|1,False,OTHER,ENDED_UNEXPLAINED
DEN|NOISIN|1,True,OTHER,ACTIVE_AT_CUTOFF
DEVYANI|INE872J01023|1,True,OTHER,ACTIVE_AT_CUTOFF
DEWANHOUS|NOISIN|1,False,OTHER,ENDED_UNEXPLAINED
DHAMPURSUG|NOISIN|3,True,OTHER,ACTIVE_AT_CUTOFF
DHANBANK|NOISIN|4,True,OTHER,ACTIVE_AT_CUTOFF
DIACABS|INE989C01038|1,False,OTHER,ENDED_UNEXPLAINED
DISHMAN|NOISIN|1,False,OTHER,ENDED_UNEXPLAINED
DISHTV|NOISIN|1,True,OTHER,ACTIVE_AT_CUTOFF
DIVISLAB|NOISIN|1,True,OTHER,ACTIVE_AT_CUTOFF
DIXON|INE935N01012|1,True,OTHER,ACTIVE_AT_CUTOFF
DLF|NOISIN|1,True,OTHER,ACTIVE_AT_CUTOFF
DMART|INE192R01011|1,True,OTHER,ACTIVE_AT_CUTOFF
DOLPHINOFF|NOISIN|2,False,OTHER,ENDED_UNEXPLAINED
DREDGECORP|NOISIN|1,True,OTHER,ACTIVE_AT_CUTOFF
DRREDDY|NOISIN|1,True,OTHER,ACTIVE_AT_CUTOFF
DWARKESH|NOISIN|5,True,OTHER,ACTIVE_AT_CUTOFF
EASEMYTRIP|INE07O001018|1,True,OTHER,ACTIVE_AT_CUTOFF
ECLERX|NOISIN|2,True,OTHER,ACTIVE_AT_CUTOFF
EDELWEISS|NOISIN|1,True,OTHER,ACTIVE_AT_CUTOFF
EDUCOMP|NOISIN|1,False,OTHER,ENDED_UNEXPLAINED
EICHERMOT|NOISIN|1,True,OTHER,ACTIVE_AT_CUTOFF
EIDPARRY|NOISIN|1,True,OTHER,ACTIVE_AT_CUTOFF
EIEL|INE0LLY01014|1,True,OTHER,ACTIVE_AT_CUTOFF
ELECON|NOISIN|1,True,OTHER,ACTIVE_AT_CUTOFF
EMAMILTD|NOISIN|1,True,OTHER,ACTIVE_AT_CUTOFF
EMERCK|NOISIN|1,True,OTHER,ACTIVE_AT_CUTOFF
ENDURANCE|INE913H01037|1,True,OTHER,ACTIVE_AT_CUTOFF
ENGINERSIN|NOISIN|1,True,OTHER,ACTIVE_AT_CUTOFF
ENRIN|INE1NPP01017|1,True,OTHER,ACTIVE_AT_CUTOFF
EQUITASBNK|INE063P01018|1,True,OTHER,ACTIVE_AT_CUTOFF
EQUITAS|INE988K01017|1,False,OTHER,ENDED_UNEXPLAINED
ERACONS|NOISIN|1,False,OTHER,DELISTED_EVIDENCED
EROSMEDIA|NOISIN|1,False,OTHER,ENDED_UNEXPLAINED
ESCORTS|NOISIN|1,True,OTHER,ACTIVE_AT_CUTOFF
ESSAROIL|NOISIN|1,False,VOLUNTARY,DELISTED_EVIDENCED
ESSDEE|NOISIN|1,False,OTHER,ENDED_UNEXPLAINED
EVEREADY|NOISIN|2,True,OTHER,ACTIVE_AT_CUTOFF
FACT|NOISIN|2,True,OTHER,ACTIVE_AT_CUTOFF
FAGBEARING|NOISIN|1,True,OTHER,ACTIVE_AT_CUTOFF
FCH|NOISIN|2,False,OTHER,ENDED_UNEXPLAINED
FDC|NOISIN|1,True,OTHER,ACTIVE_AT_CUTOFF
FEDERALBNK|NOISIN|1,True,OTHER,ACTIVE_AT_CUTOFF
FINANTECH|NOISIN|2,True,OTHER,ACTIVE_AT_CUTOFF
FINCABLES|NOISIN|1,True,OTHER,ACTIVE_AT_CUTOFF
FIVESTAR|INE128S01021|1,True,OTHER,ACTIVE_AT_CUTOFF
FLEX|NOISIN|1,True,OTHER,ACTIVE_AT_CUTOFF
FLUOROCHEM|INE09N301011|1,True,OTHER,ACTIVE_AT_CUTOFF
FORCEMOT|INE451A01017|1,True,OTHER,ACTIVE_AT_CUTOFF
FORTIS|NOISIN|1,True,OTHER,ACTIVE_AT_CUTOFF
FRETAIL|INE752P01024|1,False,OTHER,ENDED_UNEXPLAINED
FSL|NOISIN|1,True,OTHER,ACTIVE_AT_CUTOFF
FVIL|INE220J01025|1,False,OTHER,ENDED_UNEXPLAINED
GAIL|NOISIN|1,True,OTHER,ACTIVE_AT_CUTOFF
GATI|NOISIN|1,False,OTHER,ENDED_UNEXPLAINED
GAYAPROJ|INE336H01015|1,True,OTHER,ACTIVE_AT_CUTOFF
GBN|NOISIN|1,False,OTHER,ENDED_UNEXPLAINED
GEOMETRIC|NOISIN|1,False,OTHER,ENDED_UNEXPLAINED
GESHIP|NOISIN|1,True,OTHER,ACTIVE_AT_CUTOFF
GHCL|NOISIN|1,True,OTHER,ACTIVE_AT_CUTOFF
GICHSGFIN|NOISIN|1,True,OTHER,ACTIVE_AT_CUTOFF
GICRE|INE481Y01014|1,True,OTHER,ACTIVE_AT_CUTOFF
GITANJALI|NOISIN|1,False,OTHER,ENDED_UNEXPLAINED
GLAND|INE068V01023|1,True,OTHER,ACTIVE_AT_CUTOFF
GLAXO|NOISIN|1,True,OTHER,ACTIVE_AT_CUTOFF
GLENMARK|NOISIN|1,True,OTHER,ACTIVE_AT_CUTOFF
GMBREW|NOISIN|3,True,OTHER,ACTIVE_AT_CUTOFF
GMDCLTD|NOISIN|1,True,OTHER,ACTIVE_AT_CUTOFF
GMMPFAUDLR|INE541A01023|1,True,OTHER,ACTIVE_AT_CUTOFF
GMRINFRA|NOISIN|1,True,OTHER,ACTIVE_AT_CUTOFF
GNFC|NOISIN|1,True,OTHER,ACTIVE_AT_CUTOFF
GOACARBON|NOISIN|4,True,OTHER,ACTIVE_AT_CUTOFF
GODFRYPHLP|NOISIN|1,True,OTHER,ACTIVE_AT_CUTOFF
GODREJCP|NOISIN|1,True,OTHER,ACTIVE_AT_CUTOFF
GODREJIND|NOISIN|1,True,OTHER,ACTIVE_AT_CUTOFF
GODREJPROP|NOISIN|1,True,OTHER,ACTIVE_AT_CUTOFF
GOLDINFRA|NOISIN|2,True,OTHER,ACTIVE_AT_CUTOFF
GPPL|NOISIN|1,True,OTHER,ACTIVE_AT_CUTOFF
GRANULES|NOISIN|1,True,OTHER,ACTIVE_AT_CUTOFF
GRAPHITE|NOISIN|1,True,OTHER,ACTIVE_AT_CUTOFF
GRASIM|NOISIN|1,True,OTHER,ACTIVE_AT_CUTOFF
GRAVITA|NOISIN|1,True,OTHER,ACTIVE_AT_CUTOFF
GREAVESCOT|NOISIN|1,True,OTHER,ACTIVE_AT_CUTOFF
GROWW|INE0HOQ01053|1,True,OTHER,ACTIVE_AT_CUTOFF
GRSE|INE382Z01011|1,True,OTHER,ACTIVE_AT_CUTOFF
GRUH|NOISIN|1,False,OTHER,ENDED_UNEXPLAINED
GSFC|NOISIN|1,True,OTHER,ACTIVE_AT_CUTOFF
GSKCONS|NOISIN|1,False,OTHER,ENDED_UNEXPLAINED
GSPL|NOISIN|1,False,OTHER,ENDED_UNEXPLAINED
GUJALKALI|NOISIN|1,True,OTHER,ACTIVE_AT_CUTOFF
GUJAMBCEM|NOISIN|1,True,OTHER,ACTIVE_AT_CUTOFF
GUJFLUORO|NOISIN|1,True,OTHER,ACTIVE_AT_CUTOFF
GUJGASLTD|INE844O01022|1,True,OTHER,ACTIVE_AT_CUTOFF
GUJRATGAS|NOISIN|1,False,OTHER,ENDED_UNEXPLAINED
GVKPIL|NOISIN|1,False,OTHER,ENDED_UNEXPLAINED
HAL|INE066F01012|1,True,OTHER,ACTIVE_AT_CUTOFF
HAPPSTMNDS|INE419U01012|1,True,OTHER,ACTIVE_AT_CUTOFF
HATHWAY|NOISIN|1,True,OTHER,ACTIVE_AT_CUTOFF
HAVELLS|NOISIN|1,True,OTHER,ACTIVE_AT_CUTOFF
HBLPOWER|NOISIN|2,True,OTHER,ACTIVE_AT_CUTOFF
HCIL|NOISIN|1,True,OTHER,ACTIVE_AT_CUTOFF
HCL-INSYS|NOISIN|1,True,OTHER,ACTIVE_AT_CUTOFF
HCLTECH|NOISIN|1,True,OTHER,ACTIVE_AT_CUTOFF
HDBFS|INE756I01012|1,True,OTHER,ACTIVE_AT_CUTOFF
HDFCAMC|INE127D01025|1,True,OTHER,ACTIVE_AT_CUTOFF
HDFCBANK|NOISIN|1,True,OTHER,ACTIVE_AT_CUTOFF
HDFCLIFE|INE795G01014|1,True,OTHER,ACTIVE_AT_CUTOFF
HDFC|NOISIN|1,False,OTHER,ENDED_UNEXPLAINED
HDIL|NOISIN|1,False,OTHER,ENDED_UNEXPLAINED
HEG|NOISIN|1,True,OTHER,ACTIVE_AT_CUTOFF
HEROHONDA|NOISIN|1,True,OTHER,ACTIVE_AT_CUTOFF
HEXAWARE|NOISIN|1,False,VOLUNTARY,DELISTED_EVIDENCED
HFCL|NOISIN|1,False,OTHER,ENDED_UNEXPLAINED
HIMATSEIDE|NOISIN|2,True,OTHER,ACTIVE_AT_CUTOFF
HINDALC0|NOISIN|1,True,OTHER,ACTIVE_AT_CUTOFF
HINDCONS|NOISIN|1,True,OTHER,ACTIVE_AT_CUTOFF
HINDCOPPER|NOISIN|1,True,OTHER,ACTIVE_AT_CUTOFF
HINDLEVER|NOISIN|1,True,OTHER,ACTIVE_AT_CUTOFF
HINDOILEXP|NOISIN|1,True,OTHER,ACTIVE_AT_CUTOFF
HINDPETRO|NOISIN|1,True,OTHER,ACTIVE_AT_CUTOFF
HINDZINC|NOISIN|1,True,OTHER,ACTIVE_AT_CUTOFF
HUDCO|INE031A01017|1,True,OTHER,ACTIVE_AT_CUTOFF
HYUNDAI|INE0V6F01027|1,True,OTHER,ACTIVE_AT_CUTOFF
I-FLEX|NOISIN|1,True,OTHER,ACTIVE_AT_CUTOFF
IBPOW|NOISIN|1,True,OTHER,ACTIVE_AT_CUTOFF
IBREALEST|NOISIN|1,True,OTHER,ACTIVE_AT_CUTOFF
IBSEC|NOISIN|1,False,OTHER,ENDED_UNEXPLAINED
IBULHSGFIN|INE148I01020|1,True,OTHER,ACTIVE_AT_CUTOFF
ICICIAMC|INE346A01027|1,True,OTHER,ACTIVE_AT_CUTOFF
ICICIBANK|NOISIN|1,True,OTHER,ACTIVE_AT_CUTOFF
ICICIGI|INE765G01017|1,True,OTHER,ACTIVE_AT_CUTOFF
ICICIPRULI|INE726G01019|1,True,OTHER,ACTIVE_AT_CUTOFF
ICIL|INE483B01026|1,True,OTHER,ACTIVE_AT_CUTOFF
ICRA|NOISIN|1,True,OTHER,ACTIVE_AT_CUTOFF
IDBI|NOISIN|1,True,OTHER,ACTIVE_AT_CUTOFF
IDEA|NOISIN|1,True,OTHER,ACTIVE_AT_CUTOFF
IDFCBANK|INE092T01019|1,True,OTHER,ACTIVE_AT_CUTOFF
IDFC|NOISIN|1,False,OTHER,ENDED_UNEXPLAINED
IEX|INE022Q01012|1,True,OTHER,ACTIVE_AT_CUTOFF
IFCI|NOISIN|1,True,OTHER,ACTIVE_AT_CUTOFF
IGARASHI|NOISIN|4,True,OTHER,ACTIVE_AT_CUTOFF
IGIL|INE0Q9301021|1,True,OTHER,ACTIVE_AT_CUTOFF
IGL|NOISIN|1,True,OTHER,ACTIVE_AT_CUTOFF
IIFLWAM|INE466L01020|1,True,OTHER,ACTIVE_AT_CUTOFF
IILTD|NOISIN|2,True,OTHER,ACTIVE_AT_CUTOFF
INDHOTEL|NOISIN|1,True,OTHER,ACTIVE_AT_CUTOFF
INDIABULLS|NOISIN|1,False,OTHER,ENDED_UNEXPLAINED
INDIACEM|NOISIN|1,True,OTHER,ACTIVE_AT_CUTOFF
INDIAGLYCO|NOISIN|2,True,OTHER,ACTIVE_AT_CUTOFF
INDIAINFO|NOISIN|1,True,OTHER,ACTIVE_AT_CUTOFF
INDIAMART|INE933S01016|1,True,OTHER,ACTIVE_AT_CUTOFF
INDIANB|NOISIN|1,True,OTHER,ACTIVE_AT_CUTOFF
INDIGO|INE646L01027|1,True,OTHER,ACTIVE_AT_CUTOFF
INDOCO|NOISIN|2,True,OTHER,ACTIVE_AT_CUTOFF
INDRAYON|NOISIN|1,False,OTHER,ENDED_UNEXPLAINED
INDUSINDBK|NOISIN|1,True,OTHER,ACTIVE_AT_CUTOFF
INFIBEAM|INE483S01012|1,True,OTHER,ACTIVE_AT_CUTOFF
INFOSYSTCH|NOISIN|1,True,OTHER,ACTIVE_AT_CUTOFF
INFOTECENT|NOISIN|1,True,OTHER,ACTIVE_AT_CUTOFF
INFRATEL|INE121J01017|1,True,OTHER,ACTIVE_AT_CUTOFF
INOXLEISUR|NOISIN|1,False,OTHER,ENDED_UNEXPLAINED
INOXWIND|INE066P01011|1,True,OTHER,ACTIVE_AT_CUTOFF
INTELLECT|INE306R01017|1,True,OTHER,ACTIVE_AT_CUTOFF
INVENTURE|INE878H01016|1,True,OTHER,ACTIVE_AT_CUTOFF
IOB|NOISIN|1,True,OTHER,ACTIVE_AT_CUTOFF
IOC|NOISIN|1,True,OTHER,ACTIVE_AT_CUTOFF
IOLCP|NOISIN|1,True,OTHER,ACTIVE_AT_CUTOFF
IOL|NOISIN|1,True,OTHER,ACTIVE_AT_CUTOFF
IPCALAB|NOISIN|1,True,OTHER,ACTIVE_AT_CUTOFF
IPL|INE0D6701023|1,True,OTHER,ACTIVE_AT_CUTOFF
IRB|NOISIN|1,True,OTHER,ACTIVE_AT_CUTOFF
IRCON|INE962Y01013|1,True,OTHER,ACTIVE_AT_CUTOFF
IRCTC|INE335Y01012|1,True,OTHER,ACTIVE_AT_CUTOFF
IREDA|INE202E01016|1,True,OTHER,ACTIVE_AT_CUTOFF
IRFC|INE053F01010|1,True,OTHER,ACTIVE_AT_CUTOFF
ISEC|INE763G01038|1,False,OTHER,ENDED_UNEXPLAINED
ISPATIND|NOISIN|1,False,OTHER,ENDED_UNEXPLAINED
ITCHOTELS|INE379A01028|1,True,OTHER,ACTIVE_AT_CUTOFF
ITC|NOISIN|1,True,OTHER,ACTIVE_AT_CUTOFF
ITI|NOISIN|3,True,OTHER,ACTIVE_AT_CUTOFF
IVRCLINFRA|NOISIN|1,False,OTHER,ENDED_UNEXPLAINED
IXIGO|INE0HV901016|1,True,OTHER,ACTIVE_AT_CUTOFF
J&KBANK|NOISIN|1,True,OTHER,ACTIVE_AT_CUTOFF
JAICORPLTD|NOISIN|3,True,OTHER,ACTIVE_AT_CUTOFF
JAINREC|INE0YD401026|1,True,OTHER,ACTIVE_AT_CUTOFF
JAMNAAUTO|NOISIN|1,True,OTHER,ACTIVE_AT_CUTOFF
JAYNECOIND|NOISIN|2,True,OTHER,ACTIVE_AT_CUTOFF
JBCHEPHARM|NOISIN|1,False,OTHER,ENDED_UNEXPLAINED
JETAIRWAYS|NOISIN|1,False,OTHER,ENDED_UNEXPLAINED
JINDALPOLY|NOISIN|2,True,OTHER,ACTIVE_AT_CUTOFF
JINDALSTEL|NOISIN|1,True,OTHER,ACTIVE_AT_CUTOFF
JINDALSWHL|NOISIN|2,True,OTHER,ACTIVE_AT_CUTOFF
JIOFIN|INE758E01017|1,True,OTHER,ACTIVE_AT_CUTOFF
JISLJALEQS|NOISIN|1,True,OTHER,ACTIVE_AT_CUTOFF
JKCEMENT|NOISIN|1,True,OTHER,ACTIVE_AT_CUTOFF
JKLAKSHMI|NOISIN|1,True,OTHER,ACTIVE_AT_CUTOFF
JKPAPER|NOISIN|1,True,OTHER,ACTIVE_AT_CUTOFF
JKTYRE|NOISIN|1,True,OTHER,ACTIVE_AT_CUTOFF
JMFINANCIL|NOISIN|1,True,OTHER,ACTIVE_AT_CUTOFF
JPASSOCIAT|NOISIN|1,False,OTHER,ENDED_UNEXPLAINED
JPHYDRO|NOISIN|1,True,OTHER,ACTIVE_AT_CUTOFF
JPINFRATEC|NOISIN|1,False,OTHER,ENDED_UNEXPLAINED
JSTAINLESS|NOISIN|1,True,OTHER,ACTIVE_AT_CUTOFF
JSWENERGY|NOISIN|1,True,OTHER,ACTIVE_AT_CUTOFF
JSWINFRA|INE880J01026|1,True,OTHER,ACTIVE_AT_CUTOFF
JSWSTEEL|INE019A01038|1,True,OTHER,ACTIVE_AT_CUTOFF
JSWSTL|NOISIN|1,False,OTHER,ENDED_UNEXPLAINED
JUBILANT|NOISIN|1,True,OTHER,ACTIVE_AT_CUTOFF
JUBLFOOD|NOISIN|1,True,OTHER,ACTIVE_AT_CUTOFF
JUBLINGREA|INE0BY001018|1,True,OTHER,ACTIVE_AT_CUTOFF
JUSTDIAL|INE599M01018|1,True,OTHER,ACTIVE_AT_CUTOFF
JYOTHYLAB|NOISIN|1,True,OTHER,ACTIVE_AT_CUTOFF
KAJARIACER|NOISIN|2,True,OTHER,ACTIVE_AT_CUTOFF
KAKATCEM|NOISIN|1,True,OTHER,ACTIVE_AT_CUTOFF
KALYANKJIL|INE303R01014|1,True,OTHER,ACTIVE_AT_CUTOFF
KARURVYSYA|INE036D01028|1,True,OTHER,ACTIVE_AT_CUTOFF
KARURVYSYA|NOISIN|1,False,OTHER,ENDED_UNEXPLAINED
KAYNES|INE918Z01012|1,True,OTHER,ACTIVE_AT_CUTOFF
KEC|NOISIN|1,True,OTHER,ACTIVE_AT_CUTOFF
KEI|NOISIN|2,True,OTHER,ACTIVE_AT_CUTOFF
KESORAMIND|NOISIN|1,True,OTHER,ACTIVE_AT_CUTOFF
KFINTECH|INE138Y01010|1,True,OTHER,ACTIVE_AT_CUTOFF
KIMS|INE967H01017|1,True,OTHER,ACTIVE_AT_CUTOFF
KIRIDYES|NOISIN|1,True,OTHER,ACTIVE_AT_CUTOFF
KIRLOSKCUM|NOISIN|1,True,OTHER,ACTIVE_AT_CUTOFF
KITEX|INE602G01020|1,True,OTHER,ACTIVE_AT_CUTOFF
KOLTEPATIL|NOISIN|1,True,OTHER,ACTIVE_AT_CUTOFF
KOTAKBANK|NOISIN|1,True,OTHER,ACTIVE_AT_CUTOFF
KPITTECH|INE04I401011|1,True,OTHER,ACTIVE_AT_CUTOFF
KPIT|NOISIN|1,True,OTHER,ACTIVE_AT_CUTOFF
KRN|INE0Q3J01015|1,True,OTHER,ACTIVE_AT_CUTOFF
KSCL|NOISIN|2,True,OTHER,ACTIVE_AT_CUTOFF
KSL|NOISIN|1,True,OTHER,ACTIVE_AT_CUTOFF
KTKBANK|NOISIN|1,True,OTHER,ACTIVE_AT_CUTOFF
KWALITY|NOISIN|2,False,OTHER,ENDED_UNEXPLAINED
L&TFH|INE498L01015|1,True,OTHER,ACTIVE_AT_CUTOFF
LAKSHVILAS|NOISIN|1,False,OTHER,ENDED_UNEXPLAINED
LALPATHLAB|INE600L01024|1,True,OTHER,ACTIVE_AT_CUTOFF
LAMBODHARA|INE112F01014|1,True,OTHER,ACTIVE_AT_CUTOFF
LATENTVIEW|INE0I7C01011|1,True,OTHER,ACTIVE_AT_CUTOFF
LAURUSLABS|INE947Q01010|1,True,OTHER,ACTIVE_AT_CUTOFF
LEMONTREE|INE970X01018|1,True,OTHER,ACTIVE_AT_CUTOFF
LENSKART|INE956O01016|1,True,OTHER,ACTIVE_AT_CUTOFF
LGEINDIA|INE324D01010|1,True,OTHER,ACTIVE_AT_CUTOFF
LIBERTSHOE|NOISIN|1,True,OTHER,ACTIVE_AT_CUTOFF
LICHSGFIN|NOISIN|1,True,OTHER,ACTIVE_AT_CUTOFF
LICI|INE0J1Y01017|1,True,OTHER,ACTIVE_AT_CUTOFF
LITL|NOISIN|1,False,OTHER,DELISTED_EVIDENCED
LODHA|INE670K01029|1,True,OTHER,ACTIVE_AT_CUTOFF
LOVABLE|NOISIN|1,True,OTHER,ACTIVE_AT_CUTOFF
LTI|INE214T01019|1,True,OTHER,ACTIVE_AT_CUTOFF
LTTS|INE010V01017|1,True,OTHER,ACTIVE_AT_CUTOFF
LT|NOISIN|1,True,OTHER,ACTIVE_AT_CUTOFF
LUPIN|NOISIN|1,True,OTHER,ACTIVE_AT_CUTOFF
LXCHEM|INE576O01020|1,True,OTHER,ACTIVE_AT_CUTOFF
LYCOS|INE425B01027|1,True,OTHER,ACTIVE_AT_CUTOFF
M&MFIN|NOISIN|1,True,OTHER,ACTIVE_AT_CUTOFF
M&M|NOISIN|1,True,OTHER,ACTIVE_AT_CUTOFF
MADRASCEM|NOISIN|1,True,OTHER,ACTIVE_AT_CUTOFF
MAGMA|NOISIN|1,True,OTHER,ACTIVE_AT_CUTOFF
MAHABANK|NOISIN|1,True,OTHER,ACTIVE_AT_CUTOFF
MAHINDFORG|NOISIN|2,True,OTHER,ACTIVE_AT_CUTOFF
MAJESCO|INE898S01029|1,True,OTHER,ACTIVE_AT_CUTOFF
MAKE|INE432P01015|1,False,OTHER,ENDED_UNEXPLAINED
MANAPPURAM|NOISIN|1,True,OTHER,ACTIVE_AT_CUTOFF
MANINDS|NOISIN|1,True,OTHER,ACTIVE_AT_CUTOFF
MANKIND|INE634S01028|1,True,OTHER,ACTIVE_AT_CUTOFF
MAPMYINDIA|INE0BV301023|1,True,OTHER,ACTIVE_AT_CUTOFF
MARICOIND|NOISIN|1,True,OTHER,ACTIVE_AT_CUTOFF
MARKSANS|NOISIN|2,True,OTHER,ACTIVE_AT_CUTOFF
MARUTI|NOISIN|1,True,OTHER,ACTIVE_AT_CUTOFF
MASTEK|NOISIN|1,True,OTHER,ACTIVE_AT_CUTOFF
MAXHEALTH|INE027H01010|1,True,OTHER,ACTIVE_AT_CUTOFF
MAX|NOISIN|2,True,OTHER,ACTIVE_AT_CUTOFF
MAZDOCK|INE249Z01012|1,True,OTHER,ACTIVE_AT_CUTOFF
MCDOWELL-N|NOISIN|1,True,OTHER,ACTIVE_AT_CUTOFF
MCLEODRUSS|NOISIN|1,True,OTHER,ACTIVE_AT_CUTOFF
MCX|INE745G01035|1,True,OTHER,ACTIVE_AT_CUTOFF
MEESHO|INE0VDM01015|1,True,OTHER,ACTIVE_AT_CUTOFF
MEGH|NOISIN|1,False,OTHER,ENDED_UNEXPLAINED
MEP|INE776I01010|1,False,OTHER,ENDED_UNEXPLAINED
METROPOLIS|INE112L01020|1,True,OTHER,ACTIVE_AT_CUTOFF
MGL|INE002S01010|1,True,OTHER,ACTIVE_AT_CUTOFF
MICO|NOISIN|1,True,OTHER,ACTIVE_AT_CUTOFF
MIDHANI|INE099Z01011|1,True,OTHER,ACTIVE_AT_CUTOFF
MINDAIND|NOISIN|2,True,OTHER,ACTIVE_AT_CUTOFF
MINDTREE|NOISIN|1,False,OTHER,ENDED_UNEXPLAINED
MIRZAINT|NOISIN|5,True,OTHER,ACTIVE_AT_CUTOFF
MMTC|NOISIN|1,True,OTHER,ACTIVE_AT_CUTOFF
MOBIKWIK|INE0HLU01028|1,True,OTHER,ACTIVE_AT_CUTOFF
MOIL|NOISIN|1,True,OTHER,ACTIVE_AT_CUTOFF
MONSANTO|NOISIN|1,False,OTHER,ENDED_UNEXPLAINED
MOREPENLAB|NOISIN|8,True,OTHER,ACTIVE_AT_CUTOFF
MOSCHIP|INE935B01025|1,True,OTHER,ACTIVE_AT_CUTOFF
MOTHERSUMI|NOISIN|1,True,OTHER,ACTIVE_AT_CUTOFF
MOTILALOFS|NOISIN|1,True,OTHER,ACTIVE_AT_CUTOFF
MPHASISBFL|NOISIN|1,True,OTHER,ACTIVE_AT_CUTOFF
MRF|NOISIN|1,True,OTHER,ACTIVE_AT_CUTOFF
MRPL|NOISIN|1,True,OTHER,ACTIVE_AT_CUTOFF
MTARTECH|INE864I01014|1,False,OTHER,ENDED_UNEXPLAINED
MTNL|NOISIN|1,True,OTHER,ACTIVE_AT_CUTOFF
MUNDRAPORT|NOISIN|1,True,OTHER,ACTIVE_AT_CUTOFF
MUTHOOTFIN|NOISIN|1,True,OTHER,ACTIVE_AT_CUTOFF
NAGARCONST|NOISIN|1,True,OTHER,ACTIVE_AT_CUTOFF
NATCOPHARM|NOISIN|2,True,OTHER,ACTIVE_AT_CUTOFF
NATIONALUM|NOISIN|1,True,OTHER,ACTIVE_AT_CUTOFF
NAUKRI|NOISIN|1,True,OTHER,ACTIVE_AT_CUTOFF
NAVINFLUOR|NOISIN|1,True,OTHER,ACTIVE_AT_CUTOFF
NAZARA|INE418L01021|1,True,OTHER,ACTIVE_AT_CUTOFF
NBCC|INE095N01015|1,True,OTHER,ACTIVE_AT_CUTOFF
NECLIFE|NOISIN|2,True,OTHER,ACTIVE_AT_CUTOFF
NESTLEIND|NOISIN|1,True,OTHER,ACTIVE_AT_CUTOFF
NETWEB|INE0NT901020|1,True,OTHER,ACTIVE_AT_CUTOFF
NETWORK18|NOISIN|1,True,OTHER,ACTIVE_AT_CUTOFF
NEYVELILIG|NOISIN|1,True,OTHER,ACTIVE_AT_CUTOFF
NFL|NOISIN|1,True,OTHER,ACTIVE_AT_CUTOFF
NHPC|NOISIN|1,True,OTHER,ACTIVE_AT_CUTOFF
NICOLASPIR|NOISIN|1,False,OTHER,ENDED_UNEXPLAINED
NIITLTD|NOISIN|1,True,OTHER,ACTIVE_AT_CUTOFF
NIITTECH|NOISIN|1,True,OTHER,ACTIVE_AT_CUTOFF
NILKAMPLST|NOISIN|2,True,OTHER,ACTIVE_AT_CUTOFF
NMDC|NOISIN|1,True,OTHER,ACTIVE_AT_CUTOFF
NOCIL|NOISIN|2,True,OTHER,ACTIVE_AT_CUTOFF
NSLNISP|INE0NNS01018|1,True,OTHER,ACTIVE_AT_CUTOFF
NTPCGREEN|INE0ONG01011|1,True,OTHER,ACTIVE_AT_CUTOFF
NTPC|NOISIN|1,True,OTHER,ACTIVE_AT_CUTOFF
NUCLEUS|NOISIN|1,True,OTHER,ACTIVE_AT_CUTOFF
NYKAA|INE388Y01029|1,True,OTHER,ACTIVE_AT_CUTOFF
OBEROIREAL|NOISIN|1,True,OTHER,ACTIVE_AT_CUTOFF
OIL|NOISIN|1,True,OTHER,ACTIVE_AT_CUTOFF
OLAELEC|INE0LXG01040|1,True,OTHER,ACTIVE_AT_CUTOFF
OMAXE|NOISIN|1,True,OTHER,ACTIVE_AT_CUTOFF
ONELIFECAP|INE912L01015|1,False,OTHER,ENDED_UNEXPLAINED
ONGC|NOISIN|1,True,OTHER,ACTIVE_AT_CUTOFF
ONMOBILE|NOISIN|1,False,OTHER,ENDED_UNEXPLAINED
OPTOCIRCUI|NOISIN|1,False,OTHER,ENDED_UNEXPLAINED
ORBITCORP|NOISIN|1,False,OTHER,DELISTED_EVIDENCED
ORCHIDCHEM|NOISIN|1,False,OTHER,ENDED_UNEXPLAINED
ORIENTBANK|NOISIN|1,False,OTHER,ENDED_UNEXPLAINED
ORISSAMINE|NOISIN|1,True,OTHER,ACTIVE_AT_CUTOFF
PAGEIND|NOISIN|2,True,OTHER,ACTIVE_AT_CUTOFF
PANTALOONR|NOISIN|1,False,OTHER,ENDED_UNEXPLAINED
PARADEEP|INE088F01024|1,True,OTHER,ACTIVE_AT_CUTOFF
PARADYNE|NOISIN|1,False,OTHER,DELISTED_EVIDENCED
PARAGMILK|INE883N01014|1,True,OTHER,ACTIVE_AT_CUTOFF
PARAS|INE045601015|1,True,OTHER,ACTIVE_AT_CUTOFF
PARSVNATH|NOISIN|1,False,OTHER,ENDED_UNEXPLAINED
PATELENG|NOISIN|1,True,OTHER,ACTIVE_AT_CUTOFF
PAYTM|INE982J01020|1,True,OTHER,ACTIVE_AT_CUTOFF
PCJEWELLER|INE785M01013|1,False,OTHER,ENDED_UNEXPLAINED
PCJEWELLER|INE785M01021|1,True,OTHER,ACTIVE_AT_CUTOFF
PERSISTENT|NOISIN|1,True,OTHER,ACTIVE_AT_CUTOFF
PETRONET|NOISIN|1,True,OTHER,ACTIVE_AT_CUTOFF
PFC|NOISIN|1,True,OTHER,ACTIVE_AT_CUTOFF
PFIZER|NOISIN|1,True,OTHER,ACTIVE_AT_CUTOFF
PFOCUS|NOISIN|2,True,OTHER,ACTIVE_AT_CUTOFF
PFRL|INE647O01011|1,True,OTHER,ACTIVE_AT_CUTOFF
PFS|NOISIN|1,True,OTHER,ACTIVE_AT_CUTOFF
PGEL|INE457L01011|1,True,OTHER,ACTIVE_AT_CUTOFF
PHILIPCARB|NOISIN|4,True,OTHER,ACTIVE_AT_CUTOFF
PHOENIXLTD|NOISIN|1,True,OTHER,ACTIVE_AT_CUTOFF
PIDILITIND|NOISIN|1,True,OTHER,ACTIVE_AT_CUTOFF
PIIND|NOISIN|1,True,OTHER,ACTIVE_AT_CUTOFF
PINELABS|INE15B701018|1,True,OTHER,ACTIVE_AT_CUTOFF
PIPAVAVYD|NOISIN|1,False,OTHER,ENDED_UNEXPLAINED
PLETHICO|NOISIN|1,False,OTHER,DELISTED_EVIDENCED
PNBHOUSING|INE572E01012|1,True,OTHER,ACTIVE_AT_CUTOFF
PNB|NOISIN|1,True,OTHER,ACTIVE_AT_CUTOFF
POLARIS|NOISIN|1,False,VOLUNTARY,DELISTED_EVIDENCED
POLICYBZR|INE417T01026|1,True,OTHER,ACTIVE_AT_CUTOFF
POLYCAB|INE455K01017|1,True,OTHER,ACTIVE_AT_CUTOFF
POLYPLEX|NOISIN|4,True,OTHER,ACTIVE_AT_CUTOFF
POWERGRID|NOISIN|1,True,OTHER,ACTIVE_AT_CUTOFF
POWERINDIA|INE07Y701011|1,True,OTHER,ACTIVE_AT_CUTOFF
PPLPHARMA|INE0DK501011|1,True,OTHER,ACTIVE_AT_CUTOFF
PRAJIND|NOISIN|1,True,OTHER,ACTIVE_AT_CUTOFF
PRAKASH|NOISIN|3,True,OTHER,ACTIVE_AT_CUTOFF
PREMIERENE|INE0BS701011|1,True,OTHER,ACTIVE_AT_CUTOFF
PRESTIGE|NOISIN|1,True,OTHER,ACTIVE_AT_CUTOFF
PRICOL|NOISIN|3,False,OTHER,ENDED_UNEXPLAINED
PTC|NOISIN|1,True,OTHER,ACTIVE_AT_CUTOFF
PUNJLLOYD|NOISIN|1,False,OTHER,ENDED_UNEXPLAINED
PURVA|NOISIN|1,True,OTHER,ACTIVE_AT_CUTOFF
PVR|NOISIN|3,True,OTHER,ACTIVE_AT_CUTOFF
PWL|INE0LP301011|1,True,OTHER,ACTIVE_AT_CUTOFF
QUADFUTURE|INE0LRY01011|1,True,OTHER,ACTIVE_AT_CUTOFF
QUESS|INE615P01015|1,True,OTHER,ACTIVE_AT_CUTOFF
QUICKHEAL|INE306L01010|1,True,OTHER,ACTIVE_AT_CUTOFF
RADICO|NOISIN|1,True,OTHER,ACTIVE_AT_CUTOFF
RAILTEL|INE0DD101019|1,True,OTHER,ACTIVE_AT_CUTOFF
RAINCOM|NOISIN|1,True,OTHER,ACTIVE_AT_CUTOFF
RAJESHEXPO|NOISIN|1,False,OTHER,ENDED_UNEXPLAINED
RAJTV|NOISIN|5,True,OTHER,ACTIVE_AT_CUTOFF
RALLIS|NOISIN|1,True,OTHER,ACTIVE_AT_CUTOFF
RANBAXY|NOISIN|1,False,OTHER,ENDED_UNEXPLAINED
RATNAVEER|INE05CZ01011|1,True,OTHER,ACTIVE_AT_CUTOFF
RAYMOND|NOISIN|1,True,OTHER,ACTIVE_AT_CUTOFF
RBLBANK|INE976G01028|1,True,OTHER,ACTIVE_AT_CUTOFF
RCF|NOISIN|1,True,OTHER,ACTIVE_AT_CUTOFF
RCVL|NOISIN|1,False,OTHER,ENDED_UNEXPLAINED
RECLTD|NOISIN|1,True,OTHER,ACTIVE_AT_CUTOFF
REDINGTON|NOISIN|1,True,OTHER,ACTIVE_AT_CUTOFF
RELAXO|NOISIN|1,True,OTHER,ACTIVE_AT_CUTOFF
RELCAPITAL|NOISIN|1,False,OTHER,ENDED_UNEXPLAINED
RELIANCE|NOISIN|1,True,OTHER,ACTIVE_AT_CUTOFF
RELIGARE|NOISIN|1,True,OTHER,ACTIVE_AT_CUTOFF
REL|NOISIN|1,False,OTHER,ENDED_UNEXPLAINED
RENUKA|NOISIN|1,True,OTHER,ACTIVE_AT_CUTOFF
REPCOHOME|INE612J01015|1,True,OTHER,ACTIVE_AT_CUTOFF
RIIL|NOISIN|1,True,OTHER,ACTIVE_AT_CUTOFF
RITES|INE320J01015|1,True,OTHER,ACTIVE_AT_CUTOFF
RNAM|INE298J01013|1,True,OTHER,ACTIVE_AT_CUTOFF
ROLTA|NOISIN|1,False,OTHER,ENDED_UNEXPLAINED
ROSSARI|INE02A801020|1,True,OTHER,ACTIVE_AT_CUTOFF
ROUTE|INE450U01017|1,True,OTHER,ACTIVE_AT_CUTOFF
RPOWER|NOISIN|1,True,OTHER,ACTIVE_AT_CUTOFF
RRKABEL|INE777K01022|1,True,OTHER,ACTIVE_AT_CUTOFF
RSSOFTWARE|NOISIN|4,True,OTHER,ACTIVE_AT_CUTOFF
RUCHI|INE619A01035|1,True,OTHER,ACTIVE_AT_CUTOFF
RUSHIL|INE573K01017|1,True,OTHER,ACTIVE_AT_CUTOFF
RVNL|INE415G01027|1,True,OTHER,ACTIVE_AT_CUTOFF
SADBHAV|NOISIN|1,True,OTHER,ACTIVE_AT_CUTOFF
SAGILITY|INE0W2G01015|1,True,OTHER,ACTIVE_AT_CUTOFF
SAIL|NOISIN|1,True,OTHER,ACTIVE_AT_CUTOFF
SAREGAMA|NOISIN|6,True,OTHER,ACTIVE_AT_CUTOFF
SATYAMCOMP|NOISIN|1,False,OTHER,ENDED_UNEXPLAINED
SAWPIPES|NOISIN|1,True,OTHER,ACTIVE_AT_CUTOFF
SBICARD|INE018E01016|1,True,OTHER,ACTIVE_AT_CUTOFF
SBILIFE|INE123W01016|1,True,OTHER,ACTIVE_AT_CUTOFF
SBIN|NOISIN|1,True,OTHER,ACTIVE_AT_CUTOFF
SCI|NOISIN|1,True,OTHER,ACTIVE_AT_CUTOFF
SEINV|INE420C01042|1,True,OTHER,ACTIVE_AT_CUTOFF
SELAN|NOISIN|2,True,OTHER,ACTIVE_AT_CUTOFF
SEQUENT|INE807F01027|1,True,OTHER,ACTIVE_AT_CUTOFF
SESAGOA|NOISIN|1,True,OTHER,ACTIVE_AT_CUTOFF
SHAKTIPUMP|INE908D01010|1,True,OTHER,ACTIVE_AT_CUTOFF
SHANKARA|INE274V01019|1,True,OTHER,ACTIVE_AT_CUTOFF
SHARDACROP|INE221J01015|1,True,OTHER,ACTIVE_AT_CUTOFF
SHASUNPHAR|NOISIN|2,False,OTHER,ENDED_UNEXPLAINED
SHILPAMED|NOISIN|1,True,OTHER,ACTIVE_AT_CUTOFF
SHOPERSTOP|NOISIN|1,True,OTHER,ACTIVE_AT_CUTOFF
SHREECEM|NOISIN|1,True,OTHER,ACTIVE_AT_CUTOFF
SIEMENS|NOISIN|1,True,OTHER,ACTIVE_AT_CUTOFF
SINTEX|NOISIN|1,False,OTHER,ENDED_UNEXPLAINED
SJVN|NOISIN|1,True,OTHER,ACTIVE_AT_CUTOFF
SKSMICRO|NOISIN|1,False,OTHER,ENDED_UNEXPLAINED
SKUMARSYNF|NOISIN|2,False,OTHER,ENDED_UNEXPLAINED
SNOWMAN|INE734N01019|1,True,OTHER,ACTIVE_AT_CUTOFF
SOBHA|NOISIN|1,True,OTHER,ACTIVE_AT_CUTOFF
SOLARINDS|INE343H01029|1,True,OTHER,ACTIVE_AT_CUTOFF
SONACOMS|INE073K01018|1,True,OTHER,ACTIVE_AT_CUTOFF
SONATSOFTW|NOISIN|2,True,OTHER,ACTIVE_AT_CUTOFF
SOUTHBANK|NOISIN|1,True,OTHER,ACTIVE_AT_CUTOFF
SPARC|NOISIN|1,True,OTHER,ACTIVE_AT_CUTOFF
SPICEJET|INE285B01017|1,False,OTHER,ENDED_UNEXPLAINED
SREINTFIN|NOISIN|1,False,OTHER,ENDED_UNEXPLAINED
SRF|NOISIN|1,True,OTHER,ACTIVE_AT_CUTOFF
SRTRANSFIN|NOISIN|1,True,OTHER,ACTIVE_AT_CUTOFF
STARHEALTH|INE575P01011|1,True,OTHER,ACTIVE_AT_CUTOFF
STAR|NOISIN|1,True,OTHER,ACTIVE_AT_CUTOFF
STCINDIA|NOISIN|1,True,OTHER,ACTIVE_AT_CUTOFF
STER|NOISIN|1,False,OTHER,ENDED_UNEXPLAINED
STROPTICAL|NOISIN|1,False,OTHER,ENDED_UNEXPLAINED
SUBEXLTD|INE754A01055|1,True,OTHER,ACTIVE_AT_CUTOFF
SUBEX|NOISIN|3,False,OTHER,ENDED_UNEXPLAINED
SUDARSCHEM|NOISIN|4,True,OTHER,ACTIVE_AT_CUTOFF
SUNDARMFIN|NOISIN|1,True,OTHER,ACTIVE_AT_CUTOFF
SUNILHITEC|NOISIN|1,False,OTHER,ENDED_UNEXPLAINED
SUNPHARMA|NOISIN|1,True,OTHER,ACTIVE_AT_CUTOFF
SUNTECK|NOISIN|1,True,OTHER,ACTIVE_AT_CUTOFF
SUNTV|NOISIN|1,True,OTHER,ACTIVE_AT_CUTOFF
SUPREMEIND|NOISIN|1,True,OTHER,ACTIVE_AT_CUTOFF
SUVEN|NOISIN|6,True,OTHER,ACTIVE_AT_CUTOFF
SUZLON|NOISIN|1,True,OTHER,ACTIVE_AT_CUTOFF
SWANENERGY|INE665A01020|1,True,OTHER,ACTIVE_AT_CUTOFF
SWARAJMAZD|NOISIN|4,True,OTHER,ACTIVE_AT_CUTOFF
SWIGGY|INE00H001014|1,True,OTHER,ACTIVE_AT_CUTOFF
SWSOLAR|INE00M201021|1,True,OTHER,ACTIVE_AT_CUTOFF
SYMPHONY|NOISIN|1,True,OTHER,ACTIVE_AT_CUTOFF
SYNDIBANK|NOISIN|1,False,OTHER,ENDED_UNEXPLAINED
SYNGENE|INE398R01022|1,True,OTHER,ACTIVE_AT_CUTOFF
SYRMA|INE0DYJ01015|1,True,OTHER,ACTIVE_AT_CUTOFF
TAKE|NOISIN|1,True,OTHER,ACTIVE_AT_CUTOFF
TANLA|NOISIN|2,True,OTHER,ACTIVE_AT_CUTOFF
TATACAP|INE976I01016|1,True,OTHER,ACTIVE_AT_CUTOFF
TATACHEM|NOISIN|1,True,OTHER,ACTIVE_AT_CUTOFF
TATAELXSI|NOISIN|1,True,OTHER,ACTIVE_AT_CUTOFF
TATAHONEY|NOISIN|1,True,OTHER,ACTIVE_AT_CUTOFF
TATAMETALI|NOISIN|2,False,OTHER,ENDED_UNEXPLAINED
TATAMOTORS|NOISIN|1,True,OTHER,ACTIVE_AT_CUTOFF
TATAPOWER|NOISIN|1,True,OTHER,ACTIVE_AT_CUTOFF
TATASPONGE|NOISIN|1,False,OTHER,ENDED_UNEXPLAINED
TATATEA|NOISIN|1,True,OTHER,ACTIVE_AT_CUTOFF
TATATECH|INE142M01025|1,True,OTHER,ACTIVE_AT_CUTOFF
TATATELSER|NOISIN|1,True,OTHER,ACTIVE_AT_CUTOFF
TBZ|INE760L01018|1,False,OTHER,ENDED_UNEXPLAINED
TCS|NOISIN|1,True,OTHER,ACTIVE_AT_CUTOFF
TDPOWERSYS|INE419M01019|1,True,OTHER,ACTIVE_AT_CUTOFF
TECHM|NOISIN|1,True,OTHER,ACTIVE_AT_CUTOFF
TEJASNET|INE010J01012|1,True,OTHER,ACTIVE_AT_CUTOFF
TEXRAIL|NOISIN|1,True,OTHER,ACTIVE_AT_CUTOFF
TFCILTD|NOISIN|3,True,OTHER,ACTIVE_AT_CUTOFF
THEBYKE|INE319B01014|1,True,OTHER,ACTIVE_AT_CUTOFF
THERMAX|NOISIN|1,True,OTHER,ACTIVE_AT_CUTOFF
THOMASCOOK|NOISIN|1,True,OTHER,ACTIVE_AT_CUTOFF
THYROCARE|INE594H01019|1,True,OTHER,ACTIVE_AT_CUTOFF
TIINDIA|INE974X01010|1,True,OTHER,ACTIVE_AT_CUTOFF
TIMKEN|NOISIN|2,True,OTHER,ACTIVE_AT_CUTOFF
TINPLATE|NOISIN|2,False,OTHER,ENDED_UNEXPLAINED
TIRUMALCHM|NOISIN|3,True,OTHER,ACTIVE_AT_CUTOFF
TISCO|NOISIN|1,True,OTHER,ACTIVE_AT_CUTOFF
TITAN|NOISIN|1,True,OTHER,ACTIVE_AT_CUTOFF
TI|NOISIN|1,True,OTHER,ACTIVE_AT_CUTOFF
TMCV|INE1TAE01010|1,True,OTHER,ACTIVE_AT_CUTOFF
TORNTPHARM|NOISIN|1,True,OTHER,ACTIVE_AT_CUTOFF
TORNTPOWER|NOISIN|1,True,OTHER,ACTIVE_AT_CUTOFF
TRANSRAILL|INE454P01035|1,True,OTHER,ACTIVE_AT_CUTOFF
TRENT|NOISIN|1,True,OTHER,ACTIVE_AT_CUTOFF
TRIL|NOISIN|1,True,OTHER,ACTIVE_AT_CUTOFF
TRITURBINE|INE152M01016|1,True,OTHER,ACTIVE_AT_CUTOFF
TRIVENI|NOISIN|1,True,OTHER,ACTIVE_AT_CUTOFF
TTKHEALTH|NOISIN|2,True,OTHER,ACTIVE_AT_CUTOFF
TTKPRESTIG|NOISIN|1,True,OTHER,ACTIVE_AT_CUTOFF
TULIP|NOISIN|1,False,OTHER,DELISTED_EVIDENCED
TVSMOTOR|NOISIN|1,True,OTHER,ACTIVE_AT_CUTOFF
TVTODAY|NOISIN|1,True,OTHER,ACTIVE_AT_CUTOFF
TWL|NOISIN|1,True,OTHER,ACTIVE_AT_CUTOFF
UBHOLDINGS|NOISIN|1,False,OTHER,DELISTED_EVIDENCED
UBL|NOISIN|1,True,OTHER,ACTIVE_AT_CUTOFF
UCOBANK|NOISIN|1,True,OTHER,ACTIVE_AT_CUTOFF
UJJIVANSFB|INE551W01018|1,True,OTHER,ACTIVE_AT_CUTOFF
UJJIVAN|INE334L01012|1,False,OTHER,ENDED_UNEXPLAINED
ULTRACEMCO|NOISIN|1,True,OTHER,ACTIVE_AT_CUTOFF
UNIONBANK|NOISIN|1,True,OTHER,ACTIVE_AT_CUTOFF
UNIPHOS|NOISIN|1,True,OTHER,ACTIVE_AT_CUTOFF
UNITECH|NOISIN|1,True,OTHER,ACTIVE_AT_CUTOFF
UPERGANGES|NOISIN|4,False,OTHER,ENDED_UNEXPLAINED
URBANCO|INE0CAZ01013|1,True,OTHER,ACTIVE_AT_CUTOFF
UTIBANK|NOISIN|1,True,OTHER,ACTIVE_AT_CUTOFF
VADILALIND|NOISIN|1,True,OTHER,ACTIVE_AT_CUTOFF
VAKRANSOFT|NOISIN|4,True,OTHER,ACTIVE_AT_CUTOFF
VAML|INE1CDF01017|1,True,OTHER,ACTIVE_AT_CUTOFF
VATECH|NOISIN|1,True,OTHER,ACTIVE_AT_CUTOFF
VBL|INE200M01013|1,True,OTHER,ACTIVE_AT_CUTOFF
VENKEYS|NOISIN|2,True,OTHER,ACTIVE_AT_CUTOFF
VGUARD|NOISIN|1,True,OTHER,ACTIVE_AT_CUTOFF
VIJAYABANK|NOISIN|1,False,OTHER,ENDED_UNEXPLAINED
VIMTALABS|INE579C01029|1,True,OTHER,ACTIVE_AT_CUTOFF
VIPIND|NOISIN|4,True,OTHER,ACTIVE_AT_CUTOFF
VMM|INE01EA01019|1,True,OTHER,ACTIVE_AT_CUTOFF
VOGL|INE704J01044|1,True,OTHER,ACTIVE_AT_CUTOFF
VOLTAS|NOISIN|1,True,OTHER,ACTIVE_AT_CUTOFF
VRLLOG|INE366I01010|1,True,OTHER,ACTIVE_AT_CUTOFF
VSNL|NOISIN|1,True,OTHER,ACTIVE_AT_CUTOFF
VYSYABANK|NOISIN|1,False,OTHER,ENDED_UNEXPLAINED
WAAREEENER|INE377N01017|1,True,OTHER,ACTIVE_AT_CUTOFF
WALCHANNAG|NOISIN|3,True,OTHER,ACTIVE_AT_CUTOFF
WELGUJ|NOISIN|1,True,OTHER,ACTIVE_AT_CUTOFF
WELSPUNIND|NOISIN|2,True,OTHER,ACTIVE_AT_CUTOFF
WHEELS|NOISIN|1,True,OTHER,ACTIVE_AT_CUTOFF
WHIRLPOOL|NOISIN|2,True,OTHER,ACTIVE_AT_CUTOFF
WIPRO|NOISIN|1,True,OTHER,ACTIVE_AT_CUTOFF
WOCKPHARMA|NOISIN|2,True,OTHER,ACTIVE_AT_CUTOFF
WONDERLA|INE066O01014|1,True,OTHER,ACTIVE_AT_CUTOFF
WSTCSTPAPR|NOISIN|1,True,OTHER,ACTIVE_AT_CUTOFF
YESBANK|INE528G01035|1,True,OTHER,ACTIVE_AT_CUTOFF
YESBANK|NOISIN|1,False,OTHER,ENDED_UNEXPLAINED
ZEETELE|NOISIN|1,True,OTHER,ACTIVE_AT_CUTOFF
ZENSARTECH|NOISIN|2,True,OTHER,ACTIVE_AT_CUTOFF
ZENTEC|INE251B01027|1,True,OTHER,ACTIVE_AT_CUTOFF
ZOMATO|INE758T01015|1,True,OTHER,ACTIVE_AT_CUTOFF
ZYDUSWELL|NOISIN|1,True,OTHER,ACTIVE_AT_CUTOFF
