date,http_status,method,nse_traded
1996-01-26,404,legacy cm<DDMONYYYY>bhav.csv.zip,False
1996-02-21,404,legacy cm<DDMONYYYY>bhav.csv.zip,False
1996-03-05,404,legacy cm<DDMONYYYY>bhav.csv.zip,False
1996-03-20,404,legacy cm<DDMONYYYY>bhav.csv.zip,False
1996-04-01,200,legacy cm<DDMONYYYY>bhav.csv.zip,True
1996-04-05,404,legacy cm<DDMONYYYY>bhav.csv.zip,False
1996-07-17,200,legacy cm<DDMONYYYY>bhav.csv.zip,True
1996-08-15,404,legacy cm<DDMONYYYY>bhav.csv.zip,False
1996-10-02,404,legacy cm<DDMONYYYY>bhav.csv.zip,False
1996-10-21,404,legacy cm<DDMONYYYY>bhav.csv.zip,False
1996-10-30,404,legacy cm<DDMONYYYY>bhav.csv.zip,False
1996-11-12,404,legacy cm<DDMONYYYY>bhav.csv.zip,False
1996-12-25,404,legacy cm<DDMONYYYY>bhav.csv.zip,False
1996-12-27,404,legacy cm<DDMONYYYY>bhav.csv.zip,False
1996-12-30,404,legacy cm<DDMONYYYY>bhav.csv.zip,False
1997-01-23,404,legacy cm<DDMONYYYY>bhav.csv.zip,False
1997-03-07,404,legacy cm<DDMONYYYY>bhav.csv.zip,False
1997-03-24,404,legacy cm<DDMONYYYY>bhav.csv.zip,False
1997-03-28,404,legacy cm<DDMONYYYY>bhav.csv.zip,False
1997-04-08,404,legacy cm<DDMONYYYY>bhav.csv.zip,False
1997-04-14,404,legacy cm<DDMONYYYY>bhav.csv.zip,False
1997-04-16,404,legacy cm<DDMONYYYY>bhav.csv.zip,False
1997-04-18,404,legacy cm<DDMONYYYY>bhav.csv.zip,False
1997-05-01,404,legacy cm<DDMONYYYY>bhav.csv.zip,False
1997-07-18,404,legacy cm<DDMONYYYY>bhav.csv.zip,False
1997-08-15,404,legacy cm<DDMONYYYY>bhav.csv.zip,False
1997-10-02,404,legacy cm<DDMONYYYY>bhav.csv.zip,False
1997-10-03,404,legacy cm<DDMONYYYY>bhav.csv.zip,False
1997-10-06,404,legacy cm<DDMONYYYY>bhav.csv.zip,False
1997-10-07,404,legacy cm<DDMONYYYY>bhav.csv.zip,False
1997-10-08,404,legacy cm<DDMONYYYY>bhav.csv.zip,False
1997-10-31,404,legacy cm<DDMONYYYY>bhav.csv.zip,False
1997-11-14,404,legacy cm<DDMONYYYY>bhav.csv.zip,False
1997-12-25,404,legacy cm<DDMONYYYY>bhav.csv.zip,False
1998-01-26,404,legacy cm<DDMONYYYY>bhav.csv.zip,False
1998-02-16,404,legacy cm<DDMONYYYY>bhav.csv.zip,False
1998-03-13,404,legacy cm<DDMONYYYY>bhav.csv.zip,False
1998-04-08,404,legacy cm<DDMONYYYY>bhav.csv.zip,False
1998-04-14,404,legacy cm<DDMONYYYY>bhav.csv.zip,False
1998-05-01,404,legacy cm<DDMONYYYY>bhav.csv.zip,False
1998-05-07,404,legacy cm<DDMONYYYY>bhav.csv.zip,False
1998-08-26,404,legacy cm<DDMONYYYY>bhav.csv.zip,False
1998-10-01,404,legacy cm<DDMONYYYY>bhav.csv.zip,False
1998-10-02,404,legacy cm<DDMONYYYY>bhav.csv.zip,False
1998-10-21,404,legacy cm<DDMONYYYY>bhav.csv.zip,False
1998-11-04,404,legacy cm<DDMONYYYY>bhav.csv.zip,False
1998-11-25,404,legacy cm<DDMONYYYY>bhav.csv.zip,False
1998-12-25,404,legacy cm<DDMONYYYY>bhav.csv.zip,False
1999-01-20,404,legacy cm<DDMONYYYY>bhav.csv.zip,False
1999-01-26,404,legacy cm<DDMONYYYY>bhav.csv.zip,False
1999-03-02,404,legacy cm<DDMONYYYY>bhav.csv.zip,False
1999-03-29,404,legacy cm<DDMONYYYY>bhav.csv.zip,False
1999-04-02,404,legacy cm<DDMONYYYY>bhav.csv.zip,False
1999-04-14,404,legacy cm<DDMONYYYY>bhav.csv.zip,False
1999-04-27,404,legacy cm<DDMONYYYY>bhav.csv.zip,False
1999-09-13,404,legacy cm<DDMONYYYY>bhav.csv.zip,False
1999-10-19,404,legacy cm<DDMONYYYY>bhav.csv.zip,False
1999-11-08,404,legacy cm<DDMONYYYY>bhav.csv.zip,False
1999-11-23,404,legacy cm<DDMONYYYY>bhav.csv.zip,False
1999-12-31,404,legacy cm<DDMONYYYY>bhav.csv.zip,False
2000-01-26,404,legacy cm<DDMONYYYY>bhav.csv.zip,False
2000-03-17,404,legacy cm<DDMONYYYY>bhav.csv.zip,False
2000-03-20,404,legacy cm<DDMONYYYY>bhav.csv.zip,False
2000-04-14,404,legacy cm<DDMONYYYY>bhav.csv.zip,False
2000-04-21,404,legacy cm<DDMONYYYY>bhav.csv.zip,False
2000-05-01,404,legacy cm<DDMONYYYY>bhav.csv.zip,False
2000-08-15,404,legacy cm<DDMONYYYY>bhav.csv.zip,False
2000-09-01,404,legacy cm<DDMONYYYY>bhav.csv.zip,False
2000-10-02,404,legacy cm<DDMONYYYY>bhav.csv.zip,False
2000-12-25,404,legacy cm<DDMONYYYY>bhav.csv.zip,False
2001-01-26,404,legacy cm<DDMONYYYY>bhav.csv.zip,False
2001-03-06,404,legacy cm<DDMONYYYY>bhav.csv.zip,False
2001-04-05,404,legacy cm<DDMONYYYY>bhav.csv.zip,False
2001-04-13,404,legacy cm<DDMONYYYY>bhav.csv.zip,False
2001-05-01,404,legacy cm<DDMONYYYY>bhav.csv.zip,False
2001-08-15,404,legacy cm<DDMONYYYY>bhav.csv.zip,False
2001-08-22,404,legacy cm<DDMONYYYY>bhav.csv.zip,False
2001-10-02,404,legacy cm<DDMONYYYY>bhav.csv.zip,False
2001-10-26,404,legacy cm<DDMONYYYY>bhav.csv.zip,False
2001-11-16,404,legacy cm<DDMONYYYY>bhav.csv.zip,False
2001-11-30,404,legacy cm<DDMONYYYY>bhav.csv.zip,False
2001-12-17,404,legacy cm<DDMONYYYY>bhav.csv.zip,False
2001-12-25,404,legacy cm<DDMONYYYY>bhav.csv.zip,False
2002-03-25,404,legacy cm<DDMONYYYY>bhav.csv.zip,False
2002-03-29,404,legacy cm<DDMONYYYY>bhav.csv.zip,False
2002-05-01,404,legacy cm<DDMONYYYY>bhav.csv.zip,False
2002-08-15,404,legacy cm<DDMONYYYY>bhav.csv.zip,False
2002-09-10,404,legacy cm<DDMONYYYY>bhav.csv.zip,False
2002-10-02,404,legacy cm<DDMONYYYY>bhav.csv.zip,False
2002-10-15,404,legacy cm<DDMONYYYY>bhav.csv.zip,False
2002-11-06,404,legacy cm<DDMONYYYY>bhav.csv.zip,False
2002-11-19,404,legacy cm<DDMONYYYY>bhav.csv.zip,False
2002-12-25,404,legacy cm<DDMONYYYY>bhav.csv.zip,False
2003-02-13,404,legacy cm<DDMONYYYY>bhav.csv.zip,False
2003-03-14,404,legacy cm<DDMONYYYY>bhav.csv.zip,False
2003-03-18,404,legacy cm<DDMONYYYY>bhav.csv.zip,False
2003-04-14,404,legacy cm<DDMONYYYY>bhav.csv.zip,False
2003-04-18,404,legacy cm<DDMONYYYY>bhav.csv.zip,False
2003-05-01,404,legacy cm<DDMONYYYY>bhav.csv.zip,False
2003-08-15,404,legacy cm<DDMONYYYY>bhav.csv.zip,False
2003-10-02,404,legacy cm<DDMONYYYY>bhav.csv.zip,False
2003-11-26,404,legacy cm<DDMONYYYY>bhav.csv.zip,False
2003-12-25,404,legacy cm<DDMONYYYY>bhav.csv.zip,False
2004-01-26,404,legacy cm<DDMONYYYY>bhav.csv.zip,False
2004-02-02,404,legacy cm<DDMONYYYY>bhav.csv.zip,False
2004-03-02,404,legacy cm<DDMONYYYY>bhav.csv.zip,False
2004-04-09,404,legacy cm<DDMONYYYY>bhav.csv.zip,False
2004-04-14,404,legacy cm<DDMONYYYY>bhav.csv.zip,False
2004-04-26,404,legacy cm<DDMONYYYY>bhav.csv.zip,False
2004-10-13,404,legacy cm<DDMONYYYY>bhav.csv.zip,False
2004-10-22,404,legacy cm<DDMONYYYY>bhav.csv.zip,False
2004-11-15,404,legacy cm<DDMONYYYY>bhav.csv.zip,False
2004-11-26,404,legacy cm<DDMONYYYY>bhav.csv.zip,False
2005-07-28,404,legacy cm<DDMONYYYY>bhav.csv.zip,False
2005-11-04,404,legacy cm<DDMONYYYY>bhav.csv.zip,False
2008-11-27,404,legacy cm<DDMONYYYY>bhav.csv.zip,False
2009-04-30,404,legacy cm<DDMONYYYY>bhav.csv.zip,False
2009-10-13,404,legacy cm<DDMONYYYY>bhav.csv.zip,False
2014-04-24,404,legacy cm<DDMONYYYY>bhav.csv.zip,False
2014-10-15,404,legacy cm<DDMONYYYY>bhav.csv.zip,False
2025-03-18,200,"UDiFF BhavCopy_NSE_CM_0_0_0_<YYYYMMDD>_F_0000.csv.zip (legacy format discontinued after 2024; control 17JUL2026 legacy=404, UDiFF=200)",True
2026-01-15,404,"UDiFF BhavCopy_NSE_CM_0_0_0_<YYYYMMDD>_F_0000.csv.zip (legacy format discontinued after 2024; control 17JUL2026 legacy=404, UDiFF=200)",False
2026-05-01,404,"UDiFF BhavCopy_NSE_CM_0_0_0_<YYYYMMDD>_F_0000.csv.zip (legacy format discontinued after 2024; control 17JUL2026 legacy=404, UDiFF=200)",False
2026-05-28,404,"UDiFF BhavCopy_NSE_CM_0_0_0_<YYYYMMDD>_F_0000.csv.zip (legacy format discontinued after 2024; control 17JUL2026 legacy=404, UDiFF=200)",False
2026-06-26,404,"UDiFF BhavCopy_NSE_CM_0_0_0_<YYYYMMDD>_F_0000.csv.zip (legacy format discontinued after 2024; control 17JUL2026 legacy=404, UDiFF=200)",False
