date,close,source_file,source_sha256
2026-01-01,26146.55,ind_close_all_01012026.csv,7ff45c572457acaecf6bd6bf6b4e7436d55a63618cff9e8d11e764f294e15d87
2026-01-02,26328.55,ind_close_all_02012026.csv,be01dd4a8c58de17509e2e75232dbf8d1d0d1f9e8d703383bbd5af8a7db8e058
2026-01-05,26250.3,ind_close_all_05012026.csv,ddaa5ba98019e31958ee883cd50ac3e91ad6a5d0fcc4d721b3ad1deeb208a01b
2026-01-06,26178.7,ind_close_all_06012026.csv,e7264de26cd0b37652128fac2eb819e2f27f844452ceccd7c3965356420738fb
2026-01-07,26140.75,ind_close_all_07012026.csv,73fa19788ffe1bf94daa645f418d78bd71e77488dddc346e66f0264884dda121
2026-01-08,25876.85,ind_close_all_08012026.csv,93f855851d70db5bc36ed18da5bc6aca9dc69c25bae8d72bd8e2986530298e94
2026-01-09,25683.3,ind_close_all_09012026.csv,971ed83030ea4fe6c8c5fe11a9ee73ef98692a55ec76964754bcc5b196a7763a
2026-01-12,25790.25,ind_close_all_12012026.csv,70826bd87742abfedf91b83cddae8df90a3d5496357b2c62f598dd683e7a6b44
2026-01-13,25732.3,ind_close_all_13012026.csv,27314aca0fc52e9523e59b4b55bf14a56225ce1e8dda932383b4caa052066396
2026-01-14,25665.6,ind_close_all_14012026.csv,aabc7f17b97c1b4ef11c5a5754f727c947a29d1c3efdafa0499570b0b6f52e47
2026-01-16,25694.35,ind_close_all_16012026.csv,cca3ae58ce51288a823fd3f01c53cf6f0f767e043a460738b5d4c61569e205bb
2026-01-19,25585.5,ind_close_all_19012026.csv,3a34c2d9e908f2c5a0e6f8703be6eeef601b027a9e0e4c78d56009a04884627d
2026-01-20,25232.5,ind_close_all_20012026.csv,2f67dee07790d7e4b96bee78ef6d2c8f18933a4081f8af8feca2f1b9fc811d4a
2026-01-21,25157.5,ind_close_all_21012026.csv,a811491892ccf2875d23fa409c5fa339be2536111a1818050fc6131ddccdd5ec
2026-01-22,25289.9,ind_close_all_22012026.csv,f5dbb4e31963b239a0c435757942f90293657e5401bda57da510a556941b5137
2026-01-23,25048.65,ind_close_all_23012026.csv,3289aac4252e0baf60f5af7c952b4777f31a7ec0abda57479de1f4b685243db6
2026-01-27,25175.4,ind_close_all_27012026.csv,b423b760c3fec64c6038cde3130fa9f8cbfeae5b4ef65a9c6b024ab94e2e9aba
2026-01-28,25342.75,ind_close_all_28012026.csv,dfeb61482c564d58abf68460179794b5114c11c908cc74eb8c7c54bcff17bf64
2026-01-29,25418.9,ind_close_all_29012026.csv,5735df28dc16f21fa0676b2f33aa9df583d41ed939638563925d9e80acd4083e
2026-01-30,25320.65,ind_close_all_30012026.csv,8c275e5bf62c5d4efe61efa38f4b22bb34456fff29b8cee512bfb9e01e8a5ddb
2026-02-02,25088.4,ind_close_all_02022026.csv,ccfde8800414fd895d2b16524d305a883457bd1d63b346e48035b15f9f20f08b
2026-02-03,25727.55,ind_close_all_03022026.csv,eefad88c018803041001a27f394123c1fe5e92c5c7f80af87e9fc5907a415eb7
2026-02-04,25776.0,ind_close_all_04022026.csv,01bb13840604826fcae44a00493a73bc6cdc94ebb3c9088bea62ed613cef9a1c
2026-02-05,25642.8,ind_close_all_05022026.csv,1fb30405a170954036391f4e15e309b74de8aac8fbed7e75743f2f444acba1ca
2026-02-06,25693.7,ind_close_all_06022026.csv,235d6b0ea67baae35a45db24a8ef02cc00d283917eae80ddb550176f18ba6631
2026-02-09,25867.3,ind_close_all_09022026.csv,155bf95cfb6a5054f76dc82001e0b43235c87421452317f6194c93afb676ff9a
2026-02-10,25935.15,ind_close_all_10022026.csv,6a9965563f679db2470c1be61158d85c2c9876059e02dc9b67981bb582548ecb
2026-02-11,25953.85,ind_close_all_11022026.csv,e38828fcae9a03fab5c431494de8719e36be71a0e7e52641b21ba9167ad95779
2026-02-12,25807.2,ind_close_all_12022026.csv,067e8dad105a49ec97eec67dacabaab9a899dbc1eb70047728c07657bcbb1aa6
2026-02-13,25471.1,ind_close_all_13022026.csv,6996ce978b120e253d99e64aa5c92d9f7a1e947842bdeff65db481d5be0d095e
2026-02-16,25682.75,ind_close_all_16022026.csv,4bc5ab74d8254d0c1a02ea9da15cac40bd9a1ce28cd20674d8f8f2c16a702b4b
2026-02-17,25725.4,ind_close_all_17022026.csv,119e1e3b6123f2cc13da189512330c48c3ae7cd7a355d50c4e2617421de0e686
2026-02-18,25819.35,ind_close_all_18022026.csv,4e0d708b5b76b15f689ab75d56d008e48c26ca7d3529043e6b8a098f6d3f332b
2026-02-19,25454.35,ind_close_all_19022026.csv,33a47f1be5dca18ab916c7433802ecdd10b2285bb191da3544818454acc1dd72
2026-02-20,25571.25,ind_close_all_20022026.csv,5f1668c052d3fdbd78214de28c2341e58211e0c237f800204b38b7347d6e4b8d
2026-02-23,25713.0,ind_close_all_23022026.csv,720804f8a7d0e1cbfa2209998a8566df3f3b142c5cad39bed9964e74cf127e10
2026-02-24,25424.65,ind_close_all_24022026.csv,024516c39c4e856ee9f3f8d00da2bee4732eaf69c4b6850fb4f8ccb450065017
2026-02-25,25482.5,ind_close_all_25022026.csv,46140b5f7b437ed7fe803dd42a5916ee27d511e63f4409a5d7c0fb3d39dbd1f9
2026-02-26,25496.55,ind_close_all_26022026.csv,44929576b5651d4994448b0d76358c4a8c106f51e52fb1bc1d6e49b86c15e50f
2026-02-27,25178.65,ind_close_all_27022026.csv,bf55aefbc9953ca372886689c7d48717dc632682282c6603d924fab437058366
2026-03-02,24865.7,ind_close_all_02032026.csv,01c3a307a8651ab5278262278cb537148852ae3c6799d5ba760adbe5880afdc8
2026-03-04,24480.5,ind_close_all_04032026.csv,5363bde6a70a720929b604fff4b80d48dc52c0c23402a4957fc1ef25f1d601bf
2026-03-05,24765.9,ind_close_all_05032026.csv,bad33f8571b28b65d39537c000b34809c93aa803fad913f01725c0cbe978cad7
2026-03-06,24450.45,ind_close_all_06032026.csv,87a49a35c24f0e97bd6ccbddb08cedca5db70962f1d100435c7e6793fa20a396
2026-03-09,24028.05,ind_close_all_09032026.csv,d98a8050bf18a6c7d81e3be18c79cfe4144975a1c54220a415b96c316c4b6f43
2026-03-10,24261.6,ind_close_all_10032026.csv,5c5a6144de9bf2d039a7f9bb2c7a22babb1c43516bfac3d78a6c169968378340
2026-03-11,23866.85,ind_close_all_11032026.csv,cbe07160be323db20e320b5a44392c6749103459b74dcfd2df7e61da6b2218a9
2026-03-12,23639.15,ind_close_all_12032026.csv,bddcf55472943a547e29d922a5008ac64834fbb092ebaca8ed6195fda960bbf9
2026-03-13,23151.1,ind_close_all_13032026.csv,b81d97c7eb16b5130528b8918e88defdbb36cacb1d3653e71098686eb0af39de
2026-03-16,23408.8,ind_close_all_16032026.csv,c817170a92225d3173fcaa6f72302da62aa68da22e63369821ab29687beb7995
2026-03-17,23581.15,ind_close_all_17032026.csv,2b6606f9297512144d4d30638889cc50f42803667be54498ffed520119af7460
2026-03-18,23777.8,ind_close_all_18032026.csv,b8b0c11de8939449c39efffd5fc391a955a35bfdaeaa3d491baf57ef6fb8f0b8
2026-03-19,23002.15,ind_close_all_19032026.csv,de9d285a24d524d1600e59696159a1a9ed326a312679501f67997027eb13cf04
2026-03-20,23114.5,ind_close_all_20032026.csv,c81e2f7dc464f22237f012217025a6434fd5963b250de9a444fca8f2c085df17
2026-03-23,22512.65,ind_close_all_23032026.csv,0acacea489794a80efc9ee39a90b7e3879679b217f4b09dbdff9b8f0db00a6b6
2026-03-24,22912.4,ind_close_all_24032026.csv,2ec8c397ebf001ddfe541ebd8cac93346b94e938106d09f9ea70367ca40910f5
2026-03-25,23306.45,ind_close_all_25032026.csv,1d22a2dab7b467df3f4d977acba73ee10f21670bd8c20fd25ce5b8e375d4ab44
2026-03-27,22819.6,ind_close_all_27032026.csv,01fccd68c19f7400636d926fc62c2b38b215ec27609f383a11b19fd906ee54c9
2026-03-30,22331.4,ind_close_all_30032026.csv,251525859c448dd911073f95db447f21495b1cb422b93558f226f3135e6f9cf9
2026-04-01,22679.4,ind_close_all_01042026.csv,d9e22ab54f2212168dd700a54fa79d51ad2853a9acb595257c5d22c0c266a22c
2026-04-02,22713.1,ind_close_all_02042026.csv,51382938491357e60404a99c0cdbbd9ee12b8c616767bf24b55eb65fbd03b749
2026-04-06,22968.25,ind_close_all_06042026.csv,5d994bfec364d4255fe7f15a494ce0550ebbcd705392e9faef53c0e377d6d729
2026-04-07,23123.65,ind_close_all_07042026.csv,dd4299895842c5dbbe60e95ed46ca21adc69a5e2d9e72f9b63f835a7c3558af0
2026-04-08,23997.35,ind_close_all_08042026.csv,e988a5c61ba5fd5c98dac916c93851897e72d6baa547adbd255ac71c7f6189d3
2026-04-09,23775.1,ind_close_all_09042026.csv,618bda71b716e0cef1fe2395d1498114c8ffb1b661683ba26f21ca4152467ddf
2026-04-10,24050.6,ind_close_all_10042026.csv,3fbe9439877373e411553bd5dc29f5d7956e677b5a9e6f33f48c77d9aa5c6bee
2026-04-13,23842.65,ind_close_all_13042026.csv,c7f556af0cda5ea5999e7b6c6dfef812c462666300386c616e07b22718e54811
2026-04-15,24231.3,ind_close_all_15042026.csv,792f322c5c5dc9b08e252314f2eeb0f56ad2995229e2d81e71025b458096f7fd
2026-04-16,24196.75,ind_close_all_16042026.csv,eff5d4bb72ee0f699faf33f94853be22990baf79d64db61ea70365a3b3c75d2b
2026-04-17,24353.55,ind_close_all_17042026.csv,2777f032399b6a76d0b36914db864f9c915805199697102a7cc6302b19a8e3d3
2026-04-20,24364.85,ind_close_all_20042026.csv,2e6859727d56f6a4e7c304f6d3b35f61ebbcea89e14ca61a7a66bd99abb76774
2026-04-21,24576.6,ind_close_all_21042026.csv,d7151c1fcb0e953436782fdb94e5910d2e1f10458f058a83de25903ed523e8a8
2026-04-22,24378.1,ind_close_all_22042026.csv,eed53575646c1eb34a88cf1b6e66a153411a2c02960a18a78fb1f422498f150f
2026-04-23,24173.05,ind_close_all_23042026.csv,66e756bf1f8d0cb035ae1ed41886ac209c2274644783a3f871dfbb8f12024ae0
2026-04-24,23897.95,ind_close_all_24042026.csv,a1809e99bc9d79dbcd429dc2b173843cd9807969f5f88968b6166e824737aba7
2026-04-27,24092.7,ind_close_all_27042026.csv,88b9cccf56312f82c1747ae6a975fcaecf2e6e253346953964925ad837e42b2d
2026-04-28,23995.7,ind_close_all_28042026.csv,82f53b11d7cbb623b5ddb3ace036aa9ecc5d44ab549b6a3087a0f66008bb6793
2026-04-29,24177.65,ind_close_all_29042026.csv,26a598574cd84fbf3150d71c55f785e77efb02710039d438d18789e2b58ff31e
2026-04-30,23997.55,ind_close_all_30042026.csv,e5f696b8110b60574a4a08d1a820bb921a1f4c44d0e6aa736eb59518dde6efe5
2026-05-04,24119.3,ind_close_all_04052026.csv,5f02fb8c75b71b3a30dfffc72acf26ffab13a15e0b17d2dc175fffe4c2ef3a92
2026-05-05,24032.8,ind_close_all_05052026.csv,d1ac23bb66ff6b6a23bdd6ab8d589141f570545bc4d600b96743c0528e5f4487
2026-05-06,24330.95,ind_close_all_06052026.csv,a3653421fdcb4637bec9dff8d72c9a73a686d1da369603ad6b24108422f1bad4
2026-05-07,24326.65,ind_close_all_07052026.csv,12187f21bff98450351efc814fefb26a35afa3bdfa80eab89d42b13bd6df21a3
2026-05-08,24176.15,ind_close_all_08052026.csv,86e65fd22bf4fe55a11f7df5db4c7eaa91c5517aac540da87482f0a9b18ab251
2026-05-11,23815.85,ind_close_all_11052026.csv,6f33160dd26904e255fe0b6c47be9372249c1ded1244470ecb1db089b51b9c9c
2026-05-12,23379.55,ind_close_all_12052026.csv,83d482e007a62786112d4259f2a01648870976d1677a0780f6b35b16dbf275d5
2026-05-13,23412.6,ind_close_all_13052026.csv,0abf6f385b734a8ac49d41250487e7f29e2fc816c269d6705b34976e6a090569
2026-05-14,23689.6,ind_close_all_14052026.csv,b7890994d687892c59d71dec68449923ffe9aeb4c3720575e396211a15e982aa
2026-05-15,23643.5,ind_close_all_15052026.csv,9f2e98ac1f7941be68e14544dee999cc9f5807ab412791609f1586f93e03a32d
2026-05-18,23649.95,ind_close_all_18052026.csv,444c2f90855bae3e661f26e11366db4d9989d0ef05177d75d5a4469e33e5b623
2026-05-19,23618.0,ind_close_all_19052026.csv,eb1ac2ce8dc50d22572734450f91ee797478206be9b84c54c7ef575488599469
2026-05-20,23659.0,ind_close_all_20052026.csv,314240bc9bf81f37ad28747d02b94c68e69e5e996c0e30682d152031006564f7
2026-05-21,23654.7,ind_close_all_21052026.csv,697bfe8fb3b3a1d21a8e33b6cf9dc511f122e5627ae9a15397b04ff9cbd6496e
2026-05-22,23719.3,ind_close_all_22052026.csv,f0e2352227e4471c82ff416868b21afe91124b9c368d9f8dc09106e1eb38fe3f
2026-05-25,24031.7,ind_close_all_25052026.csv,5e080649ee6fe93a91768f0b1448d44ccadf14ed18d6c7a11f48777f87731020
2026-05-26,23913.7,ind_close_all_26052026.csv,bf029c427824f1c890a86dbc0c9ad265a09b4262be478d71afa23afff750cec4
2026-05-27,23907.15,ind_close_all_27052026.csv,b27310f238976fbb358d2a7e5d34242fe47a0397850f61d0984611bc6b801c58
2026-05-29,23547.75,ind_close_all_29052026.csv,7c3c581f37719fcb3d5027b35cd5a2b4ef4b494dd882326e0aacbf3342945ff2
2026-06-01,23382.6,ind_close_all_01062026.csv,ec26c46249e3c44c6f80b6628754c2792a9e79293c1a396d71d4240d9f432726
2026-06-02,23483.55,ind_close_all_02062026.csv,4c04546d017b3d4d3da9993e64b1ecea71034a4280270f9c8a8523739e91ed7e
2026-06-03,23405.6,ind_close_all_03062026.csv,81c8a395c5701354f217ba817a4330e35741e2ef9839b52468ab76b2dc6bbf97
2026-06-04,23416.55,ind_close_all_04062026.csv,5f4a53ccd5811ade3a1463a13711733680184b1a9271f198bfd62427db786fed
2026-06-05,23366.7,ind_close_all_05062026.csv,488b0e6f96e04dc9bfbbf649ae4fa750165915c77a02a4e4615ad5c5a741dbd7
2026-06-08,23123.0,ind_close_all_08062026.csv,d82903283632823f92ee1fdc5205f928afc1846f08ea4b73c030abb60c5d0564
2026-06-09,23242.1,ind_close_all_09062026.csv,29a7ae1d66df788fca72537719db9cf3caa7bd661577a1ef55519372a66fdf09
2026-06-10,23214.95,ind_close_all_10062026.csv,4699cd417d3e316d7434b2a60bad7889a3fe5328adae876a33b714df142b518b
2026-06-11,23161.6,ind_close_all_11062026.csv,0112cd3906dfece5f73185db2aac392f87476ab7aced012163e1307c950e3e8d
2026-06-12,23622.9,ind_close_all_12062026.csv,bb95fd917acac2780cd2c442b63e98c0b990786df32f59777e54f6c746e12528
2026-06-15,23853.9,ind_close_all_15062026.csv,edfe87aad0fdd718b74a7e3fc798b073a05150fe6638b00848a029d1683f5d75
2026-06-16,23989.15,ind_close_all_16062026.csv,0ab588f57b9e6b9840ae6b2ca469f29d6bfe6677a2a5e994dfc5b2abb057eefe
2026-06-17,24085.7,ind_close_all_17062026.csv,a03dd5630f18dd2bcba1c195f725c5390faab3dedf5aec46b10ae2305dcd0f3b
2026-06-18,24168.0,ind_close_all_18062026.csv,5d246d808da6b3e883314072e1f88827965ead8e9cd080b6d5f7a80b3c6f6416
2026-06-19,24013.1,ind_close_all_19062026.csv,c30a3070e678b3c9a5590e0f615d6038a8801de35552efbd70aa9c30959e3196
2026-06-22,24102.9,ind_close_all_22062026.csv,ee7e828efd40c2b4e19b0de460bc27dbf8420849b1818027a315cdafa6fafae9
2026-06-23,23824.1,ind_close_all_23062026.csv,c0662e476ab7f1ee96a3b3b1679f92d705c1a08e6368b0cc102f275bdf9f1765
2026-06-24,24021.65,ind_close_all_24062026.csv,6b368c23762953a1ad074521bd3db1a86c404c30b6a82afb35ff700781e42fd3
2026-06-25,24056.0,ind_close_all_25062026.csv,5669ef488c40554d8e9b5833ff1e264dc61e444df2b541a49186534c080b5405
2026-06-29,23946.25,ind_close_all_29062026.csv,93e3fb742c9ab0889ee72101942e91e47a4c3ed137469e0c69b6a75f7d2a8e81
2026-06-30,23865.75,ind_close_all_30062026.csv,0c5866bad9e96e6cc711fbe08eb1a384c10f8c9b46e76572ed5ddda5b71942a0
2026-07-01,24005.85,ind_close_all_01072026.csv,069ea6f1e112fac803519fbb0b9c398d69cce07728ef3ed5293b338a234db010
2026-07-02,24175.7,ind_close_all_02072026.csv,4d61c1374814b8c86072a4160a2b3b4eed3e12a4dcbd5da888eba2ec5d3a2c14
2026-07-03,24270.85,ind_close_all_03072026.csv,7fcaf907737fb5d16d96887de3e25d576316fb3196692596cf93859d5ab5da6a
2026-07-06,24430.35,ind_close_all_06072026.csv,c4f8363be99ac7c2e39ef726af6c6239a8746a8a49ea75e4b95397c0892e7fb9
2026-07-07,24398.7,ind_close_all_07072026.csv,510101fdb4b31ee76785bdc5c838e6a27bf4482090175766107297e694a2a534
2026-07-08,23882.05,ind_close_all_08072026.csv,cccd22346fd373cd8e9c19ca3d4cd154a28ba37e729546046146829885953bea
2026-07-09,23962.8,ind_close_all_09072026.csv,4f54816a0db696b7a18e4f6b9d0bfc5fe02f1ddb790a00fe5ae7dddd08063ce0
2026-07-10,24206.9,ind_close_all_10072026.csv,8371436f58823e11c2bb24884214963d98fa3d67d4a4ff30928c7be60f6a193c
2026-07-13,24211.0,ind_close_all_13072026.csv,f23776b17d17c4e00b4cdef13db4b7dd43495a395381d91d3cdf024298a0cb78
2026-07-14,24052.05,ind_close_all_14072026.csv,c0a525c6736f862da6df6e7d55eb4200c6e19b4a036e1aeb11e644a3f8206a08
2026-07-15,24078.5,ind_close_all_15072026.csv,e84608ef8f8050d70b735ef8a9184476cff5792e3e85bfdc918d000d10f1c68d
2026-07-16,24072.75,ind_close_all_16072026.csv,a89689c7b53e96050698889dab279a9c5be1cbb82323e16e76a173ab155b8ea5
2026-07-17,24334.3,ind_close_all_17072026.csv,64abe34440d69d2c2f3820d0973ee84fdb469e53e812b3dbfde02abec0aa0333
2026-07-20,24238.5,ind_close_all_20072026.csv,1359701c590b6342eefc148dbbac88a3dfdb20bde291292e1499edda9bb1390e
2026-07-21,24187.7,ind_close_all_21072026.csv,b119aa894dc412b1ba5e137a986c1f7984e436b88f5cfb724e06d8ff4d6c8ea9
2026-07-22,23996.25,ind_close_all_22072026.csv,4073110dac3007f657ab0dd2ee7e1eecf4035bc4557d79d2dee5ceb8e120f2cd
2026-07-23,23869.6,ind_close_all_23072026.csv,ffaa003e73e2c4771fee38001f99d6569b1b1c0366a13193b491f0fafb4531c0
2026-07-24,23767.45,ind_close_all_24072026.csv,122c73954404a6e35ed975275299ee004df8e41743bf38d025d628aeb9b6564a
2026-07-27,23995.95,ind_close_all_27072026.csv,824d134a3a18efbb614ef41439b653a94cc576c8bbcb30d958efc8e0cf35cf92
2026-07-28,23985.35,ind_close_all_28072026.csv,72d13d636ee0e333c10233d606e117b2de6fd6983a65227c6bb0050428e6d404
2026-07-29,24250.2,ind_close_all_29072026.csv,efd67153ac578a9f96aaf39938dd98849299c6c345983ac3a609a1f36477d01c
2026-07-30,24317.15,ind_close_all_30072026.csv,a9bbc2254c7ccd5a5027700ed607fd7619ad9c1c028911f127822edd03953774
2026-07-31,24383.6,ind_close_all_31072026.csv,7fc62673ea2c7bee0993f9ef2a32c51b12c7b529bddac4d3c1eee9d8bdda4488
2026-08-03,24774.3,ind_close_all_03082026.csv,436e95ab9e768ee248694e49df71f19f5dffca54c4a41967d49c7a2429d1e0b8
2026-08-04,24614.9,ind_close_all_04082026.csv,d2b19cb0240249b67b196411a00e47697a60bd5f9e51b1738f0952853ec8cd8c
2026-08-05,24624.65,ind_close_all_05082026.csv,a19bbaff37cb74d862037d0b038f656c9148e0df1b5932ea2103ec472ad9135f
2026-08-06,24636.0,ind_close_all_06082026.csv,64c8c21544313d715c92c2037566fedd1b78fc4803f8fab4a8b087b536c23262
2026-08-07,24570.65,ind_close_all_07082026.csv,2338d57ae47cd5a1848f6d6432ee18b467636540764c62d25581be1d4f0e1985
2026-08-10,24583.8,ind_close_all_10082026.csv,39edeca3e91d4b694d9e98d1c57542c4ece0d411c1f21f22e815397c9e8cf295
2026-08-11,24471.7,ind_close_all_11082026.csv,5b26958753716d7606076fccfbe67b644e9c729fd96ae940719344ad73986793
2026-08-12,24435.95,ind_close_all_12082026.csv,2a605bdec56595c6fc49e13faacafe180993bba8bc8e6578ee84c3ecefc31d27
2026-08-13,24395.85,ind_close_all_13082026.csv,26a1e99139de5b827b45252389a39e01a37f56aa78bdac10bca2f943b7fd9952
2026-08-14,24366.0,ind_close_all_14082026.csv,e947420f795ed999cccbd335ef6b256cc1a6549d3111bf08519f8e00129702c4
2026-08-17,24287.65,ind_close_all_17082026.csv,774a6dcd5aa127f1131381c825fa84f9ac9595c06fcf48e5d30fd769b69dd4c6
2026-08-18,24154.9,ind_close_all_18082026.csv,2f095196c0e5c71bf23a17258b11119888b8f42f6e6195fb5330485c605fa74a
2026-08-19,24078.3,ind_close_all_19082026.csv,74fe853f2498f8cd3bb2bdfe22ffa61052137e00fe0c1a4e5044097f3e96af50
2026-08-20,24231.85,ind_close_all_20082026.csv,9f661afe6276221257b030171b9b3c35f8b87bd4e3e9662bae8675299daa0284
2026-08-21,24252.0,ind_close_all_21082026.csv,7a318e3b05c31278b73533cafbd7a8f26baf489a6e74af2c00b3f8108988436d
2026-08-24,24219.05,ind_close_all_24082026.csv,937dde38fc0a6ed1a17ff23e2ab8138a46077246f6157bbc7a575f0ae2ac7bc4
2026-08-25,24334.55,ind_close_all_25082026.csv,9159e07f6043daaf872661ee6a4068d017fed1b33877940a056624cb12059913
2026-08-26,24207.75,ind_close_all_26082026.csv,5661130f618a531cd6279713b0f10c32b45df711ffe62a2e90d8abd077f16543
2026-08-27,24090.85,ind_close_all_27082026.csv,efd7fb80e4251baeb838686a46c18bdbad2b5aca9feb3ea02ed916858a1107f6
2026-08-28,24175.65,ind_close_all_28082026.csv,3ba69bd0f8ddf25022271cb7e43008ea865a55ba5b57cb311cad9fabee28f875
2026-08-31,24080.4,ind_close_all_31082026.csv,fa17c80312dfa3e591a141c142c6706b2275781f627363a38a344ea55a0a85f7
2026-09-01,24055.8,ind_close_all_01092026.csv,ca8c18abec5b57992c9d0d6a04ab57718b108039f963664e82bc610601f1be26
2026-09-02,23914.45,ind_close_all_02092026.csv,4a6ce2a43d1a25c930855283303fd2f2ae1f242831e7e40d225717640b30b983
2026-09-03,23873.45,ind_close_all_03092026.csv,6bbcc674556e9240dfb006f0baf950dbb4d3ce03a659af0a1ae96fbcef054514
2026-09-04,23897.7,ind_close_all_04092026.csv,5d1d7c9b2d9c804dd31a892a714824b30bf26d5a2e19c3128685acd0f18981b2
2026-09-07,23779.15,ind_close_all_07092026.csv,a1bdc3b99faf9abd73c63bff3dc9dfdcb12312aab06e159e09497fe247bfb890
2026-09-08,23635.1,ind_close_all_08092026.csv,1f76a8e854e49c5432e9fbaff3cd76001ef9a7a207d080cbb043fbd932b61bce
2026-09-09,23431.5,ind_close_all_09092026.csv,3a79b97b63977d511a2c670dbb84dde354d76df2aff41e8b9f1b6e4c2e521d3b
2026-09-10,23477.8,ind_close_all_10092026.csv,131d6d88a85cc814b4ee3b75cad52ddc6af649eb4a84490b3d05131e4a01a35b
2026-09-11,23398.1,ind_close_all_11092026.csv,f06ff0c1f6208e4fae755f9ae4b8bb510d62db2fdf2f27a81f1f8f5fabdca02f
2026-09-15,23118.6,ind_close_all_15092026.csv,9aa2793896f66f80c62ddbbfaa2219b421df37533f5003d1fa52d9974df39883
2026-09-16,23217.6,ind_close_all_16092026.csv,de0300a9cc81bb4f18e7ed013637f8a95134acef5f5ce644632657d5c3636611
2026-09-17,23270.6,ind_close_all_17092026.csv,5adbffd5e9372256df0d5be5a5db4da5b12ec389d79909ff2aefdaf050cc30d5
2026-09-18,23346.4,ind_close_all_18092026.csv,16e77c60ff230e92573f887d6bb78a6823dfc4f620e45d7ef664772635db8047
2026-09-21,23414.3,ind_close_all_21092026.csv,4e173caf37edb1a0c681d5c3bf9bb9e330e90a27d1ac2cadfcf40d80996e4314
2026-09-22,23329.0,ind_close_all_22092026.csv,40226efad34cb149a6a4b6bce14dd8442c9399f414c3048c23a38148293f9836
2026-09-23,23446.8,ind_close_all_23092026.csv,de1aa34349bcc2fafc2ff46992da9268c9d727e8c59fc46080941093a1cbd4ee
2026-09-24,23063.1,ind_close_all_24092026.csv,1294af772ccb9331c6a10fd7578171fca151344032e481eefe805bbb768474a2
2026-09-25,23140.5,ind_close_all_25092026.csv,a8d84e9836956bb152b7b49652b790ae746b6a5bf1ce406e19e9c1e699dae3d1
2026-09-28,22780.25,ind_close_all_28092026.csv,7828f79772a28c3fb9ec02bd5a3ce2b3103f3b9a24f2fcedc4525ef1d93e21b9
2026-09-29,22716.2,ind_close_all_29092026.csv,55f008e185097633d260df33469a5ddd52582b7788f63e9f0b09765eb5952c9a
2026-09-30,22620.45,ind_close_all_30092026.csv,7b3d0e049ca855bbe51f9e0a8afce106bfd0fef927122b60db46a5572183dcae
