t,gross_W,gross_L,gross_BM,gross_WML,cost_W_S0,net_W_S0,hypothetical_cost_L_S0,hypothetical_net_L_S0,cost_BM_S0,net_BM_S0,hypothetical_net_WML_S0,net_excess_W_over_BM_S0,cost_W_S1,net_W_S1,hypothetical_cost_L_S1,hypothetical_net_L_S1,cost_BM_S1,net_BM_S1,hypothetical_net_WML_S1,net_excess_W_over_BM_S1,cost_W_S2,net_W_S2,hypothetical_cost_L_S2,hypothetical_net_L_S2,cost_BM_S2,net_BM_S2,hypothetical_net_WML_S2,net_excess_W_over_BM_S2,cost_W_S3,net_W_S3,hypothetical_cost_L_S3,hypothetical_net_L_S3,cost_BM_S3,net_BM_S3,hypothetical_net_WML_S3,net_excess_W_over_BM_S3,cost_W_S4,net_W_S4,hypothetical_cost_L_S4,hypothetical_net_L_S4,cost_BM_S4,net_BM_S4,hypothetical_net_WML_S4,net_excess_W_over_BM_S4,traded_fraction_W,one_way_turnover_W,traded_fraction_L,one_way_turnover_L,traded_fraction_BM,one_way_turnover_BM
2021-12-31,-0.0282930218618988,-0.0076403364812396,-0.0076025490916853,-0.0206526853806592,0.0011918911799999963,-0.0294849130418988,0.0011918911799999963,-0.008832227661239596,0.0011918911799999987,-0.008794440271685298,-0.02303646774065919,-0.0206904727702135,0.0016918911799999946,-0.029984913041898795,0.0016918911799999946,-0.009332227661239595,0.0016918911799999983,-0.009294440271685299,-0.02403646774065919,-0.0206904727702135,0.0021918911799999933,-0.030484913041898792,0.0021918911799999933,-0.009832227661239593,0.0021918911799999976,-0.009794440271685297,-0.025036467740659183,-0.020690472770213495,0.003691891179999988,-0.03198491304189879,0.003691891179999988,-0.011332227661239588,0.0036918911799999968,-0.011294440271685297,-0.028036467740659175,-0.02069047277021349,0.00619189117999998,-0.03448491304189878,0.00619189117999998,-0.01383222766123958,0.006191891179999994,-0.013794440271685294,-0.03303646774065916,-0.020690472770213488,0.9999999999999967,0.49999999999999833,0.9999999999999967,0.49999999999999833,0.9999999999999989,0.49999999999999944
2022-01-31,-0.0688251683207842,-0.0899690654270207,-0.0752635719953939,0.0211438971062365,0.0006943711111608264,-0.06951953943194503,0.0006015240401851234,-0.09057058946720582,0.00034673367180062533,-0.07561030566719452,0.019848001954890553,0.006090766235249498,0.0010761405929791748,-0.06990130891376337,0.0009196825609673002,-0.090888747987988,0.0005062645763749512,-0.07576983657176885,0.019148073952290026,0.005868527658005482,0.0014579100747975232,-0.07028307839558172,0.001237841081749477,-0.09120690650877017,0.000665795480949277,-0.07592936747634317,0.0184481459496895,0.005646289080761452,0.002603218520252569,-0.07142838684103676,0.0021923166440960076,-0.09216138207111671,0.0011443881946722545,-0.07640796019006615,0.016348361941887924,0.00497957334902939,0.004512065929344311,-0.0733372342501285,0.003783109248006891,-0.09375217467502758,0.0019420427175438838,-0.07720561471293778,0.012848721928885297,0.0038683804628092816,0.5774851863015218,0.2887425931507609,0.49720783020698894,0.24860391510349447,0.1892115145905487,0.09460575729527435
2022-02-28,0.0933160680318836,0.0442634390399463,0.0659888035578644,0.0490526289919373,0.0008651641907285444,0.09245090384115505,0.0005277145776424848,0.04373572446230381,0.0003416416230925771,0.06564716193477182,0.04765975022356626,0.026803741906383224,0.0013008433099309191,0.09201522472195267,0.0008531176120379172,0.043410321427908384,0.0004949093444646543,0.06549389421339975,0.046898668069968466,0.026521330508552918,0.0017365224291332937,0.0915795456027503,0.0011785206464333497,0.04308491839351295,0.0006481770658367314,0.06534062649202768,0.046137585916370655,0.026238919110722625,0.003043559786740418,0.09027250824514317,0.002154729749619647,0.04210870929032665,0.0011079802299529627,0.06488082332791144,0.043854339455577235,0.025391684917231733,0.005221955382752291,0.0880941126491313,0.003781744921596809,0.04048169411834949,0.0018743188368133483,0.06411448472105105,0.0400489286875882,0.023979627928080255,0.7289771871316454,0.3644885935658227,0.4354019320328814,0.2177009660164407,0.18750494841635082,0.09375247420817541
2022-03-31,-0.0593866449758473,0.0027162660617021,-0.0255980766727569,-0.0621029110375495,0.00060982883842945,-0.05999647381427675,0.0005885505680069496,0.0021277154936951504,0.0003313527377131093,-0.02592942941047001,-0.0633012904439859,-0.03406704440380674,0.0009544360791039425,-0.06034108105495124,0.0008249283716202568,0.0018913376900818435,0.00045947720391073467,-0.026057553876667635,-0.0638822754882737,-0.034283527178283604,0.001299043319778435,-0.060685688295625734,0.0010613061752335637,0.0016549598864685365,0.0005876016701083602,-0.02618567834286526,-0.0644632605325615,-0.03450000995276047,0.0023328650418019126,-0.061719510017649214,0.001770439586073485,0.0009458264756286151,0.0009719750687012366,-0.026570051741458135,-0.0662062156654249,-0.03514945827619108,0.004055901245174375,-0.06344254622102168,0.0029523286041400203,-0.0002360625424379201,0.0016125973996893638,-0.027210674072446265,-0.0691111408868639,-0.036231872148575414,0.5060697483791124,0.2530348741895562,0.47275560722661414,0.23637780361330707,0.1568986673465441,0.07844933367327205
2022-04-29,-0.072475676093085,-0.0422074568644029,-0.0575324939992719,-0.030268219228682,0.0005425655369383129,-0.07301824163002331,0.0005972951740809278,-0.04280475203848383,0.00030100466189668585,-0.05783349866116858,-0.03140807993970124,-0.015184742968854727,0.0008184121213915942,-0.0732940882144766,0.0008959300240550421,-0.04310338688845794,0.00040697194361059526,-0.0579394659428825,-0.03198256137412864,-0.0153546222715941,0.0010942587058448752,-0.07356993479892987,0.0011945648740291563,-0.04340202173843206,0.0005129392253245046,-0.058045433224596404,-0.03255704280855603,-0.015524501574333466,0.001921798459204719,-0.07439747455228972,0.002090469423951499,-0.0442979262883544,0.0008308410704662329,-0.058363335069738134,-0.03428048711183822,-0.016034139482551585,0.003301031381471125,-0.07577670747455613,0.00358364367382207,-0.04579110053822497,0.0013606774790357798,-0.05889317147830768,-0.037152894283975196,-0.01688353599624845,0.43728838196959596,0.21864419098479798,0.49056898639035523,0.24528449319517762,0.1368581511196872,0.0684290755598436
2022-05-31,-0.1012226859085574,-0.0609115956090442,-0.0696904193330248,-0.0403110902995131,0.0006669974242374433,-0.10188968333279484,0.000727080814493049,-0.06163867642353725,0.00036464589133851626,-0.07005506522436332,-0.041705168538243596,-0.03183461810843152,0.0009601137879316111,-0.10218279969648901,0.0011215786795802263,-0.062033174288624426,0.0005076373445375708,-0.07019805667756238,-0.04239278276702494,-0.031984743018926634,0.001253230151625779,-0.10247591606018318,0.0015160765446674035,-0.06242767215371161,0.0006506287977366252,-0.07034104813076143,-0.043080396995806285,-0.032134867929421745,0.002132579242708283,-0.10335526515126568,0.0026995701399289357,-0.06361116574897314,0.0010796031573337887,-0.07077002249035859,-0.04514323968215032,-0.03258524266090709,0.003598161061179122,-0.10482084696973652,0.0046720594653648214,-0.06558365507440903,0.0017945604233290612,-0.07148497975635387,-0.048581310826057045,-0.03333586721338265,0.5486975232783586,0.2743487616391793,0.5996401677136075,0.29982008385680375,0.1824285973307768,0.0912142986653884
2022-06-30,0.1259506061158997,0.1001557205751415,0.11983531424707,0.0257948855407581,0.0006348142320746926,0.125315791883825,0.000716574107899452,0.09943914646724204,0.00031497731635099133,0.119520336930719,0.024443497200783957,0.0057954549531059885,0.000932259723542387,0.12501834639235732,0.0010692134657425364,0.09908650710939895,0.00044136383343497344,0.11939395041363503,0.023793412351473177,0.005624395978722288,0.0012297052150100813,0.12472090090088962,0.0014218528235856206,0.09873386775155588,0.0005677503505189556,0.11926756389655105,0.0231433275021624,0.005453337004338574,0.002122041689413165,0.12382856442648653,0.0024797708971148738,0.09767594967802662,0.0009469099017709019,0.1188884043452991,0.021193072954230063,0.004940160081187431,0.003609269146751637,0.12234133696914806,0.004242967686330296,0.0959127528888112,0.0015788424871908124,0.11825647175987919,0.01794264870767617,0.004084865209268873,0.5213088280227021,0.26065441401135103,0.5945119092976023,0.29725595464880117,0.1507947411232954,0.0753973705616477
2022-07-29,0.0384007786192264,0.0550452240075818,0.0349879311542271,-0.0166444453883554,0.0005769475633887386,0.03782383105583766,0.0005205181023300778,0.05452470590525172,0.00026580402399297803,0.03472212713023413,-0.017741911054074216,0.0031017039256035356,0.0008504877177781457,0.037550290901448256,0.0007321448529012828,0.05431307915468052,0.00034719242621382836,0.03464073872801327,-0.01822707795903483,0.0029095521734349844,0.0011240278721675525,0.03727675074705885,0.0009437716034724877,0.05410145240410931,0.00042858082843467873,0.03455935032579242,-0.01871224486399544,0.0027174004212664263,0.0019446483353357735,0.03645613028389063,0.0015786518551861028,0.0534665721523957,0.0006727460350972298,0.03431518511912987,-0.020167745578877277,0.002140945164760759,0.003312349107282808,0.035088429511943596,0.002636785608042128,0.052408438399539674,0.0010796880462014815,0.03390824310802562,-0.022593580103680337,0.0011801864039179752,0.4752034691407793,0.23760173457038966,0.42325350114241,0.211626750571205,0.10819408923345411,0.054097044616727055
2022-08-30,-0.0413152580270076,-0.0519042004596482,-0.0450678340144735,0.0105889424326406,0.0005477139561902716,-0.04186297198319787,0.0006043260077558067,-0.052508526467404004,0.0002659361234880226,-0.04533377013796152,0.009436902468694521,0.0034707981547636504,0.0008346372739887861,-0.04214989530099639,0.0008721438510156277,-0.052776344310663824,0.00036564305676968473,-0.045433477071243185,0.008882161307636185,0.0032835817702467976,0.0011215605917873008,-0.0424368186187949,0.0011399616942754486,-0.05304416215392365,0.0004653499900513469,-0.04553318400452485,0.00832742014657785,0.0030963653857299517,0.001982330545182844,-0.043297588572190446,0.0019434152240549113,-0.05384761568370311,0.0007644707898963334,-0.04583230480436983,0.006663196663402844,0.002534716232179386,0.003416947134175417,-0.044732205161183015,0.0032825044403540157,-0.055186704900002215,0.0012630054563046442,-0.046330839470778144,0.003889490858111166,0.0015986343095951289,0.4404716994812973,0.22023584974064864,0.498290270101163,0.2491451350505815,0.12542772831998072,0.06271386415999036
2022-09-30,0.0581175759385301,0.0457010703180202,0.0542711494629595,0.0124165056205098,0.0006169406920146503,0.05750063524651545,0.000697091253623344,0.045003979064396855,0.0003462276294773651,0.05392492183348214,0.011102473674871806,0.00357571341303331,0.0008823030742542209,0.05723527286427588,0.0010385432204604163,0.04466252709755978,0.00046850898794884255,0.05380264047501066,0.010495659325795163,0.0034326323892652152,0.0011476654564937917,0.056969910482036305,0.001379995187297489,0.044321075130722705,0.00059079034642032,0.053680359116539185,0.00988884497671852,0.0032895513654971203,0.0019437526032125042,0.05617382333531759,0.0024043510878087064,0.04329671923021149,0.0009576344218347523,0.05331351504112475,0.00806840192948859,0.0028603082941928426,0.0032705645144103577,0.05484701142411974,0.004111610921994069,0.04158945939602613,0.0015690412141921395,0.052702108248767365,0.0050343301841053725,0.002144903175352375,0.4981744882385501,0.24908724411927505,0.569936682303592,0.284968341151796,0.1573802646354193,0.07869013231770965
2022-10-31,0.0040602428729485,0.0423422355805993,0.024296689056009,-0.0382819927076507,0.000650581050194218,0.0034096618227542823,0.0005288989061843846,0.04181333667441491,0.0003680970563767358,0.023928591999632265,-0.03946147266402931,-0.020518930176877982,0.0009807224514682585,0.003079520421480242,0.0007371460991581819,0.041605089481441114,0.00047116106305296926,0.02382552799295603,-0.03999986125827714,-0.020746007571475787,0.0013108638527422989,0.0027493790202062014,0.0009453932921319793,0.041396842288467316,0.0005742250697292027,0.023722463986279797,-0.04053824985252498,-0.020973084966073596,0.0023012880565644197,0.0017589548163840806,0.0015701348710533715,0.04077210070954593,0.000883417089757903,0.023413271966251096,-0.04215341563526849,-0.021654317149867014,0.003951995062934622,0.00010824781001387857,0.0026113708359223587,0.039730864744676936,0.00139873712313907,0.02289795193286993,-0.044845358606507686,-0.022789704122856053,0.5268678459742319,0.26343392298711593,0.41649438594759486,0.20824719297379743,0.1441564400004799,0.07207822000023995
2022-11-30,-0.0370928764799306,-0.036332957553696,-0.0291310939475061,-0.0007599189262346,0.0007024863473460411,-0.03779536282727664,0.0007021821843779174,-0.037035139738073916,0.00035119776220217586,-0.02948229170970828,-0.0021645874579585586,-0.008313071117568363,0.0010462173631719765,-0.03813909384310257,0.0010520169225065078,-0.0373849744762025,0.00047622867942424704,-0.02960732262693035,-0.0028581532119130847,-0.008531771216172223,0.001389948378997912,-0.03848282485892851,0.0014018516606350982,-0.037734809214331096,0.0006012595966463181,-0.02973235354415242,-0.0035517189658676104,-0.00875047131477609,0.002421141426475718,-0.03951401790640632,0.0024513558750208692,-0.03878431342871687,0.0009763523483125316,-0.030107446295818633,-0.0056324162277311875,-0.009406571610587684,0.0041397965056053955,-0.041232672985536,0.004200529565663821,-0.04053348711935982,0.0016015069344228873,-0.03073260088192899,-0.009100244997503816,-0.010500072103607008,0.5861773815297219,0.29308869076486094,0.5702159671257476,0.2851079835628738,0.1703879174712215,0.08519395873561075
2022-12-30,-0.0676267301758745,-0.0411525678689355,-0.0516848088485143,-0.0264741623069389,0.0008023370189283942,-0.0684290671948029,0.000520657842101744,-0.041673225711037244,0.00041747381436684736,-0.052102282662881146,-0.027797157167969037,-0.01632678453192176,0.0012318238311931407,-0.06885855400706764,0.0007977397645601168,-0.041950307633495616,0.0005942352555667511,-0.05227904410408105,-0.028503725902692158,-0.016579509902986587,0.0016613106434578875,-0.06928804081933239,0.0010748216870184897,-0.04222738955595399,0.0007709966967666547,-0.052455805545280954,-0.029210294637415278,-0.016832235274051435,0.0029497710802521273,-0.07057650125612663,0.0019060674543936085,-0.04305863532332911,0.0013012810203663658,-0.05298608986888066,-0.03133000084158464,-0.01759041138724597,0.005097205141575861,-0.07272393531745036,0.0032914770666854732,-0.04444404493562097,0.002185088226365884,-0.053869897074880185,-0.034862844515200234,-0.018854038242570176,0.6541837128021675,0.32709185640108374,0.4148209336756907,0.20741046683784534,0.2083334693061569,0.10416673465307845
2023-01-31,-0.0179667914046165,0.0006789042818549,-0.0121696712648091,-0.0186456956864714,0.0005895779698792331,-0.018556369374495733,0.0004390922927538508,0.0002398119891010492,0.0003363900514389206,-0.01250606131624802,-0.019674365949104485,-0.006050308058247713,0.0008607959123375925,-0.01882758731695409,0.0006299097124707247,4.8994569384175346e-05,0.0004460286844588589,-0.012615699949267959,-0.02013640131127972,-0.0062118873676861325,0.001132013854795952,-0.01909880525941245,0.0008207271321875985,-0.00014182285033269846,0.0005556673174787972,-0.012725338582287898,-0.02059843667345495,-0.006373466677124552,0.0019456676821710307,-0.01991245908678753,0.00139317939133822,-0.0007142751094833201,0.0008845832165386121,-0.013054254481347713,-0.02198454275998065,-0.006858204605439816,0.003301757394462828,-0.02126854879907933,0.0023472664899225897,-0.0016683622080676897,0.0014327763816383036,-0.013602447646447403,-0.02429471957085682,-0.007666101152631926,0.47510176405836857,0.23755088202918428,0.34749696273351416,0.17374848136675708,0.14571970336350978,0.07285985168175489
2023-02-28,-0.0061928312728916,-0.0109814195272474,-0.0053999332941349,0.0047885882543557,0.0006389933967991416,-0.0068318246696907415,0.0007862044506481975,-0.011767623977895597,0.0003535213564674521,-0.005753454650602351,0.0033633904069083607,-0.00107837001908839,0.0009879952860260646,-0.007180826558917665,0.0011255442334044239,-0.012106963760651823,0.00048723345585645187,-0.005887166749991351,0.002675048734925211,-0.001293659808926314,0.0013369971752529874,-0.007529828448144588,0.0014648840161606504,-0.01244630354340805,0.0006209455552454516,-0.006020878849380351,0.001986707062942062,-0.0015089495987642369,0.0023840028429337563,-0.008576834115825356,0.0024829033644293294,-0.01346432289167673,0.001022081853412451,-0.006422015147547351,-7.831795300738617e-05,-0.0021548189682780057,0.00412901228906837,-0.01032184356195997,0.004179602278210462,-0.01516102180545786,0.0016906423503574497,-0.007090575644492349,-0.0035200263129231326,-0.0032312679174676213,0.5250506112861788,0.2625253056430894,0.6454446624318383,0.32272233121591914,0.16676320827195706,0.08338160413597853
2023-03-31,0.0919974357289727,0.0706617895340848,0.0721895650242412,0.0213356461948879,0.0006488729312570787,0.09134856279771562,0.0006326145597611776,0.07002917497432364,0.00030474869608545076,0.07188481632815576,0.020054158703869642,0.019463746469559867,0.0010193625381514668,0.09097807319082124,0.000896128626929697,0.06976566090715511,0.00042498743689275975,0.07176457758734844,0.019420155029806735,0.019213495603472797,0.0013898521450458547,0.09060758358392684,0.0011596426940982162,0.0695021468399866,0.0005452261777000687,0.07164433884654113,0.01878615135574383,0.018963244737385712,0.0025013209657290185,0.08949611476324369,0.0019501848956037743,0.06871160463848103,0.0009059424001219957,0.0712836226241192,0.016884140333555106,0.018212492139124487,0.0043537690002009586,0.08764366672877175,0.0032677552314463714,0.06739403430263843,0.0015071361041585408,0.07068242892008267,0.013714121963240572,0.016961237808689078,0.5373169831381618,0.2686584915690809,0.5270281343370385,0.2635140671685193,0.1474977333585346,0.0737488666792673
2023-04-28,0.0449167760492064,0.0479447560312313,0.0442642821428946,-0.0030279799820249,0.00045687198592479533,0.044459904063281604,0.0004876942182767376,0.04745706181295456,0.00028852313728023487,0.043975759005614366,-0.003972546186226432,0.00048414505766723737,0.0007490348280730202,0.04416774122113338,0.0006993851858187366,0.04724537084541256,0.00040792611293985785,0.043856356029954746,-0.004476399995916657,0.0003113851911786328,0.001041197670221245,0.043875578378985154,0.0009110761533607355,0.04703367987787056,0.0005273290885994808,0.04373695305429512,-0.00498025380560688,0.00013862532469003513,0.0019176861966659197,0.04299908985254048,0.0015461490559867323,0.04639860697524457,0.0008855380155783496,0.04337874412731625,-0.0064918152346775514,-0.0003796542747757717,0.003378500407407044,0.041538275641799356,0.0026046038936967273,0.045340152137534576,0.0014825528938764644,0.04278172924901814,-0.009011084283128672,-0.0012434536072187807,0.3652284069559251,0.18261420347796256,0.3885707023121935,0.19428535115609674,0.1400938750035715,0.07004693750178576
2023-05-31,0.0715697765487639,0.0456043477651944,0.0548501918515864,0.0259654287835695,0.0007026441974901948,0.0708671323512737,0.0006438504739663316,0.044960497291228065,0.00036096968224207885,0.05448922216934432,0.024618934112112974,0.016377910181929384,0.0010232096043367995,0.0705465669444271,0.0009184071531535475,0.04468594061204085,0.0004598066033952468,0.054390385248191155,0.02402381202607915,0.016156181696235943,0.0013437750111834042,0.07022600153758049,0.0011929638323407632,0.04441138393285363,0.0005586435245484147,0.05429154832703798,0.023428689940045332,0.015934453210542508,0.002305471231723218,0.06926430531704068,0.0020166338699024104,0.04358771389529199,0.0008551542880079185,0.05399503756357848,0.021643323681943872,0.015269267753462205,0.0039082982659562416,0.06766147828280765,0.003389417265838489,0.04221493049935591,0.001349338893773758,0.05350085295781264,0.01866771325177477,0.014160625324995006,0.5698059509103575,0.28490297545517873,0.5128263383552463,0.25641316917762313,0.1436320210826098,0.0718160105413049
2023-06-30,0.0711126920544902,0.0541313209527363,0.0521814353508713,0.0169813711017539,0.0006514128373890291,0.07046127921710117,0.0006210740062537554,0.05351024694648255,0.00031547308848925236,0.05186596226238205,0.015708884258111115,0.018595316954719124,0.0010222285997951825,0.07009046345469501,0.0009234029419397524,0.05320791801079655,0.00045537692063055417,0.05172605843024075,0.015035739560018965,0.01836440502445426,0.001393044362201336,0.06971964769228886,0.0012257318776257493,0.05290558907511055,0.0005952807527718559,0.05158615459809945,0.014362594861926814,0.018133493094189414,0.002505491649419796,0.0686072004050704,0.00213271868468374,0.051998602268052564,0.0010149922491957614,0.05116644310167554,0.012343160767650362,0.01744075730339486,0.004359570461450563,0.06675312159303963,0.0036443633631137243,0.05048695758962258,0.0017145114099022705,0.05046692394096903,0.008977437277189613,0.0162861976520706,0.5410212666275546,0.2705106333137773,0.5195400294465007,0.25977001472325034,0.1628210632594958,0.0814105316297479
2023-07-31,0.0615366642029642,0.0237867226895964,0.033501084797411,0.0377499415133677,0.0006164942111849921,0.060920169991779204,0.0008626504212460866,0.022924072268350314,0.00034712719355219594,0.0331539576038588,0.036270796880936616,0.027766212387920403,0.0009522314015950998,0.0605844328013691,0.0012949842495041846,0.022491738440092217,0.0005143639878695107,0.03298672080954149,0.03550272586226841,0.02759771199182761,0.0012879685920052075,0.06024869561095899,0.0017273180777622825,0.02205940461183412,0.0006816007821868255,0.03281948401522417,0.03473465484360021,0.027429211595734818,0.0022951801632355305,0.05924148403972867,0.003024319562536576,0.020762403127059823,0.0011833111651387697,0.03231777363227223,0.03243044178759559,0.02692371040745644,0.003973866115286069,0.05756279808767813,0.005185988703827066,0.018600733985769335,0.0020194951367253433,0.031481589660685656,0.02859008669425456,0.02608120842699247,0.5011573000017854,0.2505786500008927,0.724640292948962,0.362320146474481,0.1926201195222735,0.09631005976113675
2023-08-31,0.0669124724848706,0.0096694702638986,0.025218400810119,0.057243002220972,0.0006072928099709026,0.0663051796748997,0.0006862424955533737,0.008983227768345226,0.0003476408367799366,0.024870759973339065,0.05594946691544772,0.04143441970156063,0.0009574708642545471,0.06595500162061606,0.0010383655883528466,0.008631104675545754,0.0005148085218386716,0.02470359228828033,0.05524716576836461,0.04125140933233573,0.0013076489185381917,0.0656048235663324,0.0013904886811523193,0.008278981582746281,0.0006819762068974066,0.024536424603221595,0.05454486462128149,0.041068398963110805,0.0023581830813891253,0.06455428940348147,0.002446857959550738,0.007222612304347863,0.0011834792620736116,0.02403492154804539,0.05243796118003213,0.040519367855436084,0.004109073352807349,0.06280339913206326,0.004207473423548103,0.005461996840350498,0.0020193176873672864,0.023199083122751714,0.048926455444616546,0.039604316009311545,0.502904706394047,0.2514523531970235,0.5736665401881972,0.2868332700940986,0.20307502557110402,0.10153751278555201
2023-09-29,-0.0396603834581207,-0.0531529440530424,-0.0359251358924838,0.0134925605949217,0.000723376920417355,-0.04038376037853806,0.00043084858034790044,-0.0535837926333903,0.000316440419507481,-0.03624157631199128,0.012338335094156444,-0.004142184066546782,0.0011041981270135622,-0.04076458158513426,0.0006458178315788731,-0.05379876188462127,0.00043855161839324316,-0.03636368751087704,0.011742544636329264,-0.004400894074257221,0.0014850193336097693,-0.04114540279173047,0.0008607870828098458,-0.05401373113585224,0.0005606628172790053,-0.036485798709762804,0.011146754178502085,-0.0046596040819676665,0.0026274829533983906,-0.04228786641151909,0.0015056948365027637,-0.05465863888954516,0.0009269964139362915,-0.03685213230642009,0.009359382805020546,-0.005435734105098997,0.0045315889863794265,-0.04419197244450013,0.0025805410926576272,-0.05573348514570003,0.0015375524083651021,-0.0374626883008489,0.006380430515884647,-0.006729284143651225,0.5983830210514873,0.29919151052574366,0.33476493026673626,0.16738246513336813,0.15512133037033038,0.07756066518516519
2023-10-31,0.0975887284561591,0.0833085290325983,0.099723892748333,0.0142801994235608,0.0005393343174805268,0.09704939413867857,0.0005441845053283506,0.08276434452726995,0.0003699784130830215,0.09935391433524998,0.013196680600751923,-0.0023045201965714163,0.0008289892745986846,0.09675973918156042,0.0008339850153233678,0.08247454401727494,0.0005270022386844616,0.09919689050964854,0.012617225133638747,-0.0024371513280881246,0.0011186442317168426,0.09647008422444225,0.001123785525318385,0.08218474350727992,0.0006840260642859016,0.0990398666840471,0.012037769666525573,-0.002569782459604847,0.001987609103071316,0.09560111935308778,0.0019931870553034363,0.08131534197729487,0.0011550975410902218,0.09856879520724278,0.010299403265186049,-0.0029676758541549997,0.003435883888662105,0.094152844567497,0.003442189605278522,0.07986633942731979,0.001940216669097422,0.09778367607923558,0.007402125929620173,-0.003630831511738583,0.43913859110389497,0.21956929555194749,0.44776913833195947,0.22388456916597974,0.1916845892597729,0.09584229462988644
2023-11-30,0.0904542407420763,0.092458507594201,0.0868205991579418,-0.0020042668521247,0.0006446301994808578,0.08980961054259544,0.0007401725805964123,0.09171833501360459,0.0003527771660032675,0.08646782199193853,-0.0033890696322019702,0.0033417885506569073,0.0009886747222636137,0.08946556601981268,0.0011171765354898414,0.09134133105871116,0.0005085357410869096,0.08631206341685489,-0.004110118109878155,0.0031535026029577834,0.0013327192450463693,0.08912152149702993,0.0014941804903832708,0.09096432710381773,0.0006642943161705516,0.08615630484177124,-0.00483116658755434,0.0029652166552586873,0.002364852813394636,0.08808938792868166,0.002625192355063558,0.08983331523913744,0.0011315700414214777,0.08568902911652032,-0.006994312020582894,0.0024003588121613434,0.004085075427308415,0.08636916531476788,0.004510212129530704,0.0879482954646703,0.001910362916839688,0.08491023624110211,-0.010599554408963818,0.0014589290736657656,0.5263753121159243,0.2631876560579621,0.6120090172145203,0.30600450860726014,0.1791228598858733,0.08956142994293664
2023-12-29,0.1628006321693316,0.0275764322284144,0.0927242763659792,0.1352241999409171,0.0006412903378272823,0.16215934183150432,0.0006569458437577315,0.026919486384656667,0.00036427331506925587,0.09236000305090994,0.1339259637593321,0.06979933878059438,0.0009312426136925847,0.161869389555639,0.0009740442909079946,0.026602387937506404,0.000509043757660098,0.0922152326083191,0.13331891303631652,0.06965415694731991,0.001221194889557887,0.16157943727977372,0.0012911427380582576,0.02628528949035614,0.00065381420025094,0.09207046216572826,0.13271186231330098,0.06950897511404547,0.0020910517171537947,0.1607095804521778,0.002242438079509047,0.025333994148905352,0.0010881255280234664,0.09163615083795573,0.13089071014425427,0.06907342961422208,0.0035408130964803067,0.1592598190728513,0.0038279303152603623,0.023748501913154037,0.0018119777409776768,0.09091229862500153,0.12785545652917646,0.06834752044784978,0.5162428747858157,0.2581214373929078,0.5374137040608506,0.2687068520304253,0.18086000400575017,0.09043000200287508
2024-01-31,0.0126463481003069,0.0175299122108525,0.0273158491809155,-0.0048835641105455,0.0006401183543172897,0.01200622974598961,0.0008769710042497032,0.0166529412066028,0.0004558080804108081,0.026860041100504693,-0.006400653469112492,-0.014853811354515082,0.0010308847434620679,0.011615463356844833,0.0012819163466657453,0.016247995864186755,0.0006865620407263538,0.026629287140189146,-0.007196365200673313,-0.015013823783344314,0.0014216511326068458,0.011224696967700055,0.0016868616890817875,0.015843050521770714,0.0009173160010418995,0.0263985331798736,-0.007992076932234133,-0.015173836212173546,0.00259395030004118,0.01005239780026572,0.002901697716329914,0.014628214494522587,0.0016095778819885367,0.025706271298926966,-0.010379212126916594,-0.015653873498661246,0.00454778224576507,0.00809856585454183,0.0049264244284101255,0.012603487782442375,0.002763347683566265,0.024552501497349236,-0.014357770784720695,-0.016453935642807407,0.5251869700166619,0.26259348500833096,0.7389034823114459,0.36945174115572293,0.2757518355224994,0.1378759177612497
2024-02-29,-0.0020926139912809,0.00458494765294,-0.0041267773047687,-0.0066775616442209,0.0008603593271687826,-0.0029529733184496827,0.0006246930657944036,0.003960254587145596,0.0004149568002508635,-0.004541734105019563,-0.008162614037184086,0.0015887607865698802,0.0013262126130462167,-0.003418826604327117,0.0009666276546923339,0.0036183199982476656,0.0006142783205768136,-0.004741055625345513,-0.008970401911959452,0.0013222290210183965,0.0017920658989236508,-0.003884679890204551,0.0013085622435902642,0.0032763854093497352,0.0008135998409027637,-0.004940377145671464,-0.009778189786734814,0.0010556972554669128,0.0031896257565559526,-0.0052822397478368525,0.002334366010284055,0.0022505816426559447,0.001411564401880614,-0.005538341706649314,-0.012201553411060908,0.0002561019588124616,0.005518892185943123,-0.0076115061772240224,0.004044038954773706,0.0005409086981662935,0.0024081720035103644,-0.006534949308279064,-0.016240492784937728,-0.0010765568689449587,0.7197312269037496,0.3598656134518748,0.5127892246142847,0.25639461230714233,0.2348538600988278,0.1174269300494139
2024-03-28,0.0658758524266107,0.0438619306460268,0.0472731554286189,0.0220139217805839,0.000492953235011194,0.06538289919159951,0.000500678385318158,0.043361252260708645,0.0003562330230358679,0.04691692240558303,0.021020290160254546,0.018465976786016476,0.0007584274847567239,0.06511742494185398,0.000755441446453904,0.0431064891995729,0.0005060899365989782,0.04676706549201992,0.02050005284937327,0.018350359449834056,0.0010239017345022537,0.06485195069210845,0.0010102045075896502,0.04285172613843715,0.0006559468501620884,0.04661720857845681,0.019979815538491992,0.018234742113651635,0.0018203244837388436,0.06405552794287186,0.0017744936909968889,0.042087436955029915,0.001105517590851419,0.046167637837767485,0.018419103605848166,0.01788789010510438,0.003147695732466493,0.06272815669414421,0.0030483089966756196,0.040813621649351185,0.0018548021586669704,0.04541835326995193,0.015817917051441786,0.017309803424192277,0.40055034895691943,0.20027517447845972,0.4074765234760541,0.20373826173802706,0.1822781453059541,0.09113907265297705
2024-04-30,0.0342261661393543,0.0020596745953698,0.0277070187477768,0.0321664915439845,0.00047141130110334704,0.03375475483825095,0.0004654505433365471,0.001594224052033253,0.00033365617678916755,0.02737336257098763,0.031229629699544605,0.006381392267263322,0.000710068732995408,0.03351609740635889,0.000690792148724708,0.001368882446645092,0.0004675684680894292,0.02723945027968737,0.030765630662264384,0.006276647126671524,0.000948726164887469,0.03327743997446683,0.000916133754112869,0.001143540841256931,0.0006014807593896909,0.027105537988387107,0.030301631624984164,0.006171901986079725,0.0016646984605636521,0.03256146767879065,0.0015921585702773518,0.00046751602509244815,0.0010032176332904759,0.026703801114486322,0.028909634513143496,0.00585766656430433,0.002857985620023957,0.031368180519330345,0.0027188665972181563,-0.0006591920018483564,0.0016727790897917841,0.026034239657985014,0.02658963932674239,0.005333940861345331,0.3726669342374514,0.1863334671187257,0.3787486177835121,0.18937430889175605,0.1634645591086321,0.08173227955431606
2024-05-31,0.0240800958147011,0.0751251703710842,0.0403815130777864,-0.051045074556383,0.0006430363535318681,0.023437059461169234,0.0007779958907606147,0.07434717448032357,0.00033996228596083365,0.04004155079182557,-0.05246610680067548,-0.016604491330656338,0.0009546282473962338,0.023125467567304867,0.0011825234985951838,0.07394264687248901,0.00047722908846123304,0.03990428398932517,-0.053182226302374416,-0.016778816422020303,0.0012662201412605998,0.022813875673440502,0.001587051106429753,0.07353811926465445,0.0006144958909616324,0.03976701718682477,-0.05389834580407335,-0.01695314151338427,0.0022009958228536974,0.021879099991847402,0.002800633929933461,0.07232453644115074,0.0010262962984628307,0.03935521677932357,-0.05604670430917016,-0.017476116787476167,0.003758955292175526,0.020321140522525576,0.004823271969106306,0.0703018984019779,0.0017126303109648276,0.03866888276682157,-0.05962730181766483,-0.018347742244295997,0.5251133750406759,0.26255668752033795,0.6389734674495089,0.31948673372475445,0.1748314313643656,0.0874157156821828
2024-06-28,0.0415578247567585,0.038962735034431,0.0387416305888319,0.0025950897223274,0.0006054958858080464,0.040952328870950454,0.00048363995489220037,0.0384790950795388,0.00036979015540802124,0.03837184043342388,0.001505953881627153,0.0025804884375265763,0.0009226767511995736,0.04063514800555893,0.0007482364935098297,0.03821449854092117,0.000526413916577587,0.03821521667225431,0.0009241764776179966,0.00241993133330462,0.0012398576165911007,0.0403179671401674,0.001012833032127459,0.03794990200230354,0.0006830376777471528,0.038058592911084745,0.0003423990736088401,0.002259374229082657,0.0021914002127656823,0.03936642454399282,0.001806622647980347,0.037156112386450654,0.0011529089612558503,0.03758872162757605,-0.0014029331384186295,0.001777702916416768,0.003777304539723318,0.037780520217035186,0.003129605341068493,0.035833129693362505,0.001936027767103679,0.03680560282172822,-0.004311820158464411,0.0009749173953069665,0.4985967581723201,0.24929837908616004,0.3950567844636154,0.1975283922318077,0.1901483969315816,0.0950741984657908
2024-07-31,-0.0235588619837199,0.0190321578231802,-0.00663582662934,-0.0425910198069001,0.0006544000132123515,-0.024213261996932252,0.0005184100187461354,0.01851374780443406,0.000363309637477307,-0.006999136266817307,-0.04376382983885859,-0.017214125730114944,0.0009762079294415068,-0.024535069913161407,0.0007769714427422704,0.018255186380437927,0.0005053757548570609,-0.0071412023841970615,-0.04434419917908388,-0.017393867528964345,0.0012980158456706622,-0.024856877829390563,0.0010355328667384053,0.017996624956441793,0.0006474418722368148,-0.0072832685015768155,-0.04492456851930917,-0.017573609327813745,0.0022634395943581286,-0.02582230157807803,0.0018112171387268104,0.017220940684453387,0.0010736402243760766,-0.007709466853716077,-0.046665676539985046,-0.018112834724361954,0.0038724791755039055,-0.027431341159223806,0.003104024258707485,0.015928133564472712,0.001783970811274846,-0.008419797440614846,-0.049567523241111494,-0.01901154371860896,0.5381582321808922,0.2690791160904461,0.410520066011332,0.205260033005666,0.17862515419050717,0.08931257709525359
2024-08-30,-0.0076635298605578,0.0290322302120258,0.0100784842732977,-0.0366957600725836,0.0006632522578058605,-0.00832678211836366,0.000562257404268338,0.02846997280775746,0.0003925715749203106,0.00968591269837739,-0.0379212697346578,-0.018012694816741052,0.0010192980314989958,-0.008682827892056795,0.0008773857922775607,0.028154844419748238,0.0005870437907456172,0.009491440482552084,-0.03859244389636015,-0.01817426837460888,0.001375343805192131,-0.00903887366574993,0.0011925141802867833,0.027839716031739015,0.0007815160065709238,0.009296968266726777,-0.03926361805806251,-0.018335841932476706,0.0024434811262715374,-0.010107010986829337,0.0021378993443144515,0.026894330867711348,0.0013649326540468437,0.008713551619250857,-0.04127714054316959,-0.018820562606080192,0.004223709994737214,-0.011887239855295013,0.003713541284360565,0.025318688927665235,0.0023372937331733764,0.007741190540124324,-0.04463301135168138,-0.01962843039541934,0.5489514180278408,0.2744757090139204,0.464114959051942,0.232057479525971,0.22199959019390264,0.11099979509695132
2024-09-30,-0.0705210546517961,-0.074901970093184,-0.0681571965647758,0.0043809154413878,0.0006826226788846129,-0.07120367733068071,0.0005467486923418823,-0.07544871878552588,0.0003761634577627831,-0.06853336002253858,0.003151544070161305,-0.0026703173081421283,0.0010259555858894947,-0.0715470102376856,0.0007827301446595546,-0.07568470023784356,0.0005224914995661555,-0.06867968806434195,0.0025722297108387512,-0.0028673221733436505,0.0013692884928943765,-0.07189034314469048,0.001018711596977227,-0.07592068169016122,0.000668819541369528,-0.06882601610614533,0.001992915351516197,-0.003064327038545145,0.0023992872139090215,-0.07292034186570512,0.001726655953930244,-0.07662862604711425,0.0011078036667796455,-0.06926500023155545,0.00025497227354853496,-0.0036553416341496697,0.0041159517489334305,-0.07463700640072954,0.0029065632155186056,-0.0778085333087026,0.0018394438757965076,-0.0699966404405723,-0.0026415995230642357,-0.004640365960157239,0.5571065590122787,0.27855327950613934,0.4363413109439199,0.21817065547195996,0.1809478353791537,0.09047391768957685
2024-10-31,0.0159613970957424,-0.0128175912165038,0.0012426869078474,0.0287789883122462,0.0005537948032902788,0.01540760229245212,0.000650204775729549,-0.01346779599223335,0.00030604835329862664,0.0009366385545487733,0.027574988733226374,0.014470963737903346,0.000904442007417563,0.015056955088324836,0.0009577411848428549,-0.013775332401346655,0.00043615890161636834,0.0008065280062310316,0.026916805119985784,0.014250427082093804,0.0012550892115448472,0.014706307884197552,0.001265277593956161,-0.014082868810459961,0.00056626944993411,0.0006764174579132899,0.02625862150674519,0.014029890426284263,0.0023070308239266993,0.0136543662718157,0.0021878868212960785,-0.015005478037799879,0.0009566010948873351,0.00028608581296006477,0.02428407066702342,0.013368280458855636,0.004060266844563121,0.011901130251179278,0.003725568866862608,-0.01654316008336641,0.0016071538364760436,-0.00036446692862864374,0.02099315260082047,0.012265597179807922,0.4592233440760645,0.22961167203803226,0.5458913164164422,0.2729456582082211,0.15652949849122222,0.07826474924561111
2024-11-29,0.0077344862124366,-0.0157906295992792,-0.0101217660825116,0.0235251158117159,0.0006311130342593756,0.007103373178177224,0.0006233400772751866,-0.016413969676554386,0.0003568322261628701,-0.01047859830867447,0.022270662700181337,0.017581971486851693,0.0009212084030676443,0.006813277809368956,0.0008940571001816731,-0.016684686699460872,0.0005016985870208977,-0.010623464669532498,0.02170985030846658,0.017436742478901455,0.0012113037718759134,0.006523182440560687,0.0011647741230881598,-0.01695540372236736,0.0006465649478789252,-0.010768331030390526,0.021149037916751823,0.017291513470951213,0.00208158987830072,0.00565289633413588,0.0019769251918076197,-0.01776755479108682,0.0010811640304530079,-0.011202930112964608,0.01946660074160756,0.016855826447100486,0.003532066722342064,0.004202419490094536,0.0033305103063400537,-0.019121139905619252,0.0018054958347431455,-0.011927261917254746,0.01666253878303378,0.016129681407349283,0.5121808352879932,0.2560904176439966,0.5079513030990361,0.25397565154951807,0.17735990830943948,0.08867995415471974
2024-12-31,-0.1176783675152046,-0.0085107612000854,-0.0595879444946066,-0.1091676063151192,0.0005106819702392426,-0.11818904948544384,0.0005313536791361611,-0.00904211487922156,0.0002886611488040574,-0.05987660564341066,-0.1102096419644946,-0.058312443842033185,0.0007863614979659704,-0.11846472901317057,0.0007873902061155891,-0.009298151406200989,0.0004160605940898809,-0.06000400508869649,-0.11074135801920076,-0.05846072392447408,0.0010620410256926983,-0.11874040854089729,0.001043426733095017,-0.009554187933180417,0.0005434600393757044,-0.06013140453398231,-0.11127307407390691,-0.05860900400691498,0.0018890796088728817,-0.11956744712407748,0.001811536314033301,-0.0103222975141187,0.0009256583752331749,-0.060513602869839776,-0.11286822223802538,-0.0590538442542377,0.003267477247506521,-0.12094584476271111,0.003091718948930441,-0.011602480149015841,0.0015626556016622923,-0.061150600096268895,-0.11552680251155616,-0.05979524466644222,0.41770897517564853,0.20885448758782427,0.44456581422264974,0.22228290711132487,0.154689159177546,0.077344579588773
2025-01-31,-0.0953356387063821,-0.0785628467183984,-0.0903000620792816,-0.0167727919879837,0.0006829113539254592,-0.09601855006030756,0.0007879282993285223,-0.07935077501772693,0.00035514342991348945,-0.09065520550919509,-0.018243631641237684,-0.005363344551112467,0.001039504367200304,-0.09637514307358241,0.0012383799501024526,-0.07980122666850085,0.0005276271296362505,-0.09082768920891784,-0.01905067630528646,-0.00554745386466457,0.0013960973804751488,-0.09673173608685726,0.0016888316008763832,-0.08025167831927478,0.0007001108293590117,-0.09100017290864061,-0.019857720969335232,-0.005731563178216645,0.002465876420299683,-0.0978015151266818,0.0030401865531981746,-0.08160303327159657,0.001217561928527295,-0.09151762400780888,-0.02227885496148156,-0.006283891118872911,0.004248841486673907,-0.09958448019305602,0.005292444807067827,-0.08385529152546622,0.0020799804271411,-0.09238004250642269,-0.026314078281725432,-0.007204437686633328,0.5656400216516804,0.2828200108258402,0.6600452526582221,0.33002262632911106,0.1965266547586842,0.0982633273793421
2025-02-28,0.0912448769461047,0.0920241888793713,0.0795093149241064,-0.0007793119332666,0.0006480134276173278,0.09059686351848736,0.000724625511409216,0.09129956336796209,0.00031708345235999426,0.07919223147174641,-0.0021519508722931437,0.011404632046740956,0.0009674840839738443,0.09027739286213085,0.0010790505742090326,0.09094513830516227,0.00045298655135649285,0.07905632837274991,-0.002825846591449477,0.011221064489380941,0.0012869547403303607,0.08995792220577434,0.0014334756370088491,0.09059071324236245,0.0005888896503529914,0.07892042527375341,-0.0034997423106058103,0.011037496932020927,0.0022453667093999094,0.08899951023670478,0.002496750825408299,0.089527438053963,0.000996598947342487,0.07851271597676392,-0.0055214294680748085,0.010486794259940868,0.003842719991182491,0.0874021569549222,0.004268876139407382,0.08775531273996393,0.0016761144423249798,0.07783320048178143,-0.008890908063856473,0.00956895647314078,0.5397844200924196,0.2698922100462098,0.6017600690837842,0.3008800345418921,0.16644952684540912,0.08322476342270456
2025-03-28,0.0343885671279913,0.0352087282586279,0.0340161218128156,-0.0008201611306366,0.0007417644048837564,0.03364680272310754,0.000559016689275419,0.03464971156935248,0.0002890892241877534,0.03372703258862785,-0.0021209422247957755,-8.022986552030931e-05,0.001075622855714617,0.033312944272276684,0.0008778192599053091,0.03433090899872259,0.00041225951994747575,0.033603862292868124,-0.0027736032462565264,-0.0002909180205914394,0.0014094813065454776,0.03297908582144582,0.0011966218305351991,0.0340121064280927,0.0005354298157071981,0.0334806919971084,-0.0034262642677172763,-0.0005016061756625834,0.0024110566590380593,0.03197751046895324,0.0021530295424248692,0.03305569871620303,0.0009049407029863652,0.03311118110982924,-0.005384247332099528,-0.0011336706408760014,0.004080348913192362,0.030308218214798937,0.003747042395574319,0.031461685863053576,0.001520792181784977,0.03249532963103063,-0.00864755243940328,-0.00218711141623169,0.6281990612094471,0.31409953060472356,0.4597805920459069,0.22989029602295344,0.1454210281028269,0.07271051405141345
2025-04-30,0.0649246004662205,0.0889897279361078,0.0683649800341072,-0.0240651274698873,0.000825149438260762,0.06409945102795975,0.0005691655228616701,0.08842056241324613,0.00034632788372658546,0.06801865215038061,-0.025459442431009734,-0.003919201122420862,0.001220531572430442,0.06370406889379006,0.0008581709035911996,0.0881315570325166,0.0004839921992528502,0.06788098783485434,-0.026143829945908942,-0.004176918941064284,0.0016159137066001222,0.06330868675962038,0.0011471762843207288,0.08784255165178706,0.0006216565147791149,0.06774332351932807,-0.026828217460808153,-0.004434636759707691,0.0028020601091091626,0.062122540357111344,0.002014192426509317,0.08697553550959848,0.0010346494613579092,0.06733033057274929,-0.02888138000550578,-0.005207790215637942,0.0047789707799575625,0.06014562968626294,0.003459219330156964,0.08553050860595082,0.0017229710389892329,0.06664200899511796,-0.03230331758000183,-0.0064963793088550215,0.6866103187691923,0.34330515938459616,0.46200894535059156,0.23100447267529578,0.1679170048764445,0.08395850243822225
2025-05-30,0.0611349699963583,0.0258146566006833,0.0366798186729708,0.0353203133956749,0.0006461033825869259,0.060488866613771376,0.0007903778792456103,0.02502427872143769,0.0003284639127885175,0.03635135476018228,0.03388383213384237,0.024137511853589096,0.0009359183824401191,0.06019905161391818,0.0011572499286270864,0.024657406672056213,0.00046117504060071395,0.03621864363237009,0.033227145084607695,0.023980407981548088,0.0012257333822933121,0.059909236614064984,0.0015241219780085624,0.024290534622674737,0.0005938861684129104,0.03608593250455789,0.03257045803537303,0.023823304109507094,0.002095178381852892,0.059039791614505406,0.0026247381261529906,0.023189918474530308,0.0009920195518494997,0.0356877991211213,0.030600396887669017,0.023351992493384106,0.0035442533811188576,0.05759071661523944,0.004459098373060371,0.02135555822762293,0.001655575190910482,0.03502424348206032,0.027316961641495677,0.022566473133179124,0.5449623452111243,0.27248117260556215,0.6622473083079474,0.3311236541539737,0.1766800186159707,0.08834000930798536
2025-06-30,-0.0429224061527061,-0.0526069086281609,-0.0501511044271901,0.0096845024754548,0.0007625221189247762,-0.043684928271630875,0.0007554163148918608,-0.05336232494305276,0.0003670635828564683,-0.05051816801004656,0.008166564041638163,0.006833239738415688,0.0011352187946644205,-0.04405762494737052,0.0011607629323023168,-0.053767671560463214,0.000517309190814997,-0.050668413618005094,0.007388520748488063,0.006610788670634575,0.001507915470404065,-0.04443032162311017,0.0015661095497127727,-0.05417301817787367,0.0006675547987735257,-0.050818659225963625,0.006610477455337962,0.0063883376028534555,0.002626005497622998,-0.0455484116503291,0.00278214940194414,-0.05538905803010504,0.0011182916226491117,-0.05126939604983921,0.004276347575887662,0.005720984399510111,0.00448948887632122,-0.04741189502902732,0.004808882488996419,-0.05741579111715732,0.0018695196624417551,-0.05202062408963185,0.0003861311101371603,0.004608729060604534,0.6330693280374038,0.3165346640187019,0.6253025558041405,0.31265127790207026,0.1796624459563034,0.0898312229781517
2025-07-31,0.0073555516453891,0.0096918425822785,0.0105241866189134,-0.0023362909368893,0.0006043235722275828,0.006751228073161517,0.0006105387349291401,0.00908130384734936,0.00029956975565788107,0.010224616863255518,-0.003551153244046023,-0.0034733887900940006,0.0008870253803838648,0.006468526265005235,0.0009112768294218158,0.008780565752856686,0.0004029161235058807,0.010121270495407519,-0.004134593146694981,-0.0036527442304022835,0.0011697271885401466,0.006185824456848953,0.0012120149239144913,0.00847982765836401,0.0005062624913538804,0.01001792412755952,-0.004718033049343939,-0.0038320996707105663,0.002017832613008992,0.0053377190323801085,0.002114229207392518,0.007577613374885982,0.0008163015948978793,0.00970788502401552,-0.00646835275729081,-0.0043701659916354114,0.003431341653790401,0.003924209991598699,0.0036179196798558962,0.006073922902422604,0.0013330334341378775,0.009191153184775522,-0.009385552270535598,-0.005266943193176823,0.49913032851996747,0.24956516425998373,0.5019594778607271,0.25097973893036357,0.1355366257084917,0.06776831285424585
2025-08-29,0.0066737335776478,0.025509729650252,0.020196424708397,-0.0188359960726041,0.0006859569251621341,0.0059877766524856655,0.000584419685269071,0.02492530996498293,0.0003141552867622247,0.019882269421634773,-0.020106372683035303,-0.013894492769149107,0.0010562165249298483,0.005617517052717951,0.000917040308758579,0.02459268934149342,0.000480317177318911,0.019716107531078088,-0.020809252906292527,-0.014098590478360137,0.0014264761246975623,0.005247257452950237,0.001249660932248087,0.024260068718003912,0.0006464790678755973,0.019549945640521402,-0.02151213312954975,-0.014302688187571164,0.002537254924000704,0.0041364786536470955,0.002247522802716611,0.02326220684753539,0.001144964739545656,0.019051459968851343,-0.023620773799321416,-0.014914981315204247,0.004388552922839274,0.0022851806548085255,0.0039106259201641515,0.02159910373008785,0.0019757741923290876,0.018220650516067912,-0.027135174915607525,-0.015935469861259387,0.5780307955567788,0.2890153977783894,0.4922696257203495,0.24613481286017475,0.19001811097946658,0.09500905548973329
2025-09-30,0.0328255065067146,0.0452440178284885,0.043058780171659,-0.0124185113217738,0.0007879813657065234,0.03203752514100808,0.0006331508154513576,0.04461086701303714,0.00038903466756130004,0.042669745504097696,-0.013839643502931683,-0.010632220363089619,0.0011880502030175723,0.03163745630369703,0.000986442220640362,0.04425757560784813,0.0005675127143869889,0.04249126745727201,-0.014593003745431736,-0.010853811153574984,0.0015881190403286211,0.031237387466385977,0.0013397336258293665,0.043904284202659134,0.0007459907612126776,0.04231278941044632,-0.015346363987931788,-0.011075401944060342,0.002788325552261768,0.03003718095445283,0.0023996078413963794,0.042844409987092116,0.0012814249016897441,0.04177735526996925,-0.01760644471543195,-0.011740174315516421,0.004788669738817012,0.02803683676789759,0.0041660648673414015,0.04107795296114709,0.002173815135818188,0.04088496503584081,-0.021373245927932213,-0.012848128267943223,0.6587139638823627,0.32935698194118135,0.523665653953105,0.2618328269765525,0.2132033336401458,0.1066016668200729
2025-10-31,-0.0033949558925417,-0.0119481220762143,-0.0053158819252626,0.0085531661836725,0.0007161597648964105,-0.00411111565743811,0.000697728418943833,-0.012645850495158133,0.0003242632573873313,-0.005640145182649931,0.007139277999832256,0.0015290295252118205,0.0011185018728128518,-0.004513457765354552,0.001041757920522995,-0.012989879996737296,0.0004598599851176013,-0.005775741910380201,0.006392906390336654,0.0012622841450256493,0.001520843980729293,-0.004915799873270993,0.0013857874221021571,-0.013333909498316457,0.0005954567128478712,-0.005911338638110471,0.00564653478084105,0.000995538764839478,0.0027278703044786162,-0.006122826197020316,0.002417875926839643,-0.014365998003053944,0.001002246896038681,-0.006318128821301281,0.0034074199523542407,0.00019530262428096423,0.004739580844060822,-0.008134536736602523,0.004138023434735454,-0.016086145510949754,0.0016802305346900308,-0.00699611245995263,-0.00032443809512377585,-0.001138424276649893,0.5969077521124575,0.29845387605622875,0.5858548218400773,0.29292741092003866,0.1687668507607217,0.08438342538036085
2025-11-28,0.0091775830287945,-0.0090260160954912,0.0024087379862884,0.0182035991242858,0.0006690801527981274,0.008508502875996372,0.0006154530981813725,-0.009641469193672573,0.00032725098932199776,0.0020814869969664022,0.016919065873306303,0.00642701587902997,0.0009801755423252156,0.008197407486469284,0.0009215814082829753,-0.009947597503774174,0.0004514752860002406,0.0019572627002881595,0.01630184217367761,0.006240144786181124,0.0012912709318523036,0.007886312096942195,0.001227709718384578,-0.010253725813875778,0.0005756995826784833,0.0018330384036099167,0.01568461847404892,0.006053273693332278,0.002224557100433568,0.006953025928360931,0.0021460946486893864,-0.011172110744180586,0.0009483724727132117,0.0014603655135751884,0.013832947375162845,0.005492660414785743,0.0037800340480690087,0.005397548980725491,0.0036767361991974002,-0.0127027522946886,0.0015694939561044256,0.0008392440301839745,0.010746828877019393,0.004558304950541516,0.5518274378222766,0.2759137189111383,0.5077562492303823,0.25387812461519116,0.1549047643773926,0.0774523821886963
2025-12-31,-0.0110477425886993,-0.0502764535702867,-0.0290537749156989,0.0392287109815874,0.0005872769750482448,-0.011635019563747545,0.0006069558643436212,-0.05088340943463032,0.00033601936880374835,-0.029389794284502647,0.03803447814219553,0.017754774720755102,0.0008830052789878651,-0.011930747867687165,0.000934663580761335,-0.051211117151048036,0.0004856810098311853,-0.029539455925530086,0.0374110421218382,0.01760870805784292,0.0011787335829274855,-0.012226476171626786,0.001262371297179049,-0.05153882486746575,0.0006353426508586222,-0.02968911756655752,0.036787606101480866,0.017462641394930735,0.0020659184947463467,-0.013113661083445647,0.0022454944464321905,-0.05252194801671889,0.0010843275739409331,-0.030138102489639832,0.03491729804040886,0.017024441406194184,0.0035445600144444482,-0.014592302603143748,0.0038840330285207602,-0.054160486598807456,0.0018326357790781178,-0.030886410694777017,0.0318001179386222,0.01629410809163327,0.4851852426616225,0.24259262133081125,0.5056336124972548,0.2528168062486274,0.1793350348737317,0.08966751743686585
2026-01-30,0.0587651240124662,-0.0167052402633555,0.0195538859337294,0.0754703642758217,0.0008383161278029587,0.057926807884663235,0.0005527068148993152,-0.017257947078254815,0.0003113836830494031,0.019242502250679996,0.07407934133311943,0.03868430563398324,0.0012450180999635807,0.05752010591250262,0.0008583683727133492,-0.01756360863606885,0.0004526139946957809,0.019101271939033618,0.07336697780314477,0.038418833973469,0.0016517200721242026,0.05711340394034199,0.001164029930527383,-0.01786927019388288,0.0005938443063421587,0.01896004162738724,0.0726546142731701,0.038153362312954756,0.0028718259886060687,0.05589329802386013,0.0020810146039694846,-0.018786254867324985,0.0010175352412812922,0.018536350692448106,0.07051752368324615,0.037356947331412024,0.004905335849409179,0.05385978816305702,0.003609322393039654,-0.020314562656395155,0.0017236867995131812,0.01783019913421622,0.06695570603337286,0.0360295890288408,0.7053415100268776,0.3526707550134388,0.45272932265675964,0.22636466132837982,0.17235764914015542,0.08617882457007771
2026-02-27,-0.0795209030124773,-0.0673626603986053,-0.073510180395286,-0.0121582426138719,0.0006201652192921354,-0.08014106823176943,0.0007561809121726791,-0.06811884131077799,0.00036545132309776,-0.07387563171838377,-0.013534588745336714,-0.0062654365133856665,0.0009140510939159788,-0.08043495410639329,0.001167446104669152,-0.06853010650327446,0.0005310708284980998,-0.0740412512237841,-0.01423973981245703,-0.006393702882609181,0.0012079369685398223,-0.08072883998101713,0.0015787112971656248,-0.06894137169577093,0.0006966903338984396,-0.07420687072918444,-0.014944890879577347,-0.006521969251832682,0.0020895945924113524,-0.08161049760488866,0.0028125068746550435,-0.07017516727326036,0.0011935488500994591,-0.07470372924538547,-0.017060344080938296,-0.006906768359503185,0.0035590239655305693,-0.08307992697800787,0.004868832837137407,-0.07223149323574271,0.0020216463771011582,-0.07553182677238716,-0.020586099416539876,-0.007548100205620703,0.5133712145494859,0.25668560727474293,0.6315058640214806,0.3157529320107403,0.2002769879861848,0.1001384939930924
2026-03-30,0.1216959266647712,0.1078482234817201,0.1226965583471868,0.013847703183051,0.0005934303933997138,0.1211024962713715,0.0005815542093587404,0.10726666927236136,0.000320645617681263,0.12237591272950554,0.012672718580292546,-0.001273416458134044,0.000874545026535115,0.1208213816382361,0.0008532172404590179,0.10699500624126108,0.00042687885106984204,0.12226967949611696,0.012119940916056868,-0.0014482978578808647,0.0011556596596705162,0.12054026700510069,0.0011248802715592954,0.1067233432101608,0.000533112084458421,0.12216344626272839,0.011567163251821189,-0.0016231792576276993,0.00199900355907672,0.11969692310569449,0.001939869364860128,0.10590835411685998,0.000851811784624158,0.12184474656256265,0.009908830259114152,-0.0021478234568681615,0.003404576724753726,0.11829134994001748,0.0032981845203615156,0.10455003896135859,0.001382977951567053,0.12131358039561975,0.0071449419379357604,-0.003022230455602265,0.4824429150865008,0.2412214575432504,0.4703877984825149,0.23519389924125744,0.14482987118126203,0.07241493559063102
2026-04-30,0.0211817750827474,-0.0240854096120359,0.00188979412019,0.0452671846947834,0.0005927869278829766,0.020588988154864422,0.000696358214446116,-0.024781767826482014,0.00032606680773487423,0.0015637273124551258,0.04397803955245431,0.019025260842409297,0.0008547346855814046,0.020327040397165996,0.0010536470926463186,-0.02513905670468222,0.0004397174184687151,0.001450076701721285,0.043358802916555673,0.018876963695444712,0.0011166824432798327,0.020065092639467565,0.0014109359708465211,-0.02549634558288242,0.000553368029202556,0.001336426090987444,0.042739566280657046,0.01872866654848012,0.0019025257163751165,0.01927924936637228,0.0024828026054471287,-0.02656821221748303,0.0008943198614040785,0.0009954742587859216,0.040881856372961156,0.01828377510758636,0.0032122645048672568,0.01796951057788014,0.004269246996448141,-0.02835465660848404,0.0014625729150732826,0.00042722120511671743,0.037785673193468,0.017542289372763423,0.48738044192765645,0.24369022096382822,0.5777281086636679,0.28886405433183393,0.16487218491708389,0.08243609245854194
2026-05-29,0.014244996932931,0.0241529339911352,0.0209178106730214,-0.0099079370582042,0.0006607216969594043,0.013584275235971595,0.00046734529154261327,0.023685588699592586,0.000287322155547305,0.020630488517474097,-0.011036004046706219,-0.007046213281502503,0.0009864587408204245,0.013258538192110574,0.0007274227361081751,0.023425511255027023,0.00040655275563922634,0.020511257917382175,-0.0116218185351328,-0.007252719725271601,0.0013121957846814448,0.012932801148249554,0.000987500180673737,0.02316543381046146,0.0005257833557311476,0.020392027317290253,-0.012207633023559383,-0.007459226169040699,0.002289406916264505,0.011955590016666493,0.0017677325143704223,0.022385201476764777,0.0008834751560069117,0.02003433551701449,-0.013965076488839129,-0.008078745500347997,0.003918092135569606,0.010326904797361394,0.0030681197371982315,0.02108481425393697,0.0014796281564665183,0.019438182516554884,-0.016894148930972037,-0.00911127771919349,0.5484505629773702,0.2742252814886851,0.3746143867819962,0.1873071933909981,0.15348546802813387,0.07674273401406694
2026-06-30,0.0090934003379736,0.0751391203575246,0.0314841611009339,-0.066045720019551,0.0006210841552796288,0.008472316182693972,0.0005130750767002692,0.07462604528082432,0.00036881081850832765,0.03111535028242557,-0.0671798792515309,-0.022643034099731597,0.000948310723970235,0.008145089614003365,0.0008144708871565217,0.07432464947036807,0.0005448996293196273,0.03093926147161427,-0.06780850163067777,-0.022794171857610908,0.001275537292660841,0.007817863045312758,0.0011158666976127743,0.07402325365991182,0.000720988440130927,0.03076317266080297,-0.06843712400982463,-0.02294530961549021,0.0022572169987326593,0.006836183339240941,0.002020054128981532,0.07311906622854307,0.0012492548725648262,0.03023490622836907,-0.07032299114726519,-0.02339872288912813,0.0038933498421856896,0.00520005049578791,0.0035270331812627944,0.0716120871762618,0.0021296989266213246,0.029354462174312573,-0.07346610304299948,-0.02415441167852466,0.5141972942249763,0.25709864711248814,0.418481270957069,0.2092406354785345,0.2019180213953606,0.1009590106976803
2026-07-31,0.0273553822215881,-0.0308190428393803,-0.0077148973536259,0.0581744250609684,0.0006214677070013322,0.026733914514586767,0.0006273724606500285,-0.031446415300030325,0.00036365083902444744,-0.008078548192650348,0.05692558489331704,0.03481246270723712,0.0008939127482434782,0.026461469473344622,0.0009556022626133121,-0.03177464510199361,0.0005068441198663901,-0.00822174147349229,0.05632491005011161,0.03468321094683691,0.0011663577894856243,0.026189024432102477,0.0012838320645765957,-0.03210287490395689,0.000650037400708333,-0.008364934754334233,0.055724235206906184,0.03455395918643671,0.001983692913212062,0.025371689308376036,0.0022685214704664465,-0.033087564309846745,0.0010796172432341613,-0.008794514596860061,0.05392221067728989,0.0341662039052361,0.003345918119422792,0.02400946410216531,0.003909670480282865,-0.034728713319663165,0.0017955836474438749,-0.009510481001069776,0.05091883646126274,0.03351994510323508,0.5117841031074376,0.2558920515537188,0.5143342094972776,0.2571671047486388,0.18900548812613993,0.09450274406306997
