TradDt,BizDt,Sgmt,Src,FinInstrmTp,FinInstrmId,ISIN,TckrSymb,SctySrs,XpryDt,FininstrmActlXpryDt,StrkPric,OptnTp,FinInstrmNm,OpnPric,HghPric,LwPric,ClsPric,LastPric,PrvsClsgPric,UndrlygPric,SttlmPric,OpnIntrst,ChngInOpnIntrst,TtlTradgVol,TtlTrfVal,TtlNbOfTxsExctd,SsnId,NewBrdLotQty,Rmks,Rsvd1,Rsvd2,Rsvd3,Rsvd4
2026-09-23,2026-09-23,CM,NSE,STK,25,INE423A01024,ADANIENT,EQ,,,,,ADANI ENTERPRISES LIMITED,3015.5,3023.9,2978.2,2993.2,2993.2,2997.0,,2993.18,,,855435,2565963177.4,35686,F1,1,,,,,
2026-09-23,2026-09-23,CM,NSE,STK,15083,INE742F01042,ADANIPORTS,EQ,,,,,ADANI PORT & SEZ LTD,1799.0,1810.1,1790.5,1807.3,1807.3,1795.0,,1807.31,,,1185484,2137100173.1,48881,F1,1,,,,,
2026-09-23,2026-09-23,CM,NSE,STK,157,INE437A01024,APOLLOHOSP,EQ,,,,,APOLLO HOSPITALS ENTER. L,8875.0,9070.5,8865.0,9069.0,9069.0,8835.5,,9068.89,,,419571,3768803213.5,43935,F1,1,,,,,
2026-09-23,2026-09-23,CM,NSE,STK,236,INE021A01026,ASIANPAINT,EQ,,,,,ASIAN PAINTS LIMITED,2469.0,2471.9,2448.2,2455.0,2455.0,2448.5,,2454.98,,,398823,980566812.3,33351,F1,1,,,,,
2026-09-23,2026-09-23,CM,NSE,STK,5900,INE238A01034,AXISBANK,EQ,,,,,AXIS BANK LIMITED,1242.2,1252.0,1238.9,1243.2,1243.2,1242.7,,1243.2,,,2287837,2850727053.2,64055,F1,1,,,,,
2026-09-23,2026-09-23,CM,NSE,STK,16669,INE917I01010,BAJAJ-AUTO,EQ,,,,,BAJAJ AUTO LIMITED,11363.0,11425.0,11293.0,11400.0,11400.0,11363.0,,11399.97,,,158704,1802608827.0,16705,F1,1,,,,,
2026-09-23,2026-09-23,CM,NSE,STK,317,INE296A01032,BAJFINANCE,EQ,,,,,BAJAJ FINANCE LIMITED,1034.7,1043.2,1022.0,1043.2,1043.2,1008.8,,1043.17,,,8618523,8910239923.6,189164,F1,1,,,,,
2026-09-23,2026-09-23,CM,NSE,STK,16675,INE918I01026,BAJAJFINSV,EQ,,,,,BAJAJ FINSERV LTD.,1825.0,1864.8,1825.0,1846.5,1846.5,1823.4,,1846.5,,,746622,1381590759.9,37659,F1,1,,,,,
2026-09-23,2026-09-23,CM,NSE,STK,383,INE263A01024,BEL,EQ,,,,,BHARAT ELECTRONICS LTD,397.9,399.5,395.6,396.05,396.05,397.9,,396.07,,,6731863,2678699168.8,68383,F1,1,,,,,
2026-09-23,2026-09-23,CM,NSE,STK,10604,INE397D01024,BHARTIARTL,EQ,,,,,BHARTI AIRTEL LIMITED,1818.1,1836.7,1818.0,1833.2,1833.2,1817.2,,1833.2,,,3698253,6761279491.2,101538,F1,1,,,,,
2026-09-23,2026-09-23,CM,NSE,STK,19585,INE118H01025,BSE,EQ,,,,,BSE LIMITED,3249.0,3280.0,3214.2,3270.7,3270.7,3235.0,,3270.7,,,2796681,9088212947.9,118373,F1,1,,,,,
2026-09-23,2026-09-23,CM,NSE,STK,694,INE059A01026,CIPLA,EQ,,,,,CIPLA LTD,1382.4,1387.0,1371.8,1383.0,1383.0,1384.1,,1383.0,,,651221,897020664.8,22885,F1,1,,,,,
2026-09-23,2026-09-23,CM,NSE,STK,20374,INE522F01014,COALINDIA,EQ,,,,,COAL INDIA LTD,428.25,429.4,421.55,424.55,424.55,428.0,,424.53,,,7956161,3376432466.95,70350,F1,1,,,,,
2026-09-23,2026-09-23,CM,NSE,STK,881,INE089A01031,DRREDDY,EQ,,,,,DR. REDDY S LABORATORIES,1210.0,1220.5,1205.9,1211.2,1211.2,1211.0,,1211.2,,,987420,1198381997.2,52294,F1,1,,,,,
2026-09-23,2026-09-23,CM,NSE,STK,910,INE066A01021,EICHERMOT,EQ,,,,,EICHER MOTORS LTD,7468.5,7485.0,7414.0,7470.0,7470.0,7427.0,,7469.9,,,215015,1602404293.0,29281,F1,1,,,,,
2026-09-23,2026-09-23,CM,NSE,STK,5097,INE758T01015,ETERNAL,EQ,,,,,ETERNAL LIMITED,344.4,344.4,340.55,342.65,342.65,342.0,,342.65,,,18360484,6288247674.35,170827,F1,1,,,,,
2026-09-23,2026-09-23,CM,NSE,STK,1232,INE047A01021,GRASIM,EQ,,,,,GRASIM INDUSTRIES LTD,3138.0,3190.0,3127.1,3188.5,3188.5,3128.2,,3188.58,,,411551,1302961088.7,32915,F1,1,,,,,
2026-09-23,2026-09-23,CM,NSE,STK,7229,INE860A01027,HCLTECH,EQ,,,,,HCL TECHNOLOGIES LTD,1270.0,1279.8,1250.0,1256.7,1256.7,1270.4,,1256.7,,,2724431,3439335222.1,65117,F1,1,,,,,
2026-09-23,2026-09-23,CM,NSE,STK,1333,INE040A01034,HDFCBANK,EQ,,,,,HDFC BANK LTD,735.65,742.8,734.0,737.25,737.25,738.6,,737.26,,,23197231,17154770350.35,225520,F1,1,,,,,
2026-09-23,2026-09-23,CM,NSE,STK,467,INE795G01014,HDFCLIFE,EQ,,,,,HDFC LIFE INS CO LTD,561.9,565.5,556.4,561.5,561.5,559.2,,561.51,,,2018805,1136308558.55,35379,F1,1,,,,,
2026-09-23,2026-09-23,CM,NSE,STK,1363,INE038A01020,HINDALCO,EQ,,,,,HINDALCO  INDUSTRIES  LTD,979.5,1003.8,978.2,1003.8,1003.8,973.0,,1003.77,,,5158521,5115554251.9,97602,F1,1,,,,,
2026-09-23,2026-09-23,CM,NSE,STK,1394,INE030A01027,HINDUNILVR,EQ,,,,,HINDUSTAN UNILEVER LTD.,1938.0,1954.0,1936.0,1950.0,1950.0,1933.8,,1950.0,,,870342,1695321736.5,38393,F1,1,,,,,
2026-09-23,2026-09-23,CM,NSE,STK,4963,INE090A01021,ICICIBANK,EQ,,,,,ICICI BANK LTD.,1339.9,1344.5,1333.5,1340.0,1340.0,1339.6,,1340.0,,,4758314,6370494129.0,120264,F1,1,,,,,
2026-09-23,2026-09-23,CM,NSE,STK,1594,INE009A01021,INFY,EQ,,,,,INFOSYS LIMITED,1021.8,1029.4,1015.1,1020.5,1020.5,1029.4,,1020.49,,,5108734,5212680733.8,124303,F1,1,,,,,
2026-09-23,2026-09-23,CM,NSE,STK,11195,INE646L01027,INDIGO,EQ,,,,,INTERGLOBE AVIATION LTD,5026.0,5061.0,5000.0,5028.5,5028.5,5030.0,,5028.5,,,581998,2931114862.0,49996,F1,1,,,,,
2026-09-23,2026-09-23,CM,NSE,STK,1660,INE154A01025,ITC,EQ,,,,,ITC LTD,265.85,271.05,265.15,270.15,270.15,265.8,,270.14,,,13142058,3534946143.2,86367,F1,1,,,,,
2026-09-23,2026-09-23,CM,NSE,STK,18143,INE758E01017,JIOFIN,EQ,,,,,JIO FIN SERVICES LTD,230.7,232.4,230.55,232.15,232.15,230.7,,232.14,,,6949246,1611177460.27,47174,F1,1,,,,,
2026-09-23,2026-09-23,CM,NSE,STK,11723,INE019A01038,JSWSTEEL,EQ,,,,,JSW STEEL LIMITED,1273.0,1304.0,1270.8,1297.8,1297.8,1267.0,,1297.8,,,1356042,1751645496.7,69654,F1,1,,,,,
2026-09-23,2026-09-23,CM,NSE,STK,1922,INE237A01036,KOTAKBANK,EQ,,,,,KOTAK MAHINDRA BANK LTD,414.65,417.25,411.35,413.25,413.25,412.65,,413.25,,,8628172,3572584969.9,83373,F1,1,,,,,
2026-09-23,2026-09-23,CM,NSE,STK,11483,INE018A01030,LT,EQ,,,,,LARSEN & TOUBRO LTD.,3870.0,3945.0,3870.0,3929.9,3929.9,3866.4,,3929.9,,,945462,3705549356.4,63470,F1,1,,,,,
2026-09-23,2026-09-23,CM,NSE,STK,2031,INE101A01026,M&M,EQ,,,,,MAHINDRA & MAHINDRA LTD,3048.4,3052.0,3022.4,3035.0,3035.0,3044.5,,3035.0,,,2600352,7895250420.5,101519,F1,1,,,,,
2026-09-23,2026-09-23,CM,NSE,STK,10999,INE585B01010,MARUTI,EQ,,,,,MARUTI SUZUKI INDIA LTD.,12240.0,12255.0,12106.0,12230.0,12230.0,12190.0,,12229.81,,,220483,2687914221.0,34559,F1,1,,,,,
2026-09-23,2026-09-23,CM,NSE,STK,22377,INE027H01010,MAXHEALTH,EQ,,,,,MAX HEALTHCARE INS LTD,1056.5,1067.3,1053.2,1059.9,1059.9,1056.5,,1059.86,,,1122755,1190505746.4,30582,F1,1,,,,,
2026-09-23,2026-09-23,CM,NSE,STK,17963,INE239A01024,NESTLEIND,EQ,,,,,NESTLE INDIA LIMITED,1370.0,1387.2,1361.6,1387.2,1387.2,1363.9,,1387.17,,,685984,946745679.8,47104,F1,1,,,,,
2026-09-23,2026-09-23,CM,NSE,STK,11630,INE733E01010,NTPC,EQ,,,,,NTPC LTD,326.5,329.4,325.0,326.0,326.0,327.8,,326.0,,,10525477,3439123287.9,88503,F1,1,,,,,
2026-09-23,2026-09-23,CM,NSE,STK,2475,INE213A01029,ONGC,EQ,,,,,OIL AND NATURAL GAS CORP.,235.5,236.9,234.2,236.9,236.9,236.13,,236.9,,,8913385,2102898780.13,77058,F1,1,,,,,
2026-09-23,2026-09-23,CM,NSE,STK,14977,INE752E01010,POWERGRID,EQ,,,,,POWER GRID CORP. LTD.,265.95,270.85,265.95,270.2,270.2,265.95,,270.2,,,6114433,1646182461.5,59995,F1,1,,,,,
2026-09-23,2026-09-23,CM,NSE,STK,2885,INE002A01018,RELIANCE,EQ,,,,,RELIANCE INDUSTRIES LTD,1242.0,1252.8,1238.9,1248.0,1248.0,1240.4,,1248.0,,,8352048,10417522387.9,147001,F1,1,,,,,
2026-09-23,2026-09-23,CM,NSE,STK,21808,INE123W01016,SBILIFE,EQ,,,,,SBI LIFE INSURANCE CO LTD,1758.0,1770.1,1744.4,1760.0,1760.0,1756.3,,1760.0,,,513341,902994370.2,21435,F1,1,,,,,
2026-09-23,2026-09-23,CM,NSE,STK,4306,INE721A01047,SHRIRAMFIN,EQ,,,,,SHRIRAM FINANCE LIMITED,1012.0,1018.0,1005.5,1010.8,1010.8,1006.0,,1010.8,,,2916356,2944723451.5,72500,F1,1,,,,,
2026-09-23,2026-09-23,CM,NSE,STK,3045,INE062A01020,SBIN,EQ,,,,,STATE BANK OF INDIA,987.0,996.4,986.4,994.1,994.1,987.0,,994.1,,,4522248,4486927140.6,90482,F1,1,,,,,
2026-09-23,2026-09-23,CM,NSE,STK,3351,INE044A01036,SUNPHARMA,EQ,,,,,SUN PHARMACEUTICAL IND L,1846.4,1869.6,1844.0,1865.0,1865.0,1846.4,,1865.0,,,902514,1677514370.2,66824,F1,1,,,,,
2026-09-23,2026-09-23,CM,NSE,STK,11536,INE467B01029,TCS,EQ,,,,,TATA CONSULTANCY SERV LT,2099.0,2104.2,2077.6,2089.6,2089.6,2105.0,,2089.5,,,2228402,4652482720.1,112320,F1,1,,,,,
2026-09-23,2026-09-23,CM,NSE,STK,3432,INE192A01025,TATACONSUM,EQ,,,,,TATA CONSUMER PRODUCT LTD,988.4,997.1,985.0,994.3,994.3,984.1,,994.31,,,850774,844932672.8,34856,F1,1,,,,,
2026-09-23,2026-09-23,CM,NSE,STK,3456,INE155A01022,TMPV,EQ,,,,,TATA MOTORS PASS VEH LTD,300.1,302.65,298.7,300.5,300.5,300.05,,300.51,,,4683895,1410775307.0,56675,F1,1,,,,,
2026-09-23,2026-09-23,CM,NSE,STK,3499,INE081A01020,TATASTEEL,EQ,,,,,TATA STEEL LIMITED,184.88,191.5,184.87,190.82,190.82,184.97,,190.82,,,39798327,7544119648.53,179963,F1,1,,,,,
2026-09-23,2026-09-23,CM,NSE,STK,13538,INE669C01036,TECHM,EQ,,,,,TECH MAHINDRA LIMITED,1540.0,1558.0,1539.3,1557.0,1557.0,1551.6,,1556.99,,,851068,1320342921.1,49591,F1,1,,,,,
2026-09-23,2026-09-23,CM,NSE,STK,3506,INE280A01028,TITAN,EQ,,,,,TITAN COMPANY LIMITED,4928.5,4951.0,4852.5,4880.0,4880.0,4928.5,,4880.0,,,769737,3762125682.5,68371,F1,1,,,,,
2026-09-23,2026-09-23,CM,NSE,STK,1964,INE849A01020,TRENT,EQ,,,,,TRENT LTD,2782.9,2794.4,2764.5,2774.0,2774.0,2782.9,,2774.0,,,839769,2332333175.7,36016,F1,1,,,,,
2026-09-23,2026-09-23,CM,NSE,STK,11532,INE481G01011,ULTRACEMCO,EQ,,,,,ULTRATECH CEMENT LIMITED,11050.0,11198.0,11044.0,11155.0,11155.0,11000.0,,11155.02,,,218031,2427923282.0,22558,F1,1,,,,,
