date,weekday,session_type,source,source_sha256,eq_rows,prev_standard_session,next_standard_session,next_prevclose_eq_special_close,next_prevclose_eq_prev_standard_close
2005-06-04,Saturday,SPECIAL_WEEKEND,legacy_cm,5505cee467e8d04bf9df16585563d82808057b5cbbbc322845da9e0b73956add,710,2005-06-03,2005-06-06,1.0,0.0141
2005-11-26,Saturday,SPECIAL_WEEKEND,legacy_cm,79c48869fee00596421ef7f26985299e9688735a7ffb21d60c697acc2af74a8e,751,2005-11-25,2005-11-28,1.0,0.0173
2006-04-29,Saturday,SPECIAL_WEEKEND,legacy_cm,6c72a6d89ba3f72d2ef208040305474803d1f87bb8d5ce8720087bd1bca6ba6d,796,2006-04-28,2006-05-02,1.0,0.0164
2006-06-25,Sunday,SPECIAL_WEEKEND,legacy_cm,bc941b920afbdc6b0c01b08897c428a3e9bf1c7faf7f6923cebe9721dcdaade5,850,2006-06-23,2006-06-26,1.0,0.0307
2006-10-21,Saturday,SPECIAL_WEEKEND,legacy_cm,dc4d1c64b47c6ad91216ef6e6f8bb074ce9f44bc932f06bafeb3c5d810d88fb9,897,2006-10-20,2006-10-23,1.0,0.0314
2009-10-17,Saturday,SPECIAL_WEEKEND,legacy_cm,25cec9691f51b4db2d7e2d93438990b22fc4a4d0c3d549f86bb153772054e383,1133,2009-10-16,2009-10-20,1.0,0.0232
2010-02-06,Saturday,SPECIAL_WEEKEND,legacy_cm,9fe0dbb1a28e9cea488e11156e91bda97a2f8dc7844b6d2684333c262579e7fe,1120,2010-02-05,2010-02-08,1.0,0.0116
2010-05-16,Sunday,SPECIAL_WEEKEND,legacy_cm,0feba86d6fbe2b9198301ace3dbfde808aee87ef2018acc1fc11aa2bcba788cc,7,2010-05-14,2010-05-17,1.0,0.0
2012-01-07,Saturday,SPECIAL_WEEKEND,legacy_cm,362f4b7f085270a98c9e2866630546e4e7f3a7fa847b32d91f246b93f5a4655d,1318,2012-01-06,2012-01-09,1.0,0.0363
2012-03-03,Saturday,SPECIAL_WEEKEND,legacy_cm,28e7a70cf73bc77720128bad6d96c54474cc4d65508a2c9647c83d3fbf13a1c4,1326,2012-03-02,2012-03-05,1.0,0.0503
2012-04-28,Saturday,SPECIAL_WEEKEND,legacy_cm,da259ede3aee053c0ee73901aa9eddafebaec13df6933059d7f21e193b5a6c66,1259,2012-04-27,2012-04-30,1.0,0.0499
2012-09-08,Saturday,SPECIAL_WEEKEND,legacy_cm,14d062b0c733a2f41817c66d04cf694c2204c7e57c25006cdcc91a3ab8dd0cab,1310,2012-09-07,2012-09-10,1.0,0.05
2012-11-11,Sunday,SPECIAL_WEEKEND,legacy_cm,e65af0d5ffcbefcd9d854daeece06b03043f70c037dce2f316ab4307fdaff897,14,2012-11-09,2012-11-12,1.0,0.0
2013-05-11,Saturday,SPECIAL_WEEKEND,legacy_cm,9d0bc68811ef4c569703ae745161e5fe4d22a6baee88bbd9d276d0045536092d,1192,2013-05-10,2013-05-13,1.0,0.0696
2013-11-03,Sunday,SPECIAL_WEEKEND,legacy_cm,267e018ec74534baaf8438002272daea16362e485e994c1dfb9bab9b0eee3bb3,1165,2013-11-01,2013-11-05,1.0,0.0284
2014-03-22,Saturday,SPECIAL_WEEKEND,legacy_cm,a83a1b9924ccc4b2c396fca69235027fced18f210f6c009dc5f22a324f7e9410,1278,2014-03-21,2014-03-24,1.0,0.0442
2015-02-28,Saturday,SPECIAL_WEEKEND,legacy_cm,17741347f64e1ec11d188da503f5aa8ee48ebd45661b383e560f68519f08fb55,1410,2015-02-27,2015-03-02,1.0,0.0429
2016-10-30,Sunday,SPECIAL_WEEKEND,legacy_cm,c2c0d671d8d4bbc8d20dbd5e18ebcb57267c603c3db8c8c69746fc73e86c624c,1516,2016-10-28,2016-11-01,1.0,0.0232
2019-10-27,Sunday,SPECIAL_WEEKEND,legacy_cm,b881a41ca300bb9c91d3e532e85cfa6e4f0b79b52840bfee5b921f19e6b38481,1473,2019-10-25,2019-10-29,1.0,0.0273
2020-02-01,Saturday,SPECIAL_WEEKEND,legacy_cm,ebed0938cc885e7f450c19d751fc70dcb8f905384fc96617bec889b9004ffd90,1471,2020-01-31,2020-02-03,1.0,0.0212
2020-11-14,Saturday,SPECIAL_WEEKEND,legacy_cm,652f8a54ba1481baa92032062aec5d3aa00a9db9e919001fec624d69771f1610,1606,2020-11-13,2020-11-17,1.0,0.0393
2023-11-12,Sunday,SPECIAL_WEEKEND,legacy_cm,5c19dae327d0290f55dab56e09d481f654950b5804407b075000b98335141dc3,1805,2023-11-10,2023-11-13,1.0,0.0139
2024-01-20,Saturday,SPECIAL_WEEKEND,udiff_cm,ee6400ae63ed832e158f44a2a5a5ccc338a7f6e40126932b7c3a28137067635e,1792,2024-01-19,2024-01-23,1.0,0.0124
2024-03-02,Saturday,SPECIAL_WEEKEND,udiff_cm,ef3f2e90041dafa1f2312ce1eec1bed30ace98dd9c5ec359703e0d901e321af9,1783,2024-03-01,2024-03-04,1.0,0.013
2024-05-18,Saturday,SPECIAL_WEEKEND,udiff_cm,4fee67bd4169be4cf62df45c0b7b9f7a81edf27f5c70d9b0f7a54924746d408f,1892,2024-05-17,2024-05-21,1.0,0.0138
2025-02-01,Saturday,SPECIAL_WEEKEND,udiff_cm,a0ed7f8fb660762f47607945c6f98909a22eb538ced9e215860eaeebb12fa959,2007,2025-01-31,2025-02-03,1.0,0.012
2026-02-01,Sunday,SPECIAL_WEEKEND,udiff_cm,af5502e5c696c95895b92a6c6e00907c87064547c408e9cd9fe03649d565ac47,2411,2026-01-30,2026-02-02,1.0,0.0079
