name,file,kind,fast,slow,stop_loss,trailing_stop,return_pct,bh_pct,margin,cagr,bh_cagr,sharpe,bh_sharpe,max_dd,bh_dd,exposure_pct,trades,win_rate,final,verdict
SMA 50/200 · XAUUSDd1,XAUUSDd1.csv,sma,50,200,0.0,0.0,24.6,14.2,10.4,2.39,1.44,0.28,0.17,-17.0,-40.0,50.0,7,43,124618,BEATS buy & hold
EMA 20/50 · NIFTY_10Y,NIFTY_10Y.csv,ema,20,50,0.0,0.0,184.8,181.6,3.1,11.04,10.92,1.06,0.74,-15.1,-38.4,70.5,16,81,284773,"WEAK EDGE - real but thin, verify before trusting"
EMA 20/50 · NIFTY50d1,NIFTY50d1.csv,ema,20,50,0.0,0.0,441.3,438.6,2.7,9.38,9.35,0.75,0.55,-28.8,-59.9,65.6,33,58,541280,"WEAK EDGE - real but thin, verify before trusting"
EMA 20/50 · XAUUSDd1,XAUUSDd1.csv,ema,20,50,0.0,0.0,3.1,14.2,-11.1,0.33,1.44,0.08,0.17,-26.0,-40.0,49.0,27,30,103070,LOSES to buy & hold - bin it
EMA 9/21 · NIFTY_10Y,NIFTY_10Y.csv,ema,9,21,0.0,0.0,116.9,181.6,-64.8,8.05,10.92,0.82,0.74,-18.2,-38.4,65.3,47,49,216875,LOSES to buy & hold - bin it
EMA 20/50 · NIFTY50d1 · trail 10%,NIFTY50d1.csv,ema,20,50,0.0,0.1,359.1,438.6,-79.5,8.43,9.35,0.71,0.55,-28.8,-59.9,62.5,33,58,459053,LOSES to buy & hold - bin it
SMA 50/200 · NIFTY_10Y,NIFTY_10Y.csv,sma,50,200,0.0,0.0,34.4,181.6,-147.2,3.01,10.92,0.31,0.74,-42.6,-38.4,70.4,7,43,134445,LOSES to buy & hold - bin it
EMA 20/50 · RELIANCEd1,RELIANCEd1.csv,ema,20,50,0.0,0.0,667.0,18031.1,-17364.1,6.9,18.56,0.28,0.45,-80.7,-77.6,59.5,87,29,767037,LOSES to buy & hold - bin it
EMA 20/50 · HDFCBANKd1,HDFCBANKd1.csv,ema,20,50,0.0,0.0,2010.3,54178.1,-52167.8,10.5,22.9,0.52,0.8,-58.8,-55.4,68.1,69,42,2110311,LOSES to buy & hold - bin it
EMA 20/50 · HDFCBANKd1 · trail 10%,HDFCBANKd1.csv,ema,20,50,0.0,0.1,606.6,54178.1,-53571.5,6.61,22.9,0.43,0.8,-55.6,-55.4,52.9,69,42,706627,LOSES to buy & hold - bin it
