t,holding_month,sample,step,status,n_universe,n_rankable,k,holding_sessions,W,L,BM,WML,W_exit_gap_booked,W_exit_gap_booked_on_flagged_row,BM_exit_gap_booked,BM_exit_gap_booked_on_flagged_row,W_span_stock_days,L_span_stock_days,BM_span_stock_days,BM_filled_stock_days,BM_fill_without_other_stocks,L_filled_stock_days,L_fill_without_other_stocks,L_delisting_return_applied,BM_delisting_return_applied,W_filled_stock_days,W_fill_without_other_stocks,W_delisting_return_applied,L_exit_gap_booked,L_exit_gap_booked_on_flagged_row
2021-12-31,2022-01,OOS,A,OK,200,162,49,20,0.0012406888309874908,-0.0050148701453532896,0.00768184787513615,0.00625555897634078,,,,,,,,,,,,,,,,,,
2021-12-31,2022-01,OOS,B,OK,200,195,59,20,-0.015345358891103555,-0.005097910533207961,-0.0008664885776904496,-0.010247448357895594,,,,,,,,,,,,,,,,,,
2021-12-31,2022-01,OOS,C,OK,200,195,59,20,-0.024115786564685604,-0.006832447056742241,-0.003984320855716095,-0.017283339507943363,1.0,0.0,1.0,0.0,,,,,,,,,,,,,,
2021-12-31,2022-01,OOS,D,OK,200,186,56,20,-0.02829302186189886,-0.007640336481239629,-0.00760254909168534,-0.02065268538065923,1.0,0.0,1.0,0.0,0.0,0.0,0.0,2.0,0.0,,,,,,,,,
2022-01-31,2022-02,OOS,A,OK,200,162,49,20,-0.03754591168449328,-0.09261561201531576,-0.0640142551693742,0.05506970033082248,,,,,,,,,,,,,,,,,,
2022-01-31,2022-02,OOS,B,OK,200,193,58,20,-0.06540602887310754,-0.08574774921512174,-0.07380911380308752,0.020341720342014202,,,,,,,,,,,,,,,,,,
2022-01-31,2022-02,OOS,C,OK,200,193,58,20,-0.07024365280412537,-0.08639419811852889,-0.07609912687214337,0.01615054531440352,,,,,,,,,,,,,,,,,,
2022-01-31,2022-02,OOS,D,OK,200,183,55,20,-0.06882516832078422,-0.08996906542702077,-0.07526357199539391,0.021143897106236542,,,,,0.0,0.0,0.0,,,,,,,,,,,
2022-02-28,2022-03,OOS,A,OK,200,163,49,21,0.07489899243793041,0.03960750714510031,0.06235948634414079,0.035291485292830105,,,,,,,,,,,,,,,,,,
2022-02-28,2022-03,OOS,B,OK,200,192,58,21,0.09886511213243132,0.03855592688761633,0.06563041986994111,0.06030918524481499,,,,,,,,,,,,,,,,,,
2022-02-28,2022-03,OOS,C,OK,200,193,58,21,0.10602922702388407,0.042059866997486095,0.06857265509472232,0.06396936002639797,,,,,,,,,,,,,,,,,,
2022-02-28,2022-03,OOS,D,OK,200,180,54,21,0.09331606803188364,0.04426343903994634,0.0659888035578644,0.0490526289919373,,,,,0.0,0.0,0.0,,,,,,,,,,,
2022-03-31,2022-04,OOS,A,OK,200,165,50,19,-0.0031514207654039783,0.031147858035491804,0.011623928120355398,-0.03429927880089578,,,,,,,,,,,,,,,,,,
2022-03-31,2022-04,OOS,B,OK,200,193,58,19,-0.02630249153228681,0.006258615102361809,-0.016327511065361677,-0.03256110663464862,,,,,,,,,,,,,,,,,,
2022-03-31,2022-04,OOS,C,OK,200,193,58,19,-0.0423670116051581,0.00552282355673106,-0.0216005954824805,-0.04788983516188916,,,,,,,,,,,,,,,,,,
2022-03-31,2022-04,OOS,D,OK,200,181,54,19,-0.059386644975847336,0.002716266061702166,-0.02559807667275693,-0.0621029110375495,,,,,0.0,0.0,0.0,,,,,,,,,,,
2022-04-29,2022-05,OOS,A,OK,200,167,50,21,-0.04794975707740168,-0.0485106119021651,-0.04695847172070877,0.0005608548247634237,,,,,,,,,,,,,,,,,,
2022-04-29,2022-05,OOS,B,OK,200,194,58,21,-0.07584815047657445,-0.04277353192851652,-0.057855563502276164,-0.03307461854805793,,,,,,,,,,,,,,,,,,
2022-04-29,2022-05,OOS,C,OK,200,194,58,21,-0.0807235443077513,-0.03953513173301115,-0.058872126539030734,-0.04118841257474015,,,,,,,,,,,,,,,,,,
2022-04-29,2022-05,OOS,D,OK,200,181,54,21,-0.07247567609308503,-0.04220745686440297,-0.05753249399927196,-0.03026821922868206,,,,,0.0,0.0,0.0,,,,,,,,,,,
2022-05-31,2022-06,OOS,A,OK,200,167,50,22,-0.07236097022416854,-0.05354342191162731,-0.057353727063029214,-0.018817548312541232,,,,,,,,,,,,,,,,,,
2022-05-31,2022-06,OOS,B,OK,200,196,59,22,-0.09390884338175054,-0.06336929800268465,-0.06964793195707375,-0.03053954537906589,,,,,,,,,,,,,,,,,,
2022-05-31,2022-06,OOS,C,OK,200,196,59,22,-0.09106551503936966,-0.06285479538938632,-0.06794553635030431,-0.02821071964998334,,,,,,,,,,,,,,,,,,
2022-05-31,2022-06,OOS,D,OK,200,183,55,22,-0.10122268590855743,-0.060911595609044245,-0.06969041933302489,-0.040311090299513186,,,,,0.0,0.0,0.0,,,,,,,,,,,
2022-06-30,2022-07,OOS,A,OK,200,162,49,21,0.11268059561718902,0.08049631527689804,0.11117543423267628,0.03218428034029097,,,,,,,,,,,,,,,,,,
2022-06-30,2022-07,OOS,B,OK,200,190,57,21,0.12382965442793892,0.10063142044472206,0.11792261735019216,0.023198233983216854,,,,,,,,,,,,,,,,,,
2022-06-30,2022-07,OOS,C,OK,200,190,57,21,0.12568789087144228,0.10169384158577666,0.1191187496713948,0.02399404928566562,,,,,,,,,,,,,,,,,,
2022-06-30,2022-07,OOS,D,OK,200,182,55,21,0.1259506061158997,0.10015572057514155,0.11983531424707006,0.02579488554075815,,,,,0.0,0.0,0.0,,,,,,,,,,,
2022-07-29,2022-08,OOS,A,OK,200,162,49,20,0.06133473256084465,0.05364342635201802,0.04654698179525729,0.0076913062088266315,,,,,,,,,,,,,,,,,,
2022-07-29,2022-08,OOS,B,OK,200,187,56,20,0.04822977958509367,0.05173123185429973,0.03578585722203398,-0.0035014522692060623,,,,,,,,,,,,,,,,,,
2022-07-29,2022-08,OOS,C,OK,200,187,56,20,0.042065594960517316,0.04407555564138832,0.03223651319165444,-0.0020099606808710035,,,,,,,,,,,,,,,,,,
2022-07-29,2022-08,OOS,D,OK,200,181,54,20,0.03840077861922642,0.05504522400758183,0.03498793115422716,-0.01664444538835541,,,,,0.0,0.0,0.0,1.0,0.0,1.0,0.0,,,,,,,
2022-08-30,2022-09,OOS,A,OK,200,162,49,22,-0.023697539310569504,-0.04903494270409581,-0.03405495935348035,0.025337403393526303,,,,,,,,,,,,,,,,,,
2022-08-30,2022-09,OOS,B,OK,200,186,56,22,-0.040246524569177544,-0.0515017213807899,-0.04188923755046681,0.011255196811612356,,,,,,,,,,,,,,,,,,
2022-08-30,2022-09,OOS,C,OK,200,185,56,22,-0.037655870698291016,-0.05332109753209047,-0.04366881974224823,0.01566522683379945,,,,,,,,,,,,,,,,,,
2022-08-30,2022-09,OOS,D,OK,200,180,54,22,-0.04131525802700764,-0.051904200459648275,-0.04506783401447356,0.010588942432640636,,,,,0.0,0.0,0.0,1.0,0.0,,,,,,,,,
2022-09-30,2022-10,OOS,A,OK,200,166,50,19,0.08316920250418214,0.04224408187292661,0.06285501880077948,0.04092512063125553,,,,,,,,,,,,,,,,,,
2022-09-30,2022-10,OOS,B,OK,200,190,57,19,0.061049976903126524,0.04045836350821852,0.052615607463049496,0.020591613394908004,,,,,,,,,,,,,,,,,,
2022-09-30,2022-10,OOS,C,OK,200,189,57,19,0.057865885528485705,0.038917945509587604,0.0512024127019759,0.018947940018898102,,,,,,,,,,,,,,,,,,
2022-09-30,2022-10,OOS,D,OK,200,182,55,19,0.058117575938530175,0.04570107031802029,0.05427114946295952,0.012416505620509888,,,,,0.0,0.0,0.0,2.0,0.0,1.0,0.0,,,,,,,
2022-10-31,2022-11,OOS,A,OK,200,167,50,21,0.024470192424910442,0.06625581631832556,0.04780242401359591,-0.041785623893415114,,,,,,,,,,,,,,,,,,
2022-10-31,2022-11,OOS,B,OK,200,190,57,21,0.002103853974362302,0.04962383437249862,0.025439476304208508,-0.04751998039813632,,,,,,,,,,,,,,,,,,
2022-10-31,2022-11,OOS,C,OK,200,191,57,21,0.0030948595228204034,0.04202266979578151,0.02454633084596658,-0.038927810272961105,,,,,,,,,,,,1.0,1.0,,,,,
2022-10-31,2022-11,OOS,D,OK,200,187,56,21,0.004060242872948594,0.04234223558059935,0.024296689056009013,-0.03828199270765076,,,,,0.0,0.0,0.0,,,,,1.0,1.0,,,,,
2022-11-30,2022-12,OOS,A,OK,200,170,51,22,-0.0004758224539970213,-0.019326700586289713,-0.010765071333909582,0.018850878132292692,,,,,,,,,,,,,,,,,,
2022-11-30,2022-12,OOS,B,OK,200,191,57,22,-0.03558577370401805,-0.034637437556523265,-0.027484176837970664,-0.0009483361474947882,,,,,,,,,,,,,,,,,,
2022-11-30,2022-12,OOS,C,OK,200,192,58,22,-0.03726874436642735,-0.03455444642310723,-0.027683994394742784,-0.002714297943320121,,,,,,,,,,,,,,,,,,
2022-11-30,2022-12,OOS,D,OK,200,187,56,22,-0.03709287647993065,-0.03633295755369603,-0.029131093947506126,-0.0007599189262346151,,,,,0.0,0.0,0.0,,,,,,,,,,,
2022-12-30,2023-01,OOS,A,OK,200,172,52,21,-0.05584076579576902,-0.051965455761296964,-0.044771752866847425,-0.003875310034472057,,,,,,,,,,,,,,,,,,
2022-12-30,2023-01,OOS,B,OK,200,193,58,21,-0.07322533425642486,-0.04994871389876698,-0.05241731143800299,-0.023276620357657873,,,,,,,,,,,,,,,,,,
2022-12-30,2023-01,OOS,C,OK,200,194,58,21,-0.06946299967912506,-0.04721185467778244,-0.05161526294198604,-0.02225114500134262,,,,,,,,,,,,,,,,,,
2022-12-30,2023-01,OOS,D,OK,200,190,57,21,-0.0676267301758745,-0.04115256786893551,-0.05168480884851434,-0.026474162306938998,,,,,0.0,0.0,0.0,,,,,,,,,,,
2023-01-31,2023-02,OOS,A,OK,200,172,52,20,0.010944145702636687,-0.0009613602414029199,-0.004621878376018684,0.011905505944039607,,,,,,,,,,,,,,,,,,
2023-01-31,2023-02,OOS,B,OK,200,195,59,20,-0.015985825657918507,-0.0028597784471739995,-0.01139225764367302,-0.013126047210744507,,,,,,,,,,,,,,,,,,
2023-01-31,2023-02,OOS,C,OK,200,195,59,20,-0.018760387467277928,-0.0032721155245184486,-0.012445556136154723,-0.01548827194275948,,,,,,,,,,,,,,,,,,
2023-01-31,2023-02,OOS,D,OK,200,191,57,20,-0.017966791404616544,0.0006789042818549085,-0.012169671264809168,-0.018645695686471453,,,,,0.0,0.0,0.0,1.0,0.0,,,,,,,,,
2023-02-28,2023-03,OOS,A,OK,200,174,52,21,0.013427386202228497,0.002569240244709725,0.007429493003874743,0.010858145957518772,,,,,,,,,,,,,,,,,,
2023-02-28,2023-03,OOS,B,OK,200,198,59,21,-0.003139778033945495,-0.010892042212530262,-0.004036938348982888,0.007752264178584767,,,,,,,,,,,,,,,,,,
2023-02-28,2023-03,OOS,C,OK,200,198,59,21,-0.002874845397861314,-0.012388727318012438,-0.005062547555664265,0.009513881920151124,,,,,,,,,,,,,,,,,,
2023-02-28,2023-03,OOS,D,OK,200,192,58,21,-0.006192831272891608,-0.010981419527247405,-0.0053999332941349065,0.004788588254355797,,,,,0.0,0.0,0.0,,,,,,,,,,,
2023-03-31,2023-04,OOS,A,OK,200,175,53,17,0.07922967530411928,0.06878518226886499,0.07148003132955338,0.010444493035254299,,,,,,,,,,,,,,,,,,
2023-03-31,2023-04,OOS,B,OK,200,198,59,17,0.0877877046288289,0.07190733613112688,0.07172147376244165,0.015880368497702024,,,,,,,,,,,,,,,,,,
2023-03-31,2023-04,OOS,C,OK,200,198,59,17,0.08961169298272464,0.07270288590019813,0.07175204660896872,0.01690880708252651,,,,,,,,,,,,,,,,,,
2023-03-31,2023-04,OOS,D,OK,200,191,57,17,0.09199743572897279,0.07066178953408486,0.07218956502424123,0.021335646194887925,,,,,0.0,0.0,0.0,1.0,0.0,,,,,1.0,0.0,,,
2023-04-28,2023-05,OOS,A,OK,200,175,53,22,0.03899300516727622,0.058738725320642615,0.05087425755362185,-0.019745720153366397,,,,,,,,,,,,,,,,,,
2023-04-28,2023-05,OOS,B,OK,200,196,59,22,0.05310250907072622,0.05137463784714935,0.0478327938594707,0.0017278712235768712,,,,,,,,,,,,,,,,,,
2023-04-28,2023-05,OOS,C,OK,200,196,59,22,0.04390899163898876,0.050140256350310386,0.045414028905660375,-0.006231264711321627,,,,,,,,,,,,,,,,,,
2023-04-28,2023-05,OOS,D,OK,200,190,57,22,0.04491677604920641,0.047944756031231384,0.044264282142894684,-0.0030279799820249753,,,,,0.0,0.0,0.0,,,,,,,,,,,
2023-05-31,2023-06,OOS,A,OK,200,177,53,21,0.11470228645918423,0.06658132232892822,0.08108847318166057,0.048120964130256016,,,,,,,,,,,,,,,,,,
2023-05-31,2023-06,OOS,B,OK,200,199,60,21,0.0739817390369728,0.043210371742795406,0.057386666903708194,0.0307713672941774,,,,,,,,,,,,,,,,,,
2023-05-31,2023-06,OOS,C,OK,200,199,60,21,0.07095467971278069,0.046280005831176085,0.05759765121818772,0.024674673881604603,,,,,,,,,,,,,,,,,,
2023-05-31,2023-06,OOS,D,OK,200,195,59,21,0.07156977654876395,0.0456043477651944,0.05485019185158646,0.025965428783569555,,,,,0.0,0.0,0.0,1.0,0.0,1.0,0.0,,,,,,,
2023-06-30,2023-07,OOS,A,OK,200,176,53,21,0.07784028052383363,0.061878188831452574,0.06208716083769228,0.015962091692381053,,,,,,,,,,,,,,,,,,
2023-06-30,2023-07,OOS,B,OK,200,199,60,21,0.07460177254135991,0.058113456625800586,0.05643418934745226,0.016488315915559326,,,,,,,,,,,,,,,,,,
2023-06-30,2023-07,OOS,C,OK,200,199,60,21,0.07035214006592105,0.054494947717625086,0.05304156448213515,0.015857192348295968,,,,,,,,,,,,,1.0,,,,,
2023-06-30,2023-07,OOS,D,OK,200,194,58,21,0.07111269205449022,0.05413132095273632,0.052181435350871386,0.016981371101753906,,,,,0.0,0.0,0.0,1.0,0.0,1.0,0.0,,1.0,,,,,
2023-07-31,2023-08,OOS,A,OK,200,176,53,22,0.07824906214016747,0.04263430572976379,0.04511719402253633,0.03561475641040368,,,,,,,,,,,,,,,,,,
2023-07-31,2023-08,OOS,B,OK,200,197,59,22,0.06677214633406359,0.030424876672675127,0.036825894112051394,0.03634726966138846,,,,,,,,,,,,,,,,,,
2023-07-31,2023-08,OOS,C,OK,200,197,59,22,0.06549937815824936,0.029689810400760575,0.03677962931327827,0.03580956775748878,,,,,,,,,,,,,,,,,,
2023-07-31,2023-08,OOS,D,OK,200,192,58,22,0.06153666420296422,0.023786722689596473,0.033501084797411096,0.037749941513367746,,,,,0.0,0.0,0.0,,,,,,,,,,,
2023-08-31,2023-09,OOS,A,OK,200,176,53,20,0.059900285450789514,0.012567489570232127,0.02881636678916033,0.04733279588055739,,,,,,,,,,,,,,,,,,
2023-08-31,2023-09,OOS,B,OK,200,197,59,20,0.06745897983687832,0.011465623163054994,0.02501687305497602,0.055993356673823325,,,,,,,,,,,,,,,,,,
2023-08-31,2023-09,OOS,C,OK,200,197,59,20,0.06538383692484961,0.011968019681116493,0.02533360074562996,0.05341581724373312,,,,,,,,,,,,,,,,,,
2023-08-31,2023-09,OOS,D,OK,200,191,57,20,0.06691247248487064,0.009669470263898639,0.025218400810119057,0.057243002220972006,,,,,0.0,0.0,0.0,1.0,0.0,,,,,1.0,0.0,,,
2023-09-29,2023-10,OOS,A,OK,200,177,53,20,-0.02056605175396764,-0.04009914861634378,-0.019737613996405057,0.019533096862376143,,,,,,,,,,,,,,,,,,
2023-09-29,2023-10,OOS,B,OK,200,197,59,20,-0.043835508085751096,-0.04914496980778815,-0.03567881701981712,0.005309461722037057,,,,,,,,,,,,,,,,,,
2023-09-29,2023-10,OOS,C,OK,200,197,59,20,-0.028359576983986945,-0.049884723959159216,-0.03200509472328272,0.02152514697517227,1.0,1.0,1.0,1.0,,,,,,,,,,,,,,
2023-09-29,2023-10,OOS,D,OK,200,193,58,20,-0.03966038345812073,-0.053152944053042495,-0.035925135892483806,0.013492560594921765,,,,,0.0,0.0,0.0,,,,,,,,,,,
2023-10-31,2023-11,OOS,A,OK,200,176,53,20,0.13090317940069052,0.09986074797622058,0.11588863408464722,0.03104243142446994,,,,,,,,,,,,,,,,,,
2023-10-31,2023-11,OOS,B,OK,200,197,59,20,0.13297039288072998,0.08475106349975392,0.11479698769213775,0.04821932938097606,,,,,,,,,,,,,,,,,,
2023-10-31,2023-11,OOS,C,OK,200,197,59,20,0.12762744949771365,0.08453360950584887,0.11252942071652994,0.04309383999186478,,,,,,,,,,,,,,,,,,
2023-10-31,2023-11,OOS,D,OK,200,194,58,20,0.09758872845615918,0.08330852903259833,0.09972389274833304,0.014280199423560846,,,,,58.0,58.0,194.0,,,,,,,,,,,
2023-11-30,2023-12,OOS,A,OK,200,175,53,20,0.08595754624561613,0.10706777634932929,0.0955415384035847,-0.021110230103713157,,,,,,,,,,,,,,,,,,
2023-11-30,2023-12,OOS,B,OK,200,197,59,20,0.09290785441346916,0.09227853634374661,0.08792553046306328,0.0006293180697225509,,,,,,,,,,,,,,,,,,
2023-11-30,2023-12,OOS,C,OK,200,197,59,20,0.09030898508874752,0.09227853634374661,0.08751864449596969,-0.0019695512549990912,,,1.0,0.0,,,,,,,,,,,,,,
2023-11-30,2023-12,OOS,D,OK,200,193,58,20,0.09045424074207631,0.09245850759420104,0.08682059915794182,-0.0020042668521247364,,,,,0.0,0.0,0.0,,,,,,,,,,,
2023-12-29,2024-01,OOS,A,OK,200,174,52,21,0.08811430525429231,-0.014897018528172157,0.046768096111394986,0.10301132378246447,,,,,,,,,,,,,,,,,,
2023-12-29,2024-01,OOS,B,OK,200,198,59,21,0.13592680873384855,-0.013789121980929964,0.06961298640716684,0.1497159307147785,,,,,,,,,,,,,,,,,,
2023-12-29,2024-01,OOS,C,OK,200,198,59,21,0.13592680873384855,-0.014216862724398593,0.06778016727960434,0.15014367145824714,,,1.0,0.0,,,,,,,,,,,,,,
2023-12-29,2024-01,OOS,D,OK,200,195,59,21,0.1628006321693316,0.027576432228414438,0.09272427636597924,0.13522419994091717,,,1.0,0.0,59.0,59.0,195.0,3.0,0.0,,,,,1.0,0.0,,,
2024-01-31,2024-02,OOS,A,OK,200,174,52,21,0.04476141937659994,0.019280360712771394,0.04455387388759302,0.02548105866382855,,,,,,,,,,,,,,,,,,
2024-01-31,2024-02,OOS,B,OK,200,198,59,21,0.015888114906133177,0.01747864391581877,0.02762188895397144,-0.0015905290096855929,,,,,,,,,,,,,,,,,,
2024-01-31,2024-02,OOS,C,OK,200,198,59,21,0.008711749371176802,0.020565080979024764,0.02667242835271799,-0.011853331607847961,1.0,0.0,1.0,0.0,,,,,,,,,,,,,,
2024-01-31,2024-02,OOS,D,OK,200,195,59,21,0.012646348100306959,0.01752991221085254,0.027315849180915563,-0.00488356411054558,1.0,0.0,1.0,0.0,0.0,0.0,0.0,,,,,,,,,,,
2024-02-29,2024-03,OOS,A,OK,200,174,52,18,0.012227528869132254,0.010067459941609957,0.01211141019665174,0.002160068927522296,,,,,,,,,,,,,,,,,,
2024-02-29,2024-03,OOS,B,OK,200,196,59,18,0.0015501001159579086,0.008221494886464953,0.0021145518588179257,-0.006671394770507044,,,,,,,,,,,,,,,,,,
2024-02-29,2024-03,OOS,C,OK,200,197,59,18,0.0015501001159579086,0.006889171500989333,0.0012458841651077357,-0.005339071385031424,,,,,,,,,,,,,,,,,,
2024-02-29,2024-03,OOS,D,OK,200,192,58,18,-0.0020926139912809116,0.004584947652940041,-0.004126777304768736,-0.006677561644220953,,,,,58.0,58.0,192.0,1.0,0.0,,,,,1.0,0.0,,,
2024-03-28,2024-04,OOS,A,OK,200,174,52,20,0.08312187120670966,0.06166931932536501,0.06400841542324875,0.02145255188134465,,,,,,,,,,,,,,,,,,
2024-03-28,2024-04,OOS,B,OK,200,196,59,20,0.06562092859975222,0.04216072079009692,0.04851640309213323,0.023460207809655298,,,,,,,,,,,,,,,,,,
2024-03-28,2024-04,OOS,C,OK,200,197,59,20,0.06793145750233087,0.044137785266258334,0.048539706924587644,0.02379367223607254,,,,,,,,,,,,,,,,,,
2024-03-28,2024-04,OOS,D,OK,200,191,57,20,0.06587585242661076,0.04386193064602684,0.047273155428618985,0.022013921780583923,,,,,0.0,0.0,0.0,,,,,,,,,,,
2024-04-30,2024-05,OOS,A,OK,200,175,53,21,0.07297779662782533,0.03377003464055717,0.05124173566920631,0.039207761987268164,,,,,,,,,,,,,,,,,,
2024-04-30,2024-05,OOS,B,OK,200,196,59,21,0.07810470605837772,0.01585171584903522,0.048091208054476864,0.062252990209342496,,,,,,,,,,,,,,,,,,
2024-04-30,2024-05,OOS,C,OK,200,196,59,21,0.07664174669858581,0.012914653953919109,0.04642329931891864,0.0637270927446667,,,,,,,,,,,,,,,,,,
2024-04-30,2024-05,OOS,D,OK,200,190,57,21,0.034226166139354364,0.0020596745953698203,0.027707018747776813,0.03216649154398454,,,,,57.0,57.0,190.0,,,,,,,,,,,
2024-05-31,2024-06,OOS,A,OK,200,176,53,19,0.04283350087570792,0.06910048923922019,0.05548901180487542,-0.026266988363512267,,,,,,,,,,,,,,,,,,
2024-05-31,2024-06,OOS,B,OK,200,197,59,19,0.018344256525462566,0.07428812530035844,0.04006512278997576,-0.05594386877489588,,,,,,,,,,,,,,,,,,
2024-05-31,2024-06,OOS,C,OK,200,197,59,19,0.018344256525462566,0.0752149062495282,0.04073234759458866,-0.056870649724065636,,,,,,,,,,,,,,,,,,
2024-05-31,2024-06,OOS,D,OK,200,192,58,19,0.024080095814701163,0.07512517037108424,0.04038151307778648,-0.051045074556383074,,,,,0.0,0.0,0.0,,,,,,,,,,,
2024-06-28,2024-07,OOS,A,OK,200,176,53,22,0.04678580259259535,0.0302862522571834,0.03958987457361496,0.01649955033541195,,,,,,,,,,,,,,,,,,
2024-06-28,2024-07,OOS,B,OK,200,197,59,22,0.04473465851506497,0.03676115873113939,0.03759183165038493,0.007973499783925586,,,,,,,,,,,,,,,,,,
2024-06-28,2024-07,OOS,C,OK,200,197,59,22,0.04473465851506497,0.036773992814727485,0.038641684473819105,0.007960665700337488,,,,,,,,,,,,,,,,,,
2024-06-28,2024-07,OOS,D,OK,200,191,57,22,0.04155782475675851,0.03896273503443104,0.038741630588831955,0.0025950897223274705,,,,,0.0,0.0,0.0,1.0,0.0,1.0,0.0,,,,,,,
2024-07-31,2024-08,OOS,A,OK,200,179,54,21,0.003639825943496433,0.02080964094773874,0.00878189446016231,-0.017169815004242306,,,,,,,,,,,,,,,,,,
2024-07-31,2024-08,OOS,B,OK,200,197,59,21,-0.03358008341446872,0.01572473800938723,-0.010016709226312148,-0.04930482142385595,,,,,,,,,,,,,,,,,,
2024-07-31,2024-08,OOS,C,OK,200,198,59,21,-0.03358008341446872,0.01702986232277448,-0.00908408353860457,-0.0506099457372432,,,,,,,,,,,,,,,,,,
2024-07-31,2024-08,OOS,D,OK,200,193,58,21,-0.023558861983719925,0.01903215782318024,-0.006635826629340036,-0.042591019806900166,,,,,0.0,0.0,0.0,,,,,,,,,,,
2024-08-30,2024-09,OOS,A,OK,200,177,53,21,0.027317714117784053,0.03285808538025092,0.02476443201284173,-0.00554037126246687,,,,,,,,,,,,,,,,,,
2024-08-30,2024-09,OOS,B,OK,200,198,59,21,-0.009295299848371075,0.020571625823462503,0.008367477421088676,-0.029866925671833577,,,,,,,,,,,,,,,,,,
2024-08-30,2024-09,OOS,C,OK,200,197,59,21,-0.00900045050804854,0.023154566064935933,0.008603808412027236,-0.032155016572984474,1.0,0.0,1.0,0.0,,,,,,,,,,,,,,
2024-08-30,2024-09,OOS,D,OK,200,190,57,21,-0.0076635298605578495,0.029032230212025834,0.010078484273297716,-0.03669576007258368,,,,,0.0,0.0,0.0,,,,,,,,,,,
2024-09-30,2024-10,OOS,A,OK,200,178,53,22,-0.05847139308448768,-0.067422561228901,-0.05546050220522036,0.008951168144413324,,,,,,,,,,,,,,,,,,
2024-09-30,2024-10,OOS,B,OK,200,198,59,22,-0.07609200301657815,-0.07284670285600736,-0.06878139139803874,-0.0032453001605707854,,,,,,,,,,,,,,,,,,
2024-09-30,2024-10,OOS,C,OK,200,197,59,22,-0.07717627611988442,-0.07445318142706181,-0.06884577619213328,-0.002723094692822614,,,,,,,,,,,,,,,,,,
2024-09-30,2024-10,OOS,D,OK,200,192,58,22,-0.07052105465179614,-0.074901970093184,-0.06815719656477581,0.004380915441387856,,,,,0.0,0.0,0.0,,,,,,,,,,,
2024-10-31,2024-11,OOS,A,OK,200,175,53,19,0.018179078507774893,-0.011764225139840323,0.005132822584400287,0.029943303647615216,,,,,,,,,,,,,,,,,,
2024-10-31,2024-11,OOS,B,OK,200,195,59,19,0.012433384346564491,-0.020037532168045047,-0.0012999870017843529,0.03247091651460954,,,,,,,,,,,,,,,,,,
2024-10-31,2024-11,OOS,C,OK,200,195,59,19,0.01441301088744984,-0.01552640476027245,6.8621788629208424e-06,0.02993941564772229,,,,,,,,,,,,,,,,,,
2024-10-31,2024-11,OOS,D,OK,200,191,57,19,0.015961397095742402,-0.012817591216503832,0.0012426869078474567,0.028778988312246234,,,,,0.0,0.0,0.0,1.0,0.0,1.0,0.0,,,,,,,
2024-11-29,2024-12,OOS,A,OK,200,176,53,21,0.01885344285932722,-0.013609671927607758,-0.00890257550673712,0.03246311478693498,,,,,,,,,,,,,,,,,,
2024-11-29,2024-12,OOS,B,OK,200,196,59,21,0.0059553516918611216,-0.014178518176021226,-0.009692323035382366,0.020133869867882348,,,,,,,,,,,,,,,,,,
2024-11-29,2024-12,OOS,C,OK,200,196,59,21,0.0024376462772326413,-0.014678420105842305,-0.010845507927423781,0.017116066383074946,,,,,,,,,,,,,,,,,,
2024-11-29,2024-12,OOS,D,OK,200,193,58,21,0.007734486212436664,-0.015790629599279238,-0.010121766082511696,0.023525115811715902,,,,,0.0,0.0,0.0,,,,,,,,,,,
2024-12-31,2025-01,OOS,A,OK,200,177,53,23,-0.14222722945031885,-0.012872707244714232,-0.07178927781705036,-0.12935452220560462,,,,,,,,,,,,,,,,,,
2024-12-31,2025-01,OOS,B,OK,200,195,59,23,-0.1345925161663789,-0.017715019316890013,-0.0720689605574576,-0.1168774968494889,,,,,,,,,,,,,,,,,,
2024-12-31,2025-01,OOS,C,OK,200,195,59,23,-0.134502147761148,-0.01558482967285213,-0.07214441229676205,-0.11891731808829586,,,,,,,,,,,,,,,,,,
2024-12-31,2025-01,OOS,D,OK,200,191,57,23,-0.11767836751520466,-0.008510761200085426,-0.05958794449460669,-0.10916760631511924,,,,,57.0,57.0,191.0,1.0,0.0,1.0,0.0,,,,,,,
2025-01-31,2025-02,OOS,A,OK,200,178,53,19,-0.09919096818888062,-0.07673949736104191,-0.08326717796089811,-0.022451470827838715,,,,,,,,,,,,,,,,,,
2025-01-31,2025-02,OOS,B,OK,200,192,58,19,-0.10617176985938992,-0.08327431682027098,-0.09180590891757612,-0.022897453039118942,,,,,,,,,,,,,,,,,,
2025-01-31,2025-02,OOS,C,OK,200,192,58,19,-0.10617176985938992,-0.08327431682027098,-0.09283792880081554,-0.022897453039118942,,,,,,,,,,,,,,,,,,
2025-01-31,2025-02,OOS,D,OK,200,186,56,19,-0.09533563870638218,-0.07856284671839842,-0.09030006207928165,-0.01677279198798376,,,,,0.0,0.0,0.0,,,,,,,,,,,
2025-02-28,2025-03,OOS,A,OK,200,178,53,19,0.09640875907325808,0.1037605012743874,0.08479472623021533,-0.00735174220112933,,,,,,,,,,,,,,,,,,
2025-02-28,2025-03,OOS,B,OK,200,187,56,19,0.08940562577349698,0.09005280913625913,0.07974677910189243,-0.0006471833627621493,,,,,,,,,,,,,,,,,,
2025-02-28,2025-03,OOS,C,OK,200,187,56,19,0.08940562577349698,0.08865378926817358,0.07900068764613799,0.0007518365053234,,,,,,,,,,,,,,,,,,
2025-02-28,2025-03,OOS,D,OK,200,183,55,19,0.09124487694610472,0.09202418887937136,0.0795093149241064,-0.0007793119332666354,,,,,0.0,0.0,0.0,,,,,,,,,,,
2025-03-28,2025-04,OOS,A,OK,200,179,54,19,0.03604349982214772,0.0388159665109995,0.04479232701326841,-0.0027724666888517824,,,,,,,,,,,,,,,,,,
2025-03-28,2025-04,OOS,B,OK,200,185,56,19,0.03329234178933538,0.028157254949567667,0.03336026077395915,0.005135086839767711,,,,,,,,,,,,,,,,,,
2025-03-28,2025-04,OOS,C,OK,200,186,56,19,0.03329234178933538,0.02616472645226109,0.03241125334264039,0.007127615337074289,,,,,,,,,,,,,,,,,,
2025-03-28,2025-04,OOS,D,OK,200,181,54,19,0.03438856712799132,0.035208728258627975,0.03401612181281566,-0.0008201611306366541,,,,,0.0,0.0,0.0,1.0,0.0,,,,,,,,,
2025-04-30,2025-05,OOS,A,OK,200,180,54,21,0.06974226621649282,0.10098758106485373,0.0822218308824878,-0.031245314848360906,,,,,,,,,,,,,,,,,,
2025-04-30,2025-05,OOS,B,OK,200,188,56,21,0.06361605625256583,0.09438030927572716,0.0686680862897131,-0.030764253023161325,,,,,,,,,,,,,,,,,,
2025-04-30,2025-05,OOS,C,OK,200,188,56,21,0.07322120958444467,0.09480650510011834,0.07205008208286201,-0.021585295515673675,,,,,,,,,,,,,,,,,,
2025-04-30,2025-05,OOS,D,OK,200,182,55,21,0.0649246004662205,0.08898972793610782,0.06836498003410729,-0.024065127469887315,,,,,0.0,0.0,0.0,,,,,,,,,,,
2025-05-30,2025-06,OOS,A,OK,200,180,54,21,0.057701843459427415,0.03339920107096117,0.043609037701431985,0.024302642388466245,,,,,,,,,,,,,,,,,,
2025-05-30,2025-06,OOS,B,OK,200,190,57,21,0.05831245415452435,0.028340073036136948,0.036707409470558394,0.029972381118387403,,,,,,,,,,,,,,,,,,
2025-05-30,2025-06,OOS,C,OK,200,191,57,21,0.04778294107255254,0.028849910301871562,0.03321208108062024,0.01893303077068098,1.0,1.0,1.0,1.0,,,,,,,,,1.0,,,1.0,,
2025-05-30,2025-06,OOS,D,OK,200,184,55,21,0.06113496999635837,0.025814656600683383,0.036679818672970876,0.035320313395674985,,,,,0.0,0.0,0.0,,,,,,,,,,,
2025-06-30,2025-07,OOS,A,OK,200,182,55,23,-0.02645433387511109,-0.051266079524830754,-0.04190667584833807,0.024811745649719663,,,,,,,,,,,,,,,,,,
2025-06-30,2025-07,OOS,B,OK,200,193,58,23,-0.03613715623136815,-0.060040548018732265,-0.05212905511838284,0.023903391787364114,,,,,,,,,,,,,,,,,,
2025-06-30,2025-07,OOS,C,OK,200,193,58,23,-0.03613715623136815,-0.06045133013814474,-0.052730103000594664,0.024314173906776593,,,,,,,,,,,,,,,,,,
2025-06-30,2025-07,OOS,D,OK,200,187,56,23,-0.04292240615270615,-0.052606908628160975,-0.050151104427190174,0.009684502475454826,,,,,0.0,0.0,0.0,2.0,0.0,,,,,1.0,0.0,,,
2025-07-31,2025-08,OOS,A,OK,200,180,54,19,0.025187755018165392,0.0031875461299226693,0.014269981886624095,0.022000208888242723,,,,,,,,,,,,,,,,,,
2025-07-31,2025-08,OOS,B,OK,200,191,57,19,0.013443052438143921,-0.001147074056358166,0.010699236634720277,0.014590126494502087,,,,,,,,,,,,,,,,,,
2025-07-31,2025-08,OOS,C,OK,200,191,57,19,0.013443052438143921,-0.001147074056358166,0.010699236634720277,0.014590126494502087,,,,,,,,,,,,,,,,,,
2025-07-31,2025-08,OOS,D,OK,200,187,56,19,0.007355551645389147,0.00969184258227851,0.010524186618913411,-0.0023362909368893625,,,,,0.0,0.0,0.0,1.0,0.0,,,,,,,,,
2025-08-29,2025-09,OOS,A,OK,200,180,54,22,0.026949178203290236,0.05020720121517197,0.035489044714956064,-0.023258023011881734,,,,,,,,,,,,,,,,,,
2025-08-29,2025-09,OOS,B,OK,200,189,57,22,0.0033497105298836427,0.03576163036067537,0.022474976901530885,-0.032411919830791724,,,,,,,,,,,,,,,,,,
2025-08-29,2025-09,OOS,C,OK,200,189,57,22,0.0033497105298836427,0.030117719045896774,0.0207728449177087,-0.02676800851601313,,,1.0,1.0,,,,,,,,,,,,,1.0,1.0
2025-08-29,2025-09,OOS,D,OK,200,183,55,22,0.006673733577647889,0.025509729650252,0.020196424708397,-0.01883599607260411,,,1.0,1.0,0.0,0.0,0.0,1.0,0.0,,,,,,,,1.0,1.0
2025-09-30,2025-10,OOS,A,OK,200,180,54,21,0.05138063791003811,0.04563591499320707,0.04935007455346274,0.005744722916831035,,,,,,,,,,,,,,,,,,
2025-09-30,2025-10,OOS,B,OK,200,189,57,21,0.033424297374719414,0.03805988055905596,0.040605720535970224,-0.004635583184336545,,,,,,,,,,,,,,,,,,
2025-09-30,2025-10,OOS,C,OK,200,189,57,21,0.033424297374719414,0.03805988055905596,0.040605720535970224,-0.004635583184336545,,,,,,,,,,,,,,,,,,
2025-09-30,2025-10,OOS,D,OK,200,184,55,21,0.032825506506714675,0.045244017828488525,0.043058780171659095,-0.01241851132177385,,,,,0.0,0.0,0.0,1.0,0.0,1.0,0.0,,,,,,,
2025-10-31,2025-11,OOS,A,OK,200,184,55,19,0.014619687916329616,-0.0050731232568328455,0.004254998661835208,0.01969281117316246,,,,,,,,,,,,,,,,,,
2025-10-31,2025-11,OOS,B,OK,200,190,57,19,-0.0010074294970872089,-0.004228476164936379,-0.004789470805836471,0.00322104666784917,,,,,,,,,,,,,,,,,,
2025-10-31,2025-11,OOS,C,OK,200,190,57,19,-0.0010074294970872089,-0.004228476164936379,-0.004789470805836471,0.00322104666784917,,,,,,,,,,,,,,,,,,
2025-10-31,2025-11,OOS,D,OK,200,184,55,19,-0.0033949558925417955,-0.011948122076214318,-0.0053158819252626666,0.008553166183672523,,,,,0.0,0.0,0.0,1.0,0.0,1.0,0.0,,,,,,,
2025-11-28,2025-12,OOS,A,OK,200,186,56,22,0.008733856703194043,-0.011421111799490125,0.0031681803745011727,0.020154968502684167,,,,,,,,,,,,,,,,,,
2025-11-28,2025-12,OOS,B,OK,200,191,57,22,-0.003894419337668209,-0.00875385925922767,0.0013163869927830252,0.004859439921559461,,,,,,,,,,,,,,,,,,
2025-11-28,2025-12,OOS,C,OK,200,191,57,22,-0.003894419337668209,-0.00875385925922767,0.0013163869927830252,0.004859439921559461,,,,,,,,,,,,,,,,,,
2025-11-28,2025-12,OOS,D,OK,200,184,55,22,0.009177583028794567,-0.009026016095491252,0.0024087379862884895,0.01820359912428582,,,,,0.0,0.0,0.0,1.0,0.0,,,,,,,,,
2025-12-31,2026-01,OOS,A,OK,200,189,57,20,-0.04011007560879709,-0.0538459302407448,-0.038165108234290424,0.013735854631947708,,,,,,,,,,,,,,,,,,
2025-12-31,2026-01,OOS,B,OK,200,194,58,20,-0.044613727782685575,-0.059807518231804635,-0.046514146147111246,0.01519379044911906,,,,,,,,,,,,,,,,,,
2025-12-31,2026-01,OOS,C,OK,200,194,58,20,-0.04443463838253048,-0.061412840761280396,-0.04649221351587829,0.016978202378749918,,,,,,,,,,,,,,,,,,
2025-12-31,2026-01,OOS,D,OK,200,184,55,20,-0.011047742588699339,-0.05027645357028676,-0.029053774915698938,0.03922871098158742,,,,,55.0,55.0,184.0,,,,,,,,,,,
2026-01-30,2026-02,OOS,A,OK,200,191,57,20,0.05312949842627224,-0.00905918685224294,0.02543489049455272,0.06218868527851518,,,,,,,,,,,,,,,,,,
2026-01-30,2026-02,OOS,B,OK,200,191,57,20,0.04667329960702671,-0.023676916838002326,0.01651546028619033,0.07035021644502903,,,,,,,,,,,,,,,,,,
2026-01-30,2026-02,OOS,C,OK,200,192,58,20,0.0499032476511545,-0.0207680108264372,0.01832591272194417,0.0706712584775917,,,,,,,,,,,,,,,,,,
2026-01-30,2026-02,OOS,D,OK,200,182,55,20,0.05876512401246625,-0.016705240263355514,0.01955388593372942,0.07547036427582177,,,,,0.0,0.0,0.0,,,,,,,,,,,
2026-02-27,2026-03,OOS,A,OK,200,191,57,19,-0.0714103248524317,-0.07049871555159948,-0.06925263290530825,-0.0009116093008322279,,,,,,,,,,,,,,,,,,
2026-02-27,2026-03,OOS,B,OK,200,191,57,19,-0.08573451687349798,-0.07232234777474289,-0.07339131212329708,-0.013412169098755089,,,,,,,,,,,,,,,,,,
2026-02-27,2026-03,OOS,C,OK,200,191,57,19,-0.08455573364173063,-0.06909598225131863,-0.07272403958199813,-0.015459751390412002,,,,,,,,,,,,,,,,,,
2026-02-27,2026-03,OOS,D,OK,200,181,54,19,-0.07952090301247738,-0.06736266039860539,-0.073510180395286,-0.012158242613871995,,,,,0.0,0.0,0.0,1.0,0.0,,,,,1.0,0.0,,,
2026-03-30,2026-04,OOS,A,OK,200,191,57,20,0.12180273099123706,0.1425539473909514,0.13215630616220975,-0.020751216399714334,,,,,,,,,,,,,,,,,,
2026-03-30,2026-04,OOS,B,OK,200,193,58,20,0.10026797289324496,0.11826219694156914,0.11694030232774977,-0.01799422404832418,,,,,,,,,,,,,,,,,,
2026-03-30,2026-04,OOS,C,OK,200,193,58,20,0.12354899583553891,0.13151502875580867,0.12786734981200443,-0.007966032920269761,,,,,,,,,,,,,,,,,,
2026-03-30,2026-04,OOS,D,OK,200,183,55,20,0.12169592666477125,0.10784822348172018,0.12269655834718685,0.013847703183051063,,,,,0.0,0.0,0.0,1.0,0.0,,,,,1.0,0.0,,,
2026-04-30,2026-05,OOS,A,OK,200,191,57,19,0.032189140310943776,-0.007799682597835367,0.014255256943421113,0.03998882290877914,,,,,,,,,,,,,,,,,,
2026-04-30,2026-05,OOS,B,OK,200,194,58,19,0.021789219295589968,-0.021372863589124713,-0.0006517113660129414,0.04316208288471468,,,,,,,,,,,,,,,,,,
2026-04-30,2026-05,OOS,C,OK,200,194,58,19,0.024042941721969857,-0.01177236566198625,0.0028923338943174226,0.03581530738395611,1.0,0.0,1.0,0.0,,,,,,,,,,,,,,
2026-04-30,2026-05,OOS,D,OK,200,186,56,19,0.021181775082747434,-0.02408540961203598,0.0018897941201900803,0.04526718469478341,1.0,0.0,1.0,0.0,0.0,0.0,0.0,,,,,,,,,,,
2026-05-29,2026-06,OOS,A,OK,200,192,58,21,0.042405370899744055,0.0493065069886911,0.04028091402421752,-0.006901136088947046,,,,,,,,,,,,,,,,,,
2026-05-29,2026-06,OOS,B,OK,200,194,58,21,0.026727430724413415,0.021530016638072746,0.023417108332572933,0.005197414086340668,,,,,,,,,,,,,,,,,,
2026-05-29,2026-06,OOS,C,OK,200,194,58,21,0.023838227767591258,0.018271863000946187,0.022637173322858972,0.005566364766645071,,,,,,,,,,,,,1.0,,,1.0,,
2026-05-29,2026-06,OOS,D,OK,200,185,56,21,0.01424499693293102,0.024152933991135273,0.020917810673021453,-0.009907937058204253,,,,,0.0,0.0,0.0,,,,,,1.0,,,1.0,,
2026-06-30,2026-07,OOS,A,OK,200,192,58,23,0.03085413484773003,0.0754233150633854,0.04478599142966733,-0.04456918021565537,,,,,,,,,,,,,,,,,,
2026-06-30,2026-07,OOS,B,OK,200,192,58,23,0.016996403665145987,0.06783481117965051,0.031227529931087572,-0.050838407514504524,,,,,,,,,,,,,,,,,,
2026-06-30,2026-07,OOS,C,OK,200,192,58,23,0.014009061351379692,0.06783481117965051,0.03032510360713725,-0.05382574982827082,,,,,,,,,,,,,,,,,,
2026-06-30,2026-07,OOS,D,OK,200,183,55,23,0.009093400337973678,0.07513912035752468,0.031484161100933994,-0.066045720019551,,,,,0.0,0.0,0.0,,,,,,,,,,,
2026-07-31,2026-08,OOS,A,OK,200,193,58,21,0.05770072443654417,-0.022617526551169442,0.009493053656392414,0.08031825098771361,,,,,,,,,,,,,,,,,,
2026-07-31,2026-08,OOS,B,OK,200,195,59,21,0.026252866831567356,-0.030322433580476815,-0.007919604744760056,0.05657530041204417,,,,,,,,,,,,,,,,,,
2026-07-31,2026-08,OOS,C,OK,200,195,59,21,0.029050636794671014,-0.028513794836637185,-0.007757254215372433,0.0575644316313082,,,,,,,,,,,,,1.0,,,,,
2026-07-31,2026-08,OOS,D,OK,200,187,56,21,0.027355382221588176,-0.030819042839380306,-0.00771489735362596,0.05817442506096848,,,,,0.0,0.0,0.0,,,,,,1.0,,,,,
