t,holding_month,sample,delta,paired,reason
2012-06-29,2012-07,PRIMARY,-1.1192248570328633,True,
2012-07-31,2012-08,PRIMARY,-1.0969017808018067,True,
2012-08-31,2012-09,PRIMARY,0.7013617502597658,True,
2012-09-28,2012-10,PRIMARY,-3.0184013784002373,True,
2012-10-31,2012-11,PRIMARY,1.0108620041006988,True,
2012-11-30,2012-12,PRIMARY,0.7631447356825527,True,
2012-12-31,2013-01,PRIMARY,0.18866835341924126,True,
2013-01-31,2013-02,PRIMARY,2.9445591658861514,True,
2013-02-28,2013-03,PRIMARY,0.1845606904033681,True,
2013-03-28,2013-04,PRIMARY,3.038163137167693,True,
2013-04-30,2013-05,PRIMARY,-2.6979376508498354,True,
2013-05-31,2013-06,PRIMARY,-1.9753439258078154,True,
2013-06-28,2013-07,PRIMARY,0.2534095635874256,True,
2013-07-31,2013-08,PRIMARY,-0.8043029083419917,True,
2013-08-30,2013-09,PRIMARY,2.173885417932375,True,
2013-09-30,2013-10,PRIMARY,1.324966074232825,True,
2013-10-31,2013-11,PRIMARY,-2.1268084576949287,True,
2013-11-29,2013-12,PRIMARY,-4.231812634275123,True,
2013-12-31,2014-01,PRIMARY,-4.163298590113607,True,
2014-01-31,2014-02,PRIMARY,-1.39818226141597,True,
2014-02-28,2014-03,PRIMARY,-2.6207918122648666,True,
2014-03-31,2014-04,PRIMARY,-0.6553866584439128,True,
2014-04-30,2014-05,PRIMARY,3.8213927618098387,True,
2014-05-30,2014-06,PRIMARY,0.07953720698889999,True,
2014-06-30,2014-07,PRIMARY,-2.1434050474923416,True,
2014-07-31,2014-08,PRIMARY,0.8475191845713992,True,
2014-08-28,2014-09,PRIMARY,-0.6548432896727796,True,
2014-09-30,2014-10,PRIMARY,0.3230170954307443,True,
2014-10-31,2014-11,PRIMARY,5.386469854865483,True,
2014-11-28,2014-12,PRIMARY,0.8167494273788156,True,
2014-12-31,2015-01,PRIMARY,-0.31285215323149096,True,
2015-01-30,2015-02,PRIMARY,3.6927567488854396,True,
2015-02-27,2015-03,PRIMARY,0.1957331289522357,True,
2015-03-31,2015-04,PRIMARY,-0.06935728033040656,True,
2015-04-30,2015-05,PRIMARY,-2.2216843508285455,True,
2015-05-29,2015-06,PRIMARY,-0.12871696534524357,True,
2015-06-30,2015-07,PRIMARY,0.40815783319851917,True,
2015-07-31,2015-08,PRIMARY,-2.126673120280198,True,
2015-08-31,2015-09,PRIMARY,-2.914608331126489,True,
2015-09-30,2015-10,PRIMARY,2.4601103830098725,True,
2015-10-30,2015-11,PRIMARY,0.6093116024153633,True,
2015-11-30,2015-12,PRIMARY,0.6863886503503003,True,
2015-12-31,2016-01,PRIMARY,1.4309148254613824,True,
2016-01-29,2016-02,PRIMARY,2.0615159092035484,True,
2016-02-29,2016-03,PRIMARY,-0.33313172513609324,True,
2016-03-31,2016-04,PRIMARY,1.7862723710217132,True,
2016-04-29,2016-05,PRIMARY,0.43237371937071556,True,
2016-05-31,2016-06,PRIMARY,1.1572484012106976,True,
2016-06-30,2016-07,PRIMARY,1.456310250922832,True,
2016-07-29,2016-08,PRIMARY,-2.192151113522045,True,
2016-08-31,2016-09,PRIMARY,0.16961868751861342,True,
2016-09-30,2016-10,PRIMARY,2.1153448547483356,True,
2016-10-28,2016-11,PRIMARY,-1.2584265357631463,True,
2016-11-30,2016-12,PRIMARY,-0.39018908277826947,True,
2016-12-30,2017-01,PRIMARY,3.4625503081747944,True,
2017-01-31,2017-02,PRIMARY,0.3811490937578821,True,
2017-02-28,2017-03,PRIMARY,-1.264903815699081,True,
2017-03-31,2017-04,PRIMARY,1.9275161946879393,True,
2017-04-28,2017-05,PRIMARY,0.9453931554764372,True,
2017-05-31,2017-06,PRIMARY,-3.2395439222390854,True,
2017-06-30,2017-07,PRIMARY,4.351870679638026,True,
2017-07-31,2017-08,PRIMARY,4.803451476263032,True,
2017-08-31,2017-09,PRIMARY,0.7935072781819041,True,
2017-09-29,2017-10,PRIMARY,-1.831644542122124,True,
2017-10-31,2017-11,PRIMARY,-2.224623855725205,True,
2017-11-30,2017-12,PRIMARY,-1.7701618338134217,True,
2017-12-29,2018-01,PRIMARY,-0.0969786724863142,True,
2018-01-31,2018-02,PRIMARY,1.6115249388701791,True,
2018-02-28,2018-03,PRIMARY,-3.1228031665404776,True,
2018-03-28,2018-04,PRIMARY,-3.2757476980038613,True,
2018-04-30,2018-05,PRIMARY,1.7552718532744649,True,
2018-05-31,2018-06,PRIMARY,-0.7016976633799965,True,
2018-06-29,2018-07,PRIMARY,1.9056346153903059,True,
2018-07-31,2018-08,PRIMARY,0.7325725706047725,True,
2018-08-31,2018-09,PRIMARY,-1.1271187462689625,True,
2018-09-28,2018-10,PRIMARY,3.1445510064334936,True,
2018-10-31,2018-11,PRIMARY,0.908502929057331,True,
2018-11-30,2018-12,PRIMARY,1.194756363841809,True,
2018-12-31,2019-01,PRIMARY,1.2337994428600507,True,
2019-01-31,2019-02,PRIMARY,1.3643360300866214,True,
2019-02-28,2019-03,PRIMARY,1.4540887935324598,True,
2019-03-29,2019-04,PRIMARY,-4.260306963215543,True,
2019-04-30,2019-05,PRIMARY,-0.09314573614520594,True,
2019-05-31,2019-06,PRIMARY,-1.7388085770936645,True,
2019-06-28,2019-07,PRIMARY,0.36095567688501085,True,
2019-07-31,2019-08,PRIMARY,-3.055939612133518,True,
2019-08-30,2019-09,PRIMARY,-0.5386431487959475,True,
2019-09-30,2019-10,PRIMARY,-1.5605869509628834,True,
2019-10-31,2019-11,PRIMARY,1.7207623164860908,True,
2019-11-29,2019-12,PRIMARY,2.7007797632309427,True,
2019-12-31,2020-01,PRIMARY,-0.11698907268736791,True,
2020-01-31,2020-02,PRIMARY,-0.9844752630797093,True,
2020-02-28,2020-03,PRIMARY,-6.86254061494358,True,
2020-03-31,2020-04,PRIMARY,-4.0558188268995155,True,
2020-04-30,2020-05,PRIMARY,4.213492121454876,True,
2020-05-29,2020-06,PRIMARY,-6.789778257514478,True,
2020-06-30,2020-07,PRIMARY,5.543312719281368,True,
2020-07-31,2020-08,PRIMARY,0.6621051588504345,True,
2020-08-31,2020-09,PRIMARY,0.3093840775335699,True,
2020-09-30,2020-10,PRIMARY,3.114053806067374,True,
2020-10-30,2020-11,PRIMARY,-3.46865080588159,True,
2020-11-27,2020-12,PRIMARY,-1.2425867011476743,True,
2020-12-31,2021-01,PRIMARY,-3.5046659995244367,True,
2021-01-29,2021-02,PRIMARY,-0.1888740638863462,True,
2021-02-26,2021-03,PRIMARY,2.69332868961375,True,
2021-03-31,2021-04,PRIMARY,1.4683413769738474,True,
2021-04-30,2021-05,PRIMARY,0.1161148027823744,True,
2021-05-31,2021-06,PRIMARY,0.6420599052684661,True,
2021-06-30,2021-07,PRIMARY,-3.615038173912022,True,
2021-07-30,2021-08,PRIMARY,-0.8689358911235123,True,
2021-08-31,2021-09,PRIMARY,-2.2805351191438117,True,
2021-09-30,2021-10,PRIMARY,3.272909792008838,True,
2021-10-29,2021-11,PRIMARY,-1.727811029820847,True,
2021-11-30,2021-12,PRIMARY,-1.7388482089232493,True,
