t,step,portfolio,kind,entity,date,ret1_1_status
2012-07-31,C,W,EXIT_GAP_BOOKED_FLAGGED_ROW,WOCKPHARMA|NOISIN|2,2013-03-01,MULTI_SESSION_GAP
2012-07-31,C,L,EXIT_GAP_BOOKED_FLAGGED_ROW,SKSMICRO|NOISIN|1,2012-12-03,MULTI_SESSION_GAP
2012-07-31,C,BM,EXIT_GAP_BOOKED_FLAGGED_ROW,SKSMICRO|NOISIN|1,2012-12-03,MULTI_SESSION_GAP
2012-07-31,C,BM,EXIT_GAP_BOOKED_FLAGGED_ROW,WOCKPHARMA|NOISIN|2,2013-03-01,MULTI_SESSION_GAP
2012-07-31,D,W,EXIT_GAP_BOOKED_FLAGGED_ROW,WOCKPHARMA|NOISIN|2,2013-03-01,MULTI_SESSION_GAP
2012-07-31,D,L,EXIT_GAP_BOOKED_FLAGGED_ROW,SKSMICRO|NOISIN|1,2012-12-03,MULTI_SESSION_GAP
2012-07-31,D,BM,EXIT_GAP_BOOKED_FLAGGED_ROW,SKSMICRO|NOISIN|1,2012-12-03,MULTI_SESSION_GAP
2012-07-31,D,BM,EXIT_GAP_BOOKED_FLAGGED_ROW,WOCKPHARMA|NOISIN|2,2013-03-01,MULTI_SESSION_GAP
2012-08-31,D,W,NEUTRAL_FILL,BAJAJFINSV|NOISIN|1,2012-09-06,EVENT_UNADJUSTABLE
2012-08-31,D,BM,NEUTRAL_FILL,BAJAJFINSV|NOISIN|1,2012-09-06,EVENT_UNADJUSTABLE
2012-11-30,C,BM,EXIT_GAP_BOOKED,L&TFH|INE498L01015|1,2013-03-01,MULTI_SESSION_GAP
2012-11-30,D,BM,EXIT_GAP_BOOKED,L&TFH|INE498L01015|1,2013-03-01,MULTI_SESSION_GAP
2012-12-31,D,BM,NEUTRAL_FILL,BHUSANSTL|NOISIN|1,2013-01-15,EVENT_UNADJUSTABLE
2013-01-31,D,L,NEUTRAL_FILL,ALOKTEXT|NOISIN|1,2013-02-15,EVENT_UNADJUSTABLE
2013-01-31,D,L,NEUTRAL_FILL,SUZLON|NOISIN|1,2013-02-28,UNEXPLAINED_JUMP
2013-01-31,D,BM,NEUTRAL_FILL,ALOKTEXT|NOISIN|1,2013-02-15,EVENT_UNADJUSTABLE
2013-01-31,D,BM,NEUTRAL_FILL,SUZLON|NOISIN|1,2013-02-28,UNEXPLAINED_JUMP
2013-02-28,C,W,DELISTING_RETURN,INDIABULLS|NOISIN|1,2013-04-01,
2013-02-28,C,BM,DELISTING_RETURN,INDIABULLS|NOISIN|1,2013-04-01,
2013-02-28,D,W,DELISTING_RETURN,INDIABULLS|NOISIN|1,2013-04-01,
2013-02-28,D,BM,DELISTING_RETURN,INDIABULLS|NOISIN|1,2013-04-01,
2013-03-28,D,BM,NEUTRAL_FILL,WIPRO|NOISIN|1,2013-04-09,EVENT_UNADJUSTABLE
2013-03-28,D,BM,NEUTRAL_FILL,PANTALOONR|NOISIN|1,2013-04-17,EVENT_UNADJUSTABLE
2013-04-30,D,L,NEUTRAL_FILL,OPTOCIRCUI|NOISIN|1,2013-05-31,UNEXPLAINED_JUMP
2013-04-30,D,BM,NEUTRAL_FILL,OPTOCIRCUI|NOISIN|1,2013-05-31,UNEXPLAINED_JUMP
2013-05-31,C,L,DELISTING_RETURN,ISPATIND|NOISIN|1,2013-07-01,
2013-05-31,C,BM,DELISTING_RETURN,ISPATIND|NOISIN|1,2013-07-01,
2013-05-31,D,L,DELISTING_RETURN,ISPATIND|NOISIN|1,2013-07-01,
2013-05-31,D,BM,DELISTING_RETURN,ISPATIND|NOISIN|1,2013-07-01,
2013-06-28,C,W,DELISTING_RETURN,SATYAMCOMP|NOISIN|1,2013-08-01,
2013-06-28,C,BM,DELISTING_RETURN,SATYAMCOMP|NOISIN|1,2013-08-01,
2013-06-28,D,W,DELISTING_RETURN,SATYAMCOMP|NOISIN|1,2013-08-01,
2013-06-28,D,BM,NEUTRAL_FILL,FINANTECH|NOISIN|2,2013-08-01,UNEXPLAINED_JUMP
2013-06-28,D,BM,DELISTING_RETURN,SATYAMCOMP|NOISIN|1,2013-08-01,
2013-07-31,C,L,DELISTING_RETURN,STER|NOISIN|1,2013-09-02,
2013-07-31,C,BM,DELISTING_RETURN,STER|NOISIN|1,2013-09-02,
2013-07-31,D,L,DELISTING_RETURN,STER|NOISIN|1,2013-09-02,
2013-07-31,D,BM,DELISTING_RETURN,STER|NOISIN|1,2013-09-02,
2013-08-30,D,L,NEUTRAL_FILL,RANBAXY|NOISIN|1,2013-09-16,UNEXPLAINED_JUMP
2013-08-30,D,BM,NEUTRAL_FILL,RANBAXY|NOISIN|1,2013-09-16,UNEXPLAINED_JUMP
2013-09-30,C,W,EXIT_GAP_BOOKED,MARICOIND|NOISIN|1,2013-11-18,MULTI_SESSION_GAP
2013-09-30,C,BM,EXIT_GAP_BOOKED,MARICOIND|NOISIN|1,2013-11-18,MULTI_SESSION_GAP
2013-09-30,D,BM,EXIT_GAP_BOOKED,MARICOIND|NOISIN|1,2013-11-18,MULTI_SESSION_GAP
2013-10-31,C,L,EXIT_GAP_BOOKED_FLAGGED_ROW,BFUTILITIE|NOISIN|1,2014-03-03,MULTI_SESSION_GAP
2013-10-31,C,BM,EXIT_GAP_BOOKED_FLAGGED_ROW,BFUTILITIE|NOISIN|1,2014-03-03,MULTI_SESSION_GAP
2013-10-31,D,L,EXIT_GAP_BOOKED_FLAGGED_ROW,BFUTILITIE|NOISIN|1,2014-03-03,MULTI_SESSION_GAP
2013-10-31,D,BM,NEUTRAL_FILL,OMAXE|NOISIN|1,2013-11-11,VALIDATED_LARGE_RESIDUAL
2013-10-31,D,BM,EXIT_GAP_BOOKED_FLAGGED_ROW,BFUTILITIE|NOISIN|1,2014-03-03,MULTI_SESSION_GAP
2013-11-29,D,L,NEUTRAL_FILL,STAR|NOISIN|1,2013-12-19,UNEXPLAINED_JUMP
2013-11-29,D,BM,NEUTRAL_FILL,STAR|NOISIN|1,2013-12-19,UNEXPLAINED_JUMP
2014-01-31,C,BM,DELISTING_RETURN,CASTROL|NOISIN|1,2014-03-03,
2014-01-31,D,W,NEUTRAL_FILL,ZEETELE|NOISIN|1,2014-03-03,EVENT_UNADJUSTABLE
2014-01-31,D,BM,NEUTRAL_FILL,ZEETELE|NOISIN|1,2014-03-03,EVENT_UNADJUSTABLE
2014-01-31,D,BM,DELISTING_RETURN,CASTROL|NOISIN|1,2014-03-03,
2014-02-28,D,L,NEUTRAL_FILL,TATAPOWER|NOISIN|1,2014-03-19,EVENT_UNADJUSTABLE
2014-02-28,D,BM,NEUTRAL_FILL,TATAPOWER|NOISIN|1,2014-03-19,EVENT_UNADJUSTABLE
2014-05-30,C,W,EXIT_GAP_BOOKED,GATI|NOISIN|1,2014-08-06,MULTI_SESSION_GAP
2014-05-30,C,W,EXIT_GAP_BOOKED,BEML|NOISIN|1,2014-08-06,MULTI_SESSION_GAP
2014-05-30,C,L,EXIT_GAP_BOOKED,PUNJLLOYD|NOISIN|1,2014-08-06,MULTI_SESSION_GAP
2014-05-30,C,BM,EXIT_GAP_BOOKED,BEML|NOISIN|1,2014-08-06,MULTI_SESSION_GAP
2014-05-30,C,BM,EXIT_GAP_BOOKED,GATI|NOISIN|1,2014-08-06,MULTI_SESSION_GAP
2014-05-30,C,BM,EXIT_GAP_BOOKED,PUNJLLOYD|NOISIN|1,2014-08-06,MULTI_SESSION_GAP
2014-05-30,C,BM,EXIT_GAP_BOOKED,SUZLON|NOISIN|1,2014-08-06,MULTI_SESSION_GAP
2014-05-30,D,W,NEUTRAL_FILL,HINDCONS|NOISIN|1,2014-06-30,MULTI_SESSION_GAP
2014-05-30,D,W,EXIT_GAP_BOOKED,GATI|NOISIN|1,2014-08-06,MULTI_SESSION_GAP
2014-05-30,D,W,EXIT_GAP_BOOKED,BEML|NOISIN|1,2014-08-06,MULTI_SESSION_GAP
2014-05-30,D,L,NEUTRAL_FILL,ESSAROIL|NOISIN|1,2014-06-30,MULTI_SESSION_GAP
2014-05-30,D,L,NEUTRAL_FILL,IVRCLINFRA|NOISIN|1,2014-06-30,MULTI_SESSION_GAP
2014-05-30,D,L,EXIT_GAP_BOOKED,PUNJLLOYD|NOISIN|1,2014-08-06,MULTI_SESSION_GAP
2014-05-30,D,BM,NEUTRAL_FILL,ESSAROIL|NOISIN|1,2014-06-30,MULTI_SESSION_GAP
2014-05-30,D,BM,NEUTRAL_FILL,GBN|NOISIN|1,2014-06-30,MULTI_SESSION_GAP
2014-05-30,D,BM,NEUTRAL_FILL,HINDCONS|NOISIN|1,2014-06-30,MULTI_SESSION_GAP
2014-05-30,D,BM,NEUTRAL_FILL,IVRCLINFRA|NOISIN|1,2014-06-30,MULTI_SESSION_GAP
2014-05-30,D,BM,EXIT_GAP_BOOKED,BEML|NOISIN|1,2014-08-06,MULTI_SESSION_GAP
2014-05-30,D,BM,EXIT_GAP_BOOKED,GATI|NOISIN|1,2014-08-06,MULTI_SESSION_GAP
2014-05-30,D,BM,EXIT_GAP_BOOKED,PUNJLLOYD|NOISIN|1,2014-08-06,MULTI_SESSION_GAP
2014-05-30,D,BM,EXIT_GAP_BOOKED,SUZLON|NOISIN|1,2014-08-06,MULTI_SESSION_GAP
2014-09-30,D,BM,NEUTRAL_FILL,POLARIS|NOISIN|1,2014-10-27,MULTI_SESSION_GAP
2014-11-28,D,W,NEUTRAL_FILL,JKTYRE|NOISIN|1,2014-12-18,VALIDATED_LARGE_RESIDUAL
2014-11-28,D,BM,NEUTRAL_FILL,JKTYRE|NOISIN|1,2014-12-18,VALIDATED_LARGE_RESIDUAL
2014-12-31,D,L,NEUTRAL_FILL,GODREJIND|NOISIN|1,2015-01-05,EVENT_INCONCLUSIVE
2014-12-31,D,BM,NEUTRAL_FILL,GODREJIND|NOISIN|1,2015-01-05,EVENT_INCONCLUSIVE
2014-12-31,D,BM,NEUTRAL_FILL,BERGEPAINT|NOISIN|1,2015-01-08,VALIDATED_LARGE_RESIDUAL
2015-02-27,D,L,NEUTRAL_FILL,GMRINFRA|NOISIN|1,2015-03-11,EVENT_UNADJUSTABLE
2015-02-27,D,L,NEUTRAL_FILL,NTPC|NOISIN|1,2015-03-20,EVENT_UNADJUSTABLE
2015-02-27,D,BM,NEUTRAL_FILL,GMRINFRA|NOISIN|1,2015-03-11,EVENT_UNADJUSTABLE
2015-02-27,D,BM,NEUTRAL_FILL,NTPC|NOISIN|1,2015-03-20,EVENT_UNADJUSTABLE
2015-03-31,C,W,DELISTING_RETURN,RANBAXY|NOISIN|1,2015-05-04,
2015-03-31,C,BM,DELISTING_RETURN,RANBAXY|NOISIN|1,2015-05-04,
2015-03-31,C,BM,DELISTING_RETURN,VYSYABANK|NOISIN|1,2015-05-04,
2015-03-31,D,W,DELISTING_RETURN,RANBAXY|NOISIN|1,2015-05-04,
2015-03-31,D,BM,NEUTRAL_FILL,TATAMOTORS|NOISIN|1,2015-04-06,EVENT_UNADJUSTABLE
2015-03-31,D,BM,DELISTING_RETURN,RANBAXY|NOISIN|1,2015-05-04,
2015-03-31,D,BM,DELISTING_RETURN,VYSYABANK|NOISIN|1,2015-05-04,
2015-04-30,C,BM,DELISTING_RETURN,GUJRATGAS|NOISIN|1,2015-06-01,
2015-04-30,D,BM,NEUTRAL_FILL,ARVINDMILL|NOISIN|1,2015-05-28,EVENT_UNADJUSTABLE
2015-04-30,D,BM,DELISTING_RETURN,GUJRATGAS|NOISIN|1,2015-06-01,
2015-05-29,C,BM,EXIT_GAP_BOOKED_FLAGGED_ROW,AMTEKINDIA|NOISIN|1,2015-07-07,MULTI_SESSION_GAP
2015-05-29,D,W,NEUTRAL_FILL,MASTEK|NOISIN|1,2015-06-26,MULTI_SESSION_GAP
2015-05-29,D,L,NEUTRAL_FILL,UNITECH|NOISIN|1,2015-06-03,UNEXPLAINED_JUMP
2015-05-29,D,BM,NEUTRAL_FILL,ADANIEXPO|NOISIN|1,2015-06-03,EVENT_UNADJUSTABLE
2015-05-29,D,BM,NEUTRAL_FILL,UNITECH|NOISIN|1,2015-06-03,UNEXPLAINED_JUMP
2015-05-29,D,BM,NEUTRAL_FILL,MASTEK|NOISIN|1,2015-06-26,MULTI_SESSION_GAP
2015-07-31,D,L,NEUTRAL_FILL,AMTEKAUTO|NOISIN|1,2015-08-19,UNEXPLAINED_JUMP
2015-07-31,D,L,NEUTRAL_FILL,AMTEKAUTO|NOISIN|1,2015-08-20,UNEXPLAINED_JUMP
2015-07-31,D,BM,NEUTRAL_FILL,AMTEKAUTO|NOISIN|1,2015-08-19,UNEXPLAINED_JUMP
2015-07-31,D,BM,NEUTRAL_FILL,AMTEKAUTO|NOISIN|1,2015-08-20,UNEXPLAINED_JUMP
2015-08-31,D,L,NEUTRAL_FILL,AMTEKAUTO|NOISIN|1,2015-09-03,UNEXPLAINED_JUMP
2015-08-31,D,L,NEUTRAL_FILL,AMTEKAUTO|NOISIN|1,2015-09-11,UNEXPLAINED_JUMP
2015-08-31,D,BM,NEUTRAL_FILL,AMTEKAUTO|NOISIN|1,2015-09-03,UNEXPLAINED_JUMP
2015-08-31,D,BM,NEUTRAL_FILL,AMTEKAUTO|NOISIN|1,2015-09-11,UNEXPLAINED_JUMP
2015-08-31,D,BM,NEUTRAL_FILL,IDFC|NOISIN|1,2015-10-01,EVENT_UNADJUSTABLE
2015-12-31,C,W,EXIT_GAP_BOOKED_FLAGGED_ROW,MAX|NOISIN|2,2016-02-10,MULTI_SESSION_GAP
2015-12-31,C,BM,EXIT_GAP_BOOKED_FLAGGED_ROW,MAX|NOISIN|2,2016-02-10,MULTI_SESSION_GAP
2015-12-31,D,W,NEUTRAL_FILL,INDRAYON|NOISIN|1,2016-01-20,EVENT_UNADJUSTABLE
2015-12-31,D,W,EXIT_GAP_BOOKED_FLAGGED_ROW,MAX|NOISIN|2,2016-02-10,MULTI_SESSION_GAP
2015-12-31,D,BM,NEUTRAL_FILL,INDRAYON|NOISIN|1,2016-01-20,EVENT_UNADJUSTABLE
2015-12-31,D,BM,EXIT_GAP_BOOKED_FLAGGED_ROW,MAX|NOISIN|2,2016-02-10,MULTI_SESSION_GAP
2016-01-29,C,W,DELISTING_RETURN,ESSAROIL|NOISIN|1,2016-03-01,
2016-01-29,C,BM,DELISTING_RETURN,ESSAROIL|NOISIN|1,2016-03-01,
2016-01-29,D,W,DELISTING_RETURN,ESSAROIL|NOISIN|1,2016-03-01,
2016-01-29,D,BM,DELISTING_RETURN,ESSAROIL|NOISIN|1,2016-03-01,
2016-02-29,D,BM,NEUTRAL_FILL,MINDTREE|NOISIN|1,2016-03-09,VALIDATED_LARGE_RESIDUAL
2016-02-29,D,BM,NEUTRAL_FILL,CROMPGREAV|NOISIN|1,2016-03-15,EVENT_UNADJUSTABLE
2016-07-29,D,L,NEUTRAL_FILL,SINTEX|NOISIN|1,2016-08-08,EVENT_UNADJUSTABLE
2016-07-29,D,BM,NEUTRAL_FILL,SINTEX|NOISIN|1,2016-08-08,EVENT_UNADJUSTABLE
2016-09-30,D,BM,NEUTRAL_FILL,KTKBANK|NOISIN|1,2016-10-24,EVENT_UNADJUSTABLE
2016-11-30,D,BM,NEUTRAL_FILL,ENGINERSIN|NOISIN|1,2016-12-30,VALIDATED_LARGE_RESIDUAL
2016-12-30,C,W,DELISTING_RETURN,JSWSTL|NOISIN|1,2017-02-01,
2016-12-30,C,BM,DELISTING_RETURN,JSWSTL|NOISIN|1,2017-02-01,
2016-12-30,D,W,NEUTRAL_FILL,JSWSTL|NOISIN|1,2017-01-04,UNEXPLAINED_JUMP
2016-12-30,D,W,DELISTING_RETURN,JSWSTL|NOISIN|1,2017-02-01,
2016-12-30,D,BM,NEUTRAL_FILL,JSWSTL|NOISIN|1,2017-01-04,UNEXPLAINED_JUMP
2016-12-30,D,BM,DELISTING_RETURN,JSWSTL|NOISIN|1,2017-02-01,
2017-01-31,D,W,NEUTRAL_FILL,CANBK|NOISIN|1,2017-02-17,EVENT_UNADJUSTABLE
2017-01-31,D,BM,NEUTRAL_FILL,CANBK|NOISIN|1,2017-02-17,EVENT_UNADJUSTABLE
2017-01-31,D,BM,NEUTRAL_FILL,NBCC|INE095N01015|1,2017-02-17,VALIDATED_LARGE_RESIDUAL
2017-03-31,C,W,DELISTING_RETURN,CAIRN|NOISIN|1,2017-05-02,
2017-03-31,C,BM,DELISTING_RETURN,CAIRN|NOISIN|1,2017-05-02,
2017-03-31,D,W,NEUTRAL_FILL,IBREALEST|NOISIN|1,2017-04-17,UNEXPLAINED_JUMP
2017-03-31,D,W,DELISTING_RETURN,CAIRN|NOISIN|1,2017-05-02,
2017-03-31,D,L,NEUTRAL_FILL,CONCOR|NOISIN|1,2017-04-05,EVENT_INCONCLUSIVE
2017-03-31,D,BM,NEUTRAL_FILL,CONCOR|NOISIN|1,2017-04-05,EVENT_INCONCLUSIVE
2017-03-31,D,BM,NEUTRAL_FILL,IBREALEST|NOISIN|1,2017-04-17,UNEXPLAINED_JUMP
2017-03-31,D,BM,DELISTING_RETURN,CAIRN|NOISIN|1,2017-05-02,
2017-04-28,C,W,DELISTING_RETURN,DISHMAN|NOISIN|1,2017-06-01,
2017-04-28,C,BM,DELISTING_RETURN,DISHMAN|NOISIN|1,2017-06-01,
2017-04-28,D,W,DELISTING_RETURN,DISHMAN|NOISIN|1,2017-06-01,
2017-04-28,D,BM,DELISTING_RETURN,DISHMAN|NOISIN|1,2017-06-01,
2017-05-31,D,BM,NEUTRAL_FILL,ICICIBANK|NOISIN|1,2017-06-20,EVENT_INCONCLUSIVE
2017-06-30,C,BM,DELISTING_RETURN,INDRAYON|NOISIN|1,2017-08-01,
2017-06-30,D,BM,NEUTRAL_FILL,GRASIM|NOISIN|1,2017-07-19,EVENT_UNADJUSTABLE
2017-06-30,D,BM,DELISTING_RETURN,INDRAYON|NOISIN|1,2017-08-01,
2017-07-31,D,W,NEUTRAL_FILL,PRAKASH|NOISIN|3,2017-08-11,MULTI_SESSION_GAP
2017-07-31,D,BM,NEUTRAL_FILL,PRAKASH|NOISIN|3,2017-08-11,MULTI_SESSION_GAP
2017-08-31,D,W,NEUTRAL_FILL,BEL|NOISIN|1,2017-09-28,EVENT_INCONCLUSIVE
2017-08-31,D,BM,NEUTRAL_FILL,RELCAPITAL|NOISIN|1,2017-09-05,EVENT_UNADJUSTABLE
2017-08-31,D,BM,NEUTRAL_FILL,BEL|NOISIN|1,2017-09-28,EVENT_INCONCLUSIVE
2017-09-29,D,L,NEUTRAL_FILL,PNB|NOISIN|1,2017-10-25,UNEXPLAINED_JUMP
2017-09-29,D,BM,NEUTRAL_FILL,PNB|NOISIN|1,2017-10-25,UNEXPLAINED_JUMP
2017-10-31,C,W,EXIT_GAP_BOOKED_FLAGGED_ROW,FRETAIL|INE752P01024|1,2017-12-13,MULTI_SESSION_GAP
2017-10-31,C,BM,EXIT_GAP_BOOKED_FLAGGED_ROW,FRETAIL|INE752P01024|1,2017-12-13,MULTI_SESSION_GAP
2017-10-31,D,W,EXIT_GAP_BOOKED_FLAGGED_ROW,FRETAIL|INE752P01024|1,2017-12-13,MULTI_SESSION_GAP
2017-10-31,D,BM,EXIT_GAP_BOOKED_FLAGGED_ROW,FRETAIL|INE752P01024|1,2017-12-13,MULTI_SESSION_GAP
2017-12-29,D,W,NEUTRAL_FILL,TISCO|NOISIN|1,2018-01-31,EVENT_UNADJUSTABLE
2017-12-29,D,W,NEUTRAL_FILL,NICOLASPIR|NOISIN|1,2018-01-31,EVENT_UNADJUSTABLE
2017-12-29,D,BM,NEUTRAL_FILL,NICOLASPIR|NOISIN|1,2018-01-31,EVENT_UNADJUSTABLE
2017-12-29,D,BM,NEUTRAL_FILL,TISCO|NOISIN|1,2018-01-31,EVENT_UNADJUSTABLE
2018-01-31,D,W,NEUTRAL_FILL,IBSEC|NOISIN|1,2018-02-09,EVENT_UNADJUSTABLE
2018-01-31,D,BM,NEUTRAL_FILL,IBSEC|NOISIN|1,2018-02-09,EVENT_UNADJUSTABLE
2018-03-28,C,L,EXIT_GAP_BOOKED_FLAGGED_ROW,VAKRANSOFT|NOISIN|4,2018-06-01,MULTI_SESSION_GAP
2018-03-28,C,BM,EXIT_GAP_BOOKED_FLAGGED_ROW,VAKRANSOFT|NOISIN|4,2018-06-01,MULTI_SESSION_GAP
2018-03-28,D,W,NEUTRAL_FILL,ADANIEXPO|NOISIN|1,2018-04-05,EVENT_UNADJUSTABLE
2018-03-28,D,L,EXIT_GAP_BOOKED_FLAGGED_ROW,VAKRANSOFT|NOISIN|4,2018-06-01,MULTI_SESSION_GAP
2018-03-28,D,BM,NEUTRAL_FILL,ADANIEXPO|NOISIN|1,2018-04-05,EVENT_UNADJUSTABLE
2018-03-28,D,BM,EXIT_GAP_BOOKED_FLAGGED_ROW,VAKRANSOFT|NOISIN|4,2018-06-01,MULTI_SESSION_GAP
2018-04-30,D,W,NEUTRAL_FILL,PCJEWELLER|INE785M01013|1,2018-05-04,UNEXPLAINED_JUMP
2018-04-30,D,L,NEUTRAL_FILL,RCVL|NOISIN|1,2018-05-17,UNEXPLAINED_JUMP
2018-04-30,D,BM,NEUTRAL_FILL,PCJEWELLER|INE785M01013|1,2018-05-04,UNEXPLAINED_JUMP
2018-04-30,D,BM,NEUTRAL_FILL,RCVL|NOISIN|1,2018-05-17,UNEXPLAINED_JUMP
2018-05-31,C,W,EXIT_GAP_BOOKED,IBSEC|NOISIN|1,2018-10-30,MULTI_SESSION_GAP
2018-05-31,C,BM,EXIT_GAP_BOOKED,IBSEC|NOISIN|1,2018-10-30,MULTI_SESSION_GAP
2018-05-31,D,W,NEUTRAL_FILL,AVANTI|NOISIN|2,2018-06-26,VALIDATED_LARGE_RESIDUAL
2018-05-31,D,BM,NEUTRAL_FILL,AVANTI|NOISIN|2,2018-06-26,VALIDATED_LARGE_RESIDUAL
2018-06-29,C,W,EXIT_GAP_BOOKED_FLAGGED_ROW,BOMDYEING|NOISIN|1,2018-10-30,MULTI_SESSION_GAP
2018-06-29,C,W,EXIT_GAP_BOOKED,RAINCOM|NOISIN|1,2018-10-30,MULTI_SESSION_GAP
2018-06-29,C,BM,EXIT_GAP_BOOKED_FLAGGED_ROW,BOMDYEING|NOISIN|1,2018-10-30,MULTI_SESSION_GAP
2018-06-29,C,BM,EXIT_GAP_BOOKED,RAINCOM|NOISIN|1,2018-10-30,MULTI_SESSION_GAP
2018-06-29,D,W,EXIT_GAP_BOOKED_FLAGGED_ROW,BOMDYEING|NOISIN|1,2018-10-30,MULTI_SESSION_GAP
2018-06-29,D,W,EXIT_GAP_BOOKED,RAINCOM|NOISIN|1,2018-10-30,MULTI_SESSION_GAP
2018-06-29,D,BM,EXIT_GAP_BOOKED_FLAGGED_ROW,BOMDYEING|NOISIN|1,2018-10-30,MULTI_SESSION_GAP
2018-06-29,D,BM,EXIT_GAP_BOOKED,RAINCOM|NOISIN|1,2018-10-30,MULTI_SESSION_GAP
2018-08-31,D,BM,NEUTRAL_FILL,DEWANHOUS|NOISIN|1,2018-09-21,UNEXPLAINED_JUMP
2018-08-31,D,BM,NEUTRAL_FILL,YESBANK|NOISIN|1,2018-09-21,UNEXPLAINED_JUMP
2018-08-31,D,BM,NEUTRAL_FILL,INFIBEAM|INE483S01012|1,2018-09-28,UNEXPLAINED_JUMP
2018-09-28,D,BM,NEUTRAL_FILL,CESC|NOISIN|1,2018-10-30,EVENT_UNADJUSTABLE
2018-10-31,D,BM,NEUTRAL_FILL,ARVINDMILL|NOISIN|1,2018-11-28,EVENT_UNADJUSTABLE
2018-11-30,C,L,DELISTING_RETURN,FCH|NOISIN|2,2019-01-01,
2018-11-30,C,BM,DELISTING_RETURN,FCH|NOISIN|2,2019-01-01,
2018-11-30,D,L,DELISTING_RETURN,FCH|NOISIN|2,2019-01-01,
2018-11-30,D,BM,DELISTING_RETURN,FCH|NOISIN|2,2019-01-01,
2018-12-31,D,W,NEUTRAL_FILL,KPIT|NOISIN|1,2019-01-24,EVENT_UNADJUSTABLE
2018-12-31,D,L,NEUTRAL_FILL,DISHTV|NOISIN|1,2019-01-25,UNEXPLAINED_JUMP
2018-12-31,D,BM,NEUTRAL_FILL,KPIT|NOISIN|1,2019-01-24,EVENT_UNADJUSTABLE
2018-12-31,D,BM,NEUTRAL_FILL,DISHTV|NOISIN|1,2019-01-25,UNEXPLAINED_JUMP
2019-01-31,D,L,NEUTRAL_FILL,RPOWER|NOISIN|1,2019-02-04,UNEXPLAINED_JUMP
2019-01-31,D,L,NEUTRAL_FILL,RPOWER|NOISIN|1,2019-02-05,UNEXPLAINED_JUMP
2019-01-31,D,L,NEUTRAL_FILL,REL|NOISIN|1,2019-02-06,UNEXPLAINED_JUMP
2019-01-31,D,L,NEUTRAL_FILL,CROMPGREAV|NOISIN|1,2019-02-13,UNEXPLAINED_JUMP
2019-01-31,D,BM,NEUTRAL_FILL,CONCOR|NOISIN|1,2019-02-04,EVENT_INCONCLUSIVE
2019-01-31,D,BM,NEUTRAL_FILL,RPOWER|NOISIN|1,2019-02-04,UNEXPLAINED_JUMP
2019-01-31,D,BM,NEUTRAL_FILL,RPOWER|NOISIN|1,2019-02-05,UNEXPLAINED_JUMP
2019-01-31,D,BM,NEUTRAL_FILL,REL|NOISIN|1,2019-02-06,UNEXPLAINED_JUMP
2019-01-31,D,BM,NEUTRAL_FILL,CROMPGREAV|NOISIN|1,2019-02-13,UNEXPLAINED_JUMP
2019-02-28,D,L,NEUTRAL_FILL,IDEA|NOISIN|1,2019-03-29,EVENT_UNADJUSTABLE
2019-02-28,D,BM,NEUTRAL_FILL,NTPC|NOISIN|1,2019-03-19,EVENT_INCONCLUSIVE
2019-02-28,D,BM,NEUTRAL_FILL,IDEA|NOISIN|1,2019-03-29,EVENT_UNADJUSTABLE
2019-03-29,D,L,NEUTRAL_FILL,JETAIRWAYS|NOISIN|1,2019-04-18,UNEXPLAINED_JUMP
2019-03-29,D,L,NEUTRAL_FILL,BHARTI|NOISIN|1,2019-04-23,EVENT_UNADJUSTABLE
2019-03-29,D,BM,NEUTRAL_FILL,JETAIRWAYS|NOISIN|1,2019-04-18,UNEXPLAINED_JUMP
2019-03-29,D,BM,NEUTRAL_FILL,BHARTI|NOISIN|1,2019-04-23,EVENT_UNADJUSTABLE
2019-05-31,C,L,DELISTING_RETURN,JETAIRWAYS|NOISIN|1,2019-07-01,
2019-05-31,C,BM,DELISTING_RETURN,JETAIRWAYS|NOISIN|1,2019-07-01,
2019-06-28,C,BM,DELISTING_RETURN,SKSMICRO|NOISIN|1,2019-08-01,
2019-06-28,D,L,DELISTING_RETURN,SKSMICRO|NOISIN|1,2019-08-01,
2019-06-28,D,BM,DELISTING_RETURN,SKSMICRO|NOISIN|1,2019-08-01,
2019-07-31,D,BM,NEUTRAL_FILL,BRITANNIA|NOISIN|1,2019-08-22,EVENT_UNADJUSTABLE
2019-08-30,D,L,NEUTRAL_FILL,IBULHSGFIN|INE148I01020|1,2019-09-30,UNEXPLAINED_JUMP
2019-08-30,D,BM,NEUTRAL_FILL,IBULHSGFIN|INE148I01020|1,2019-09-30,UNEXPLAINED_JUMP
2019-09-30,C,BM,DELISTING_RETURN,GRUH|NOISIN|1,2019-11-01,
2019-09-30,D,BM,NEUTRAL_FILL,CENTURYTEX|NOISIN|1,2019-10-11,EVENT_UNADJUSTABLE
2019-09-30,D,BM,DELISTING_RETURN,GRUH|NOISIN|1,2019-11-01,
2019-11-29,D,L,NEUTRAL_FILL,ABCAPITAL|INE674K01013|1,2019-12-12,MULTI_SESSION_GAP
2019-11-29,D,L,NEUTRAL_FILL,NICOLASPIR|NOISIN|1,2019-12-30,EVENT_UNADJUSTABLE
2019-11-29,D,BM,NEUTRAL_FILL,ABCAPITAL|INE674K01013|1,2019-12-12,MULTI_SESSION_GAP
2019-11-29,D,BM,NEUTRAL_FILL,NICOLASPIR|NOISIN|1,2019-12-30,EVENT_UNADJUSTABLE
2020-02-28,C,W,EXIT_GAP_BOOKED,DMART|INE192R01011|1,2020-05-27,MULTI_SESSION_GAP
2020-02-28,C,L,DELISTING_RETURN,YESBANK|NOISIN|1,2020-04-01,
2020-02-28,C,BM,EXIT_GAP_BOOKED,DMART|INE192R01011|1,2020-05-27,MULTI_SESSION_GAP
2020-02-28,C,BM,DELISTING_RETURN,YESBANK|NOISIN|1,2020-04-01,
2020-02-28,D,W,NEUTRAL_FILL,TATACHEM|NOISIN|1,2020-03-04,EVENT_UNADJUSTABLE
2020-02-28,D,W,NEUTRAL_FILL,CHOLADBS|NOISIN|2,2020-03-23,UNEXPLAINED_JUMP
2020-02-28,D,W,EXIT_GAP_BOOKED,DMART|INE192R01011|1,2020-05-27,MULTI_SESSION_GAP
2020-02-28,D,L,NEUTRAL_FILL,M&MFIN|NOISIN|1,2020-03-23,UNEXPLAINED_JUMP
2020-02-28,D,L,NEUTRAL_FILL,INDUSINDBK|NOISIN|1,2020-03-26,UNEXPLAINED_JUMP
2020-02-28,D,BM,NEUTRAL_FILL,TATACHEM|NOISIN|1,2020-03-04,EVENT_UNADJUSTABLE
2020-02-28,D,BM,NEUTRAL_FILL,CHOLADBS|NOISIN|2,2020-03-23,UNEXPLAINED_JUMP
2020-02-28,D,BM,NEUTRAL_FILL,M&MFIN|NOISIN|1,2020-03-23,UNEXPLAINED_JUMP
2020-02-28,D,BM,NEUTRAL_FILL,MAX|NOISIN|2,2020-03-23,UNEXPLAINED_JUMP
2020-02-28,D,BM,NEUTRAL_FILL,INDUSINDBK|NOISIN|1,2020-03-26,UNEXPLAINED_JUMP
2020-02-28,D,BM,EXIT_GAP_BOOKED,DMART|INE192R01011|1,2020-05-27,MULTI_SESSION_GAP
2020-03-31,C,W,DELISTING_RETURN,GSKCONS|NOISIN|1,2020-05-04,
2020-03-31,C,BM,DELISTING_RETURN,GSKCONS|NOISIN|1,2020-05-04,
2020-03-31,D,W,DELISTING_RETURN,GSKCONS|NOISIN|1,2020-05-04,
2020-03-31,D,BM,DELISTING_RETURN,GSKCONS|NOISIN|1,2020-05-04,
2020-04-30,D,BM,NEUTRAL_FILL,RELIANCE|NOISIN|1,2020-05-13,EVENT_UNADJUSTABLE
2020-05-29,D,L,NEUTRAL_FILL,PFRL|INE647O01011|1,2020-06-30,EVENT_UNADJUSTABLE
2020-05-29,D,BM,NEUTRAL_FILL,PFRL|INE647O01011|1,2020-06-30,EVENT_UNADJUSTABLE
2020-06-30,D,L,NEUTRAL_FILL,SRTRANSFIN|NOISIN|1,2020-07-09,EVENT_UNADJUSTABLE
2020-06-30,D,L,NEUTRAL_FILL,PVR|NOISIN|3,2020-07-09,EVENT_UNADJUSTABLE
2020-06-30,D,BM,NEUTRAL_FILL,PVR|NOISIN|3,2020-07-09,EVENT_UNADJUSTABLE
2020-06-30,D,BM,NEUTRAL_FILL,SRTRANSFIN|NOISIN|1,2020-07-09,EVENT_UNADJUSTABLE
2020-09-30,C,BM,DELISTING_RETURN,HEXAWARE|NOISIN|1,2020-11-02,
2020-09-30,D,BM,DELISTING_RETURN,HEXAWARE|NOISIN|1,2020-11-02,
2020-10-30,C,W,DELISTING_RETURN,HEXAWARE|NOISIN|1,2020-12-01,
2020-10-30,C,BM,DELISTING_RETURN,HEXAWARE|NOISIN|1,2020-12-01,
2020-10-30,D,W,DELISTING_RETURN,HEXAWARE|NOISIN|1,2020-12-01,
2020-10-30,D,BM,DELISTING_RETURN,HEXAWARE|NOISIN|1,2020-12-01,
2020-12-31,D,L,NEUTRAL_FILL,L&TFH|INE498L01015|1,2021-01-21,EVENT_UNADJUSTABLE
2020-12-31,D,BM,NEUTRAL_FILL,L&TFH|INE498L01015|1,2021-01-21,EVENT_UNADJUSTABLE
2021-01-29,D,W,NEUTRAL_FILL,JUBILANT|NOISIN|1,2021-02-18,MULTI_SESSION_GAP
2021-01-29,D,BM,NEUTRAL_FILL,JUBILANT|NOISIN|1,2021-02-18,MULTI_SESSION_GAP
2021-04-30,D,L,NEUTRAL_FILL,BRITANNIA|NOISIN|1,2021-05-25,EVENT_UNADJUSTABLE
2021-04-30,D,BM,NEUTRAL_FILL,BRITANNIA|NOISIN|1,2021-05-25,EVENT_UNADJUSTABLE
2021-05-31,C,W,EXIT_GAP_BOOKED,ADANIGAS|INE399L01023|1,2021-09-13,MULTI_SESSION_GAP
2021-05-31,C,W,EXIT_GAP_BOOKED,ADANITRANS|INE931S01010|1,2021-09-13,MULTI_SESSION_GAP
2021-05-31,C,W,EXIT_GAP_BOOKED,ADANIGREEN|INE364U01010|1,2021-09-13,MULTI_SESSION_GAP
2021-05-31,C,W,EXIT_GAP_BOOKED,PRAJIND|NOISIN|1,2021-09-13,MULTI_SESSION_GAP
2021-05-31,C,W,EXIT_GAP_BOOKED_FLAGGED_ROW,ADANIPOWER|NOISIN|1,2021-09-20,MULTI_SESSION_GAP
2021-05-31,C,BM,EXIT_GAP_BOOKED,ADANIGAS|INE399L01023|1,2021-09-13,MULTI_SESSION_GAP
2021-05-31,C,BM,EXIT_GAP_BOOKED,ADANIGREEN|INE364U01010|1,2021-09-13,MULTI_SESSION_GAP
2021-05-31,C,BM,EXIT_GAP_BOOKED_FLAGGED_ROW,ADANIPOWER|NOISIN|1,2021-09-20,MULTI_SESSION_GAP
2021-05-31,C,BM,EXIT_GAP_BOOKED,ADANITRANS|INE931S01010|1,2021-09-13,MULTI_SESSION_GAP
2021-05-31,C,BM,EXIT_GAP_BOOKED,PRAJIND|NOISIN|1,2021-09-13,MULTI_SESSION_GAP
2021-05-31,D,W,EXIT_GAP_BOOKED,ADANIGAS|INE399L01023|1,2021-09-13,MULTI_SESSION_GAP
2021-05-31,D,W,EXIT_GAP_BOOKED,ADANITRANS|INE931S01010|1,2021-09-13,MULTI_SESSION_GAP
2021-05-31,D,W,EXIT_GAP_BOOKED,PRAJIND|NOISIN|1,2021-09-13,MULTI_SESSION_GAP
2021-05-31,D,W,EXIT_GAP_BOOKED,ADANIGREEN|INE364U01010|1,2021-09-13,MULTI_SESSION_GAP
2021-05-31,D,W,EXIT_GAP_BOOKED_FLAGGED_ROW,ADANIPOWER|NOISIN|1,2021-09-20,MULTI_SESSION_GAP
2021-05-31,D,BM,EXIT_GAP_BOOKED,ADANIGAS|INE399L01023|1,2021-09-13,MULTI_SESSION_GAP
2021-05-31,D,BM,EXIT_GAP_BOOKED,ADANIGREEN|INE364U01010|1,2021-09-13,MULTI_SESSION_GAP
2021-05-31,D,BM,EXIT_GAP_BOOKED_FLAGGED_ROW,ADANIPOWER|NOISIN|1,2021-09-20,MULTI_SESSION_GAP
2021-05-31,D,BM,EXIT_GAP_BOOKED,ADANITRANS|INE931S01010|1,2021-09-13,MULTI_SESSION_GAP
2021-05-31,D,BM,EXIT_GAP_BOOKED,PRAJIND|NOISIN|1,2021-09-13,MULTI_SESSION_GAP
2021-06-30,C,W,EXIT_GAP_BOOKED,CDSL|INE736A01011|1,2021-10-25,MULTI_SESSION_GAP
2021-06-30,C,W,EXIT_GAP_BOOKED,HFCL|NOISIN|1,2021-10-11,MULTI_SESSION_GAP
2021-06-30,C,W,EXIT_GAP_BOOKED,JSWENERGY|NOISIN|1,2022-04-25,MULTI_SESSION_GAP
2021-06-30,C,BM,EXIT_GAP_BOOKED,CDSL|INE736A01011|1,2021-10-25,MULTI_SESSION_GAP
2021-06-30,C,BM,EXIT_GAP_BOOKED,HFCL|NOISIN|1,2021-10-11,MULTI_SESSION_GAP
2021-06-30,C,BM,EXIT_GAP_BOOKED,JSWENERGY|NOISIN|1,2022-04-25,MULTI_SESSION_GAP
2021-06-30,D,W,EXIT_GAP_BOOKED,CDSL|INE736A01011|1,2021-10-25,MULTI_SESSION_GAP
2021-06-30,D,W,EXIT_GAP_BOOKED,HFCL|NOISIN|1,2021-10-11,MULTI_SESSION_GAP
2021-06-30,D,W,EXIT_GAP_BOOKED,JSWENERGY|NOISIN|1,2022-04-25,MULTI_SESSION_GAP
2021-06-30,D,BM,EXIT_GAP_BOOKED,CDSL|INE736A01011|1,2021-10-25,MULTI_SESSION_GAP
2021-06-30,D,BM,EXIT_GAP_BOOKED,HFCL|NOISIN|1,2021-10-11,MULTI_SESSION_GAP
2021-06-30,D,BM,EXIT_GAP_BOOKED,JSWENERGY|NOISIN|1,2022-04-25,MULTI_SESSION_GAP
2021-07-30,C,W,DELISTING_RETURN,BHUSANSTL|NOISIN|1,2021-09-01,
2021-07-30,C,BM,DELISTING_RETURN,BHUSANSTL|NOISIN|1,2021-09-01,
2021-07-30,D,W,DELISTING_RETURN,BHUSANSTL|NOISIN|1,2021-09-01,
2021-07-30,D,BM,DELISTING_RETURN,BHUSANSTL|NOISIN|1,2021-09-01,
2021-08-31,D,L,NEUTRAL_FILL,BHARTI|NOISIN|1,2021-09-27,EVENT_UNADJUSTABLE
2021-08-31,D,BM,NEUTRAL_FILL,BHARTI|NOISIN|1,2021-09-27,EVENT_UNADJUSTABLE
2021-09-30,D,W,NEUTRAL_FILL,IRCTC|INE335Y01012|1,2021-10-28,VALIDATED_LARGE_RESIDUAL
2021-09-30,D,BM,NEUTRAL_FILL,IRCTC|INE335Y01012|1,2021-10-28,VALIDATED_LARGE_RESIDUAL
2021-10-29,D,BM,NEUTRAL_FILL,INDHOTEL|NOISIN|1,2021-11-11,EVENT_UNADJUSTABLE
