t,holding_month,sample,step,status,n_universe,n_rankable,k,holding_sessions,W,L,BM,WML,W_span_stock_days,L_span_stock_days,BM_span_stock_days,W_exit_gap_booked,W_exit_gap_booked_on_flagged_row,L_exit_gap_booked,L_exit_gap_booked_on_flagged_row,BM_exit_gap_booked,BM_exit_gap_booked_on_flagged_row,W_filled_stock_days,W_fill_without_other_stocks,BM_filled_stock_days,BM_fill_without_other_stocks,L_filled_stock_days,L_fill_without_other_stocks,W_delisting_return_applied,BM_delisting_return_applied,L_delisting_return_applied
2012-06-29,2012-07,PRIMARY,A,OK,200,124,37,22,0.01765544296703081,-0.04160568529818642,-0.014268364138280143,0.05926112826521723,,,,,,,,,,,,,,,,,,
2012-06-29,2012-07,PRIMARY,B,OK,200,195,59,22,0.008129514619441558,-0.04580800145827013,-0.019466235670362653,0.05393751607771169,,,,,,,,,,,,,,,,,,
2012-06-29,2012-07,PRIMARY,C,OK,200,199,60,22,-0.00985324246546393,-0.0636933972713929,-0.033248428038049616,0.053840154805928964,,,,,,,,,,,,,,,,,,
2012-06-29,2012-07,PRIMARY,D,OK,200,195,59,22,0.0032528963785602993,-0.06720048045698557,-0.03309013022057705,0.07045337683554587,0.0,0.0,0.0,,,,,,,,,,,,,,,
2012-07-31,2012-08,PRIMARY,A,OK,200,124,37,21,0.022866454524823387,-0.04091589675648277,-0.01349380099293751,0.06378235128130616,,,,,,,,,,,,,,,,,,
2012-07-31,2012-08,PRIMARY,B,OK,200,197,59,21,0.024614337597630875,-0.055138768470984534,-0.016796686602658983,0.07975310606861541,,,,,,,,,,,,,,,,,,
2012-07-31,2012-08,PRIMARY,C,OK,200,199,60,21,0.012570425532094198,-0.06610890168427308,-0.027695256982084304,0.07867932721636728,,,,1.0,1.0,1.0,1.0,2.0,2.0,,,,,,,,,
2012-07-31,2012-08,PRIMARY,D,OK,200,195,59,21,0.0160631250865495,-0.058688244002774725,-0.025732238096794036,0.07475136908932423,0.0,0.0,0.0,1.0,1.0,1.0,1.0,2.0,2.0,,,,,,,,,
2012-08-31,2012-09,PRIMARY,A,OK,200,125,38,19,0.08266977859847802,0.16728309164904287,0.1155915215497525,-0.08461331305056485,,,,,,,,,,,,,,,,,,
2012-08-31,2012-09,PRIMARY,B,OK,200,197,59,19,0.0797906699666786,0.15825823113154502,0.1168527246325286,-0.07846756116486642,,,,,,,,,,,,,,,,,,
2012-08-31,2012-09,PRIMARY,C,OK,200,198,59,19,0.09896732205953129,0.18798273938569476,0.13564129047346918,-0.08901541732616347,,,,,,,,,,,,,,,,,,
2012-08-31,2012-09,PRIMARY,D,OK,200,193,58,19,0.08927676059593259,0.1809036911490951,0.12689924882347925,-0.09162693055316251,58.0,58.0,193.0,,,,,,,1.0,0.0,1.0,0.0,,,,,
2012-09-28,2012-10,PRIMARY,A,OK,200,125,38,21,-0.0026613135098174645,-0.021292040376749588,-0.011978310931254565,0.018630726866932124,,,,,,,,,,,,,,,,,,
2012-09-28,2012-10,PRIMARY,B,OK,200,198,59,21,-0.005645770381653925,-0.04704039135152671,-0.021764526530174022,0.041394620969872786,,,,,,,,,,,,,,,,,,
2012-09-28,2012-10,PRIMARY,C,OK,200,198,59,21,-0.012017572064172533,-0.05722966353192205,-0.02991585572984823,0.045212091467749516,,,,,,,,,,,,,,,,,,
2012-09-28,2012-10,PRIMARY,D,OK,200,193,58,21,-0.01060117375194991,-0.05941591440288441,-0.02980790241689668,0.048814740650934496,0.0,0.0,0.0,,,,,,,,,,,,,,,
2012-10-31,2012-11,PRIMARY,A,OK,200,125,38,20,0.05604956570655739,0.04029485448714598,0.043084904478747355,0.01575471121941141,,,,,,,,,,,,,,,,,,
2012-10-31,2012-11,PRIMARY,B,OK,200,199,60,20,0.0592399712351821,0.05719336357293181,0.050181202151413196,0.0020466076622502882,,,,,,,,,,,,,,,,,,
2012-10-31,2012-11,PRIMARY,C,OK,200,199,60,20,0.06546532530767979,0.056195022285797425,0.058422265066389034,0.009270303021882365,,,,,,,,,,,,,,,,,,
2012-10-31,2012-11,PRIMARY,D,OK,200,193,58,20,0.06051868058956167,0.05487258941115725,0.05560095493518147,0.005646091178404422,58.0,58.0,193.0,,,,,,,,,,,,,,,
2012-11-30,2012-12,PRIMARY,A,OK,200,125,38,20,0.024741595948091444,0.041054360055386985,0.030800326166611658,-0.01631276410729554,,,,,,,,,,,,,,,,,,
2012-11-30,2012-12,PRIMARY,B,OK,200,198,59,20,0.019356522946907706,0.045675402813947,0.030772198389626526,-0.02631887986703929,,,,,,,,,,,,,,,,,,
2012-11-30,2012-12,PRIMARY,C,OK,200,198,59,20,0.02361917658176771,0.04714356160918354,0.033376511089404426,-0.02352438502741583,,,,,,,,1.0,0.0,,,,,,,,,
2012-11-30,2012-12,PRIMARY,D,OK,200,193,58,20,0.016788679215358426,0.040732890679479494,0.03348553770267548,-0.023944211464121068,0.0,0.0,0.0,,,,,1.0,0.0,,,,,,,,,
2012-12-31,2013-01,PRIMARY,A,OK,200,126,38,23,-0.005515530815227043,0.008206076536384943,-0.0075175036582870725,-0.013721607351611986,,,,,,,,,,,,,,,,,,
2012-12-31,2013-01,PRIMARY,B,OK,200,198,59,23,-0.03230088337871573,-0.0042895819885254705,-0.02288533462655251,-0.028011301390190257,,,,,,,,,,,,,,,,,,
2012-12-31,2013-01,PRIMARY,C,OK,200,198,59,23,-0.0350832397361458,-0.010031246724342746,-0.02856748934626685,-0.025051993011803053,,,,,,,,,,,,,,,,,,
2012-12-31,2013-01,PRIMARY,D,OK,200,194,58,23,-0.03116809923156627,-0.015559808345761872,-0.02840523097435521,-0.015608290885804399,0.0,0.0,0.0,,,,,,,,,1.0,0.0,,,,,
2013-01-31,2013-02,PRIMARY,A,OK,200,124,37,20,-0.03789652407429067,-0.11728972005028682,-0.07210058564128574,0.07939319597599614,,,,,,,,,,,,,,,,,,
2013-01-31,2013-02,PRIMARY,B,OK,200,197,59,20,-0.10096621080425283,-0.13592148519835467,-0.10449636495034975,0.03495527439410184,,,,,,,,,,,,,,,,,,
2013-01-31,2013-02,PRIMARY,C,OK,200,198,59,20,-0.10389016701031717,-0.14577854414030755,-0.1149518946097362,0.041888377129990384,,,,,,,,,,,,,,,,,,
2013-01-31,2013-02,PRIMARY,D,OK,200,194,58,20,-0.10000707931330455,-0.14995468363043918,-0.11121141016456848,0.04994760431713463,0.0,0.0,0.0,,,,,,,,,2.0,0.0,2.0,0.0,,,
2013-02-28,2013-03,PRIMARY,A,OK,200,124,37,19,-0.010936284151738751,-0.05113032476512169,-0.03188750305727528,0.04019404061338294,,,,,,,,,,,,,,,,,,
2013-02-28,2013-03,PRIMARY,B,OK,200,198,59,19,-0.010445281104216608,-0.05081432155624466,-0.035229733306497035,0.04036904045202805,,,,,,,,,,,,,,,,,,
2013-02-28,2013-03,PRIMARY,C,OK,200,199,60,19,-0.012559884826073286,-0.038209330768074645,-0.02628574204225642,0.02564944594200136,,,,,,,,,,,,,,,,1.0,1.0,
2013-02-28,2013-03,PRIMARY,D,OK,200,193,58,19,-0.00892658063184304,-0.0472750143411923,-0.02715980473394397,0.03834843370934926,0.0,0.0,0.0,,,,,,,,,,,,,1.0,1.0,
2013-03-28,2013-04,PRIMARY,A,OK,200,126,38,20,0.04258298378510306,0.028147148549686918,0.04440963581303059,0.014435835235416139,,,,,,,,,,,,,,,,,,
2013-03-28,2013-04,PRIMARY,B,OK,200,197,59,20,0.05463807167236423,0.04829081854542272,0.05772526935391986,0.00634725312694151,,,,,,,,,,,,,,,,,,
2013-03-28,2013-04,PRIMARY,C,OK,200,197,59,20,0.05170942853438021,0.06327459701851645,0.060050708224513194,-0.011565168484136246,,,,,,,,,,,,,,,,,,
2013-03-28,2013-04,PRIMARY,D,OK,200,190,57,20,0.05078996270366476,0.06673575883992555,0.06264424899999788,-0.015945796136260793,0.0,0.0,0.0,,,,,,,,,2.0,0.0,,,,,
2013-04-30,2013-05,PRIMARY,A,OK,200,128,38,22,0.00900071494432697,-0.01412675958059062,-0.009548558251949446,0.02312747452491759,,,,,,,,,,,,,,,,,,
2013-04-30,2013-05,PRIMARY,B,OK,200,197,59,22,0.021247817896118182,-0.03356409816566608,-0.013255230663154594,0.05481191606178426,,,,,,,,,,,,,,,,,,
2013-04-30,2013-05,PRIMARY,C,OK,200,198,59,22,0.009158226509588197,-0.06198143734664585,-0.032007513768802176,0.07113966385623405,,,,,,,,,,,,,,,,,,
2013-04-30,2013-05,PRIMARY,D,OK,200,191,57,22,0.01943060952664455,-0.030676241506771396,-0.013034336036918948,0.050106851033415944,57.0,57.0,191.0,,,,,,,,,1.0,0.0,1.0,0.0,,,
2013-05-31,2013-06,PRIMARY,A,OK,200,128,38,20,-0.025505802608594697,-0.0679560808941917,-0.04527027056666577,0.042450278285597,,,,,,,,,,,,,,,,,,
2013-05-31,2013-06,PRIMARY,B,OK,200,198,59,20,-0.023701563678705018,-0.09736037168917311,-0.053534765932661044,0.07365880801046809,,,,,,,,,,,,,,,,,,
2013-05-31,2013-06,PRIMARY,C,OK,200,198,59,20,-0.036445310175487466,-0.09405766308730013,-0.058920873435697296,0.05761235291181266,,,,,,,,,,,,,,,,,1.0,1.0
2013-05-31,2013-06,PRIMARY,D,OK,200,188,56,20,-0.03422473409190607,-0.09642845163558122,-0.05886810473437565,0.06220371754367515,0.0,0.0,0.0,,,,,,,,,,,,,,1.0,1.0
2013-06-28,2013-07,PRIMARY,A,OK,200,128,38,23,-0.03125215678057158,-0.1320807103868764,-0.09237799620100828,0.10082855360630483,,,,,,,,,,,,,,,,,,
2013-06-28,2013-07,PRIMARY,B,OK,200,198,59,23,-0.04910899941323443,-0.15990236850283468,-0.10554009935262032,0.11079336908960025,,,,,,,,,,,,,,,,,,
2013-06-28,2013-07,PRIMARY,C,OK,200,199,60,23,-0.07535324316706116,-0.1641066303782348,-0.11884490964196948,0.08875338721117365,,,,,,,,,,,,,,,,1.0,1.0,
2013-06-28,2013-07,PRIMARY,D,OK,200,188,56,23,-0.06952768048822577,-0.16782213845865634,-0.11580337591586487,0.09829445797043057,0.0,0.0,0.0,,,,,,,,,1.0,0.0,,,1.0,1.0,
2013-07-31,2013-08,PRIMARY,A,OK,200,128,38,20,-0.03294964777657228,0.062404538311943814,-0.005604559918092278,-0.09535418608851609,,,,,,,,,,,,,,,,,,
2013-07-31,2013-08,PRIMARY,B,OK,200,198,59,20,-0.0246661923005006,0.07039853163672083,0.0002375961807612459,-0.09506472393722143,,,,,,,,,,,,,,,,,,
2013-07-31,2013-08,PRIMARY,C,OK,200,200,60,20,-0.023472524151522456,0.05847350262503981,-0.005516030770843394,-0.08194602677656226,,,,,,,,,,,,,,,,,1.0,1.0
2013-07-31,2013-08,PRIMARY,D,OK,200,189,57,20,-0.029402619422019827,0.05790853758307635,-0.006142665548313331,-0.08731115700509617,0.0,0.0,0.0,,,,,,,,,,,,,,1.0,1.0
2013-08-30,2013-09,PRIMARY,A,OK,200,126,38,20,0.056404534759501246,0.05701507774412007,0.055035317401649575,-0.0006105429846188226,,,,,,,,,,,,,,,,,,
2013-08-30,2013-09,PRIMARY,B,OK,200,197,59,20,0.054030769021286895,0.08771141517372971,0.0643562171909422,-0.03368064615244282,,,,,,,,,,,,,,,,,,
2013-08-30,2013-09,PRIMARY,C,OK,200,197,59,20,0.060475200016431696,0.0770975270447738,0.06438862395310796,-0.0166223270283421,,,,,,,,,,,,,,,,,,
2013-08-30,2013-09,PRIMARY,D,OK,200,187,56,20,0.06348953371577681,0.08583893087971939,0.06628144719030704,-0.022349397163942575,0.0,0.0,0.0,,,,,,,,,1.0,0.0,1.0,0.0,,,
2013-09-30,2013-10,PRIMARY,A,OK,200,127,38,21,0.0798350846724265,0.18933957703338167,0.11625397920081659,-0.10950449236095516,,,,,,,,,,,,,,,,,,
2013-09-30,2013-10,PRIMARY,B,OK,200,197,59,21,0.0772723372954951,0.2017913667659823,0.11818211701769599,-0.12451902947048721,,,,,,,,,,,,,,,,,,
2013-09-30,2013-10,PRIMARY,C,OK,200,196,59,21,0.06542778499927016,0.1875658038065975,0.11723213796169873,-0.12213801880732733,,,,1.0,0.0,,,1.0,0.0,,,,,,,,,
2013-09-30,2013-10,PRIMARY,D,OK,200,187,56,21,0.06535119467269679,0.1881053477759802,0.11583028827960873,-0.12275415310328341,0.0,0.0,0.0,,,,,1.0,0.0,,,,,,,,,
2013-10-31,2013-11,PRIMARY,A,OK,200,127,38,19,0.008446118419883852,0.040394709804686624,0.017644250743999113,-0.03194859138480277,,,,,,,,,,,,,,,,,,
2013-10-31,2013-11,PRIMARY,B,OK,200,196,59,19,0.020240061645635077,0.0392371769627855,0.024554986972697757,-0.018997115317150426,,,,,,,,,,,,,,,,,,
2013-10-31,2013-11,PRIMARY,C,OK,200,195,59,19,0.0037929376983225627,0.035470227997047354,0.015071328445724008,-0.03167729029872479,,,,,,1.0,1.0,1.0,1.0,,,,,,,,,
2013-10-31,2013-11,PRIMARY,D,OK,200,186,56,19,0.0017356360126137282,0.012416142820467213,0.003916507767897537,-0.010680506807853485,56.0,56.0,185.0,,,1.0,1.0,1.0,1.0,,,1.0,0.0,,,,,
2013-11-29,2013-12,PRIMARY,A,OK,200,126,38,21,0.05528488357231609,0.1021792481365631,0.06361452953267199,-0.046894364564247004,,,,,,,,,,,,,,,,,,
2013-11-29,2013-12,PRIMARY,B,OK,200,196,59,21,0.057149429921994566,0.051671291751019366,0.0496603737988337,0.0054781381709752,,,,,,,,,,,,,,,,,,
2013-11-29,2013-12,PRIMARY,C,OK,200,196,59,21,0.0574014247919743,0.06286596379091391,0.0498683423020958,-0.0054645389989396165,,,,,,,,,,,,,,,,,,
2013-11-29,2013-12,PRIMARY,D,OK,200,187,56,21,0.058297547610151046,0.06287378583164682,0.04960472531549609,-0.004576238221495776,0.0,0.0,0.0,,,,,,,,,1.0,0.0,1.0,0.0,,,
2013-12-31,2014-01,PRIMARY,A,OK,200,126,38,23,-0.011290201275562683,-0.09063001949104188,-0.058299709442813596,0.0793398182154792,,,,,,,,,,,,,,,,,,
2013-12-31,2014-01,PRIMARY,B,OK,200,196,59,23,-0.014931006313953499,-0.12126455938113767,-0.07090324794369718,0.10633355306718417,,,,,,,,,,,,,,,,,,
2013-12-31,2014-01,PRIMARY,C,OK,200,196,59,23,-0.034156540201597196,-0.1414871270657616,-0.08852181699773454,0.10733058686416441,,,,,,,,,,,,,,,,,,
2013-12-31,2014-01,PRIMARY,D,OK,200,190,57,23,-0.03685754041584166,-0.15783034453245692,-0.09225152667523151,0.12097280411661526,0.0,0.0,0.0,,,,,,,,,,,,,,,
2014-01-31,2014-02,PRIMARY,A,OK,200,127,38,19,0.04654953836327591,0.0266113258150098,0.03657459115525663,0.01993821254826611,,,,,,,,,,,,,,,,,,
2014-01-31,2014-02,PRIMARY,B,OK,200,196,59,19,0.07216291172923506,0.03677254895457538,0.04618899925286857,0.03539036277465968,,,,,,,,,,,,,,,,,,
2014-01-31,2014-02,PRIMARY,C,OK,200,196,59,19,0.057432218960064896,0.020080876392173375,0.03598662220041926,0.03735134256789152,,,,,,,,,,,,,,,,,1.0,
2014-01-31,2014-02,PRIMARY,D,OK,200,189,57,19,0.057261002659511284,0.023340967497085474,0.03625926626675868,0.03392003516242581,0.0,0.0,0.0,,,,,,,1.0,0.0,1.0,0.0,,,,1.0,
2014-02-28,2014-03,PRIMARY,A,OK,200,126,38,20,0.04160653359668731,0.18908193777394833,0.12137695728477915,-0.14747540417726102,,,,,,,,,,,,,,,,,,
2014-02-28,2014-03,PRIMARY,B,OK,200,196,59,20,0.02613896010420569,0.18140988619355936,0.11035359316352822,-0.15527092608935367,,,,,,,,,,,,,,,,,,
2014-02-28,2014-03,PRIMARY,C,OK,200,196,59,20,0.0477975101560677,0.18588108413843085,0.12145794772679497,-0.13808357398236315,,,,,,,,,,,,,,,,,,
2014-02-28,2014-03,PRIMARY,D,OK,200,190,57,20,0.053604554435900065,0.17487204049051241,0.11524733200420778,-0.12126748605461235,57.0,57.0,190.0,,,,,,,,,1.0,0.0,1.0,0.0,,,
2014-03-31,2014-04,PRIMARY,A,OK,200,127,38,18,0.03961339675511111,0.04916862292264912,0.025255705698332465,-0.009555226167538011,,,,,,,,,,,,,,,,,,
2014-03-31,2014-04,PRIMARY,B,OK,200,198,59,18,0.046782411410314806,0.04171330344513269,0.023648650003546212,0.005069107965182118,,,,,,,,,,,,,,,,,,
2014-03-31,2014-04,PRIMARY,C,OK,200,198,59,18,0.034640344493425124,0.0456204451392308,0.02195759012685805,-0.01098010064580568,,,,,,,,,,,,,,,,,,
2014-03-31,2014-04,PRIMARY,D,OK,200,193,58,18,0.03312872253885901,0.036130082121957896,0.01787608670880081,-0.0030013595830988837,0.0,0.0,0.0,,,,,,,,,,,,,,,
2014-04-30,2014-05,PRIMARY,A,OK,200,129,39,21,0.10621822413692072,0.2759837399005449,0.1800218497405066,-0.1697655157636242,,,,,,,,,,,,,,,,,,
2014-04-30,2014-05,PRIMARY,B,OK,200,198,59,21,0.09814318632322139,0.2886248366462336,0.1730160077934002,-0.19048165032301223,,,,,,,,,,,,,,,,,,
2014-04-30,2014-05,PRIMARY,C,OK,200,198,59,21,0.10838732676468621,0.30414305220062965,0.19227169995926596,-0.19575572543594344,,,,,,,,,,,,,,,,,,
2014-04-30,2014-05,PRIMARY,D,OK,200,192,58,21,0.12206945424515503,0.3300488976268776,0.198589122571307,-0.20797944338172258,0.0,0.0,0.0,,,,,,,,,,,,,,,
2014-05-30,2014-06,PRIMARY,A,OK,200,129,39,21,0.11204866687793258,0.051451679365940306,0.0800662907298022,0.06059698751199227,,,,,,,,,,,,,,,,,,
2014-05-30,2014-06,PRIMARY,B,OK,200,198,59,21,0.14178079755536444,0.0678381988839949,0.08840020997137676,0.07394259867136954,,,,,,,,,,,,,,,,,,
2014-05-30,2014-06,PRIMARY,C,OK,200,198,59,21,0.12423837771705815,0.060814261645592005,0.0787460404928555,0.06342411607146614,,,,2.0,0.0,1.0,0.0,4.0,0.0,,,,,,,,,
2014-05-30,2014-06,PRIMARY,D,OK,200,191,57,21,0.1225185078026243,0.06271689236052103,0.07844335532422275,0.05980161544210327,0.0,0.0,0.0,2.0,0.0,1.0,0.0,4.0,0.0,1.0,0.0,4.0,0.0,2.0,0.0,,,
2014-06-30,2014-07,PRIMARY,A,OK,200,129,39,22,-0.035967597909946636,0.0026401691554969187,-0.02212860682649409,-0.038607767065443555,,,,,,,,,,,,,,,,,,
2014-06-30,2014-07,PRIMARY,B,OK,200,199,60,22,-0.03746242251461496,-0.013137018011193935,-0.040790791775608404,-0.024325404503421022,,,,,,,,,,,,,,,,,,
2014-06-30,2014-07,PRIMARY,C,OK,200,199,60,22,-0.0603839401751467,-0.022521874607617898,-0.05266322120603684,-0.0378620655675288,,,,,,,,,,,,,,,,,,
2014-06-30,2014-07,PRIMARY,D,OK,200,194,58,22,-0.059718645183375996,-0.04254492859285586,-0.054872101550406005,-0.01717371659052014,0.0,0.0,0.0,,,,,,,,,,,,,,,
2014-07-31,2014-08,PRIMARY,A,OK,200,124,37,19,0.0500364115205989,0.04768853161562481,0.05572310749364795,0.002347879904974093,,,,,,,,,,,,,,,,,,
2014-07-31,2014-08,PRIMARY,B,OK,200,198,59,19,0.06742016219239644,0.05247761274342899,0.053116055200160606,0.014942549448967446,,,,,,,,,,,,,,,,,,
2014-07-31,2014-08,PRIMARY,C,OK,200,199,60,19,0.041691445566407914,0.04064003712676212,0.03571788196801706,0.0010514084396457957,,,,,,,,,,,,,,,,,,
2014-07-31,2014-08,PRIMARY,D,OK,200,191,57,19,0.04108167578697097,0.04720898772771087,0.0374795722973178,-0.006127311940739899,0.0,0.0,0.0,,,,,,,,,,,,,,,
2014-08-28,2014-09,PRIMARY,A,OK,200,125,38,22,0.022512621511151742,0.027432004581008806,0.011770863890855132,-0.004919383069857064,,,,,,,,,,,,,,,,,,
2014-08-28,2014-09,PRIMARY,B,OK,200,199,60,22,0.036932276297245714,-0.000900526087510678,-0.007494739367889802,0.03783280238475639,,,,,,,,,,,,,,,,,,
2014-08-28,2014-09,PRIMARY,C,OK,200,199,60,22,0.0030256803544117528,0.002884759056605679,-0.020944778818271503,0.00014092129780607365,,,,,,,,,,,,,,,,,,
2014-08-28,2014-09,PRIMARY,D,OK,200,194,58,22,0.0031489323245577072,0.0015198824976869751,-0.021028031139106007,0.001629049826870732,0.0,0.0,0.0,,,,,,,,,,,,,,,
2014-09-30,2014-10,PRIMARY,A,OK,200,129,39,18,0.052019930462344766,0.03284023784032497,0.04800567153135549,0.019179692622019795,,,,,,,,,,,,,,,,,,
2014-09-30,2014-10,PRIMARY,B,OK,200,198,59,18,0.06527707664895521,0.0438620500066631,0.06182085660532399,0.021415026642292112,,,,,,,,,,,,,,,,,,
2014-09-30,2014-10,PRIMARY,C,OK,200,198,59,18,0.06919651919852221,0.05085451508189798,0.0637220926905202,0.018342004116624233,,,,,,,,,,,,,,,,,,
2014-09-30,2014-10,PRIMARY,D,OK,200,193,58,18,0.06890632333673752,0.052956801669025166,0.06514108578421274,0.015949521667712352,0.0,0.0,0.0,,,,,,,,,1.0,0.0,,,,,
2014-10-31,2014-11,PRIMARY,A,OK,200,128,38,18,0.0726585165405309,0.004273337489032469,0.04324863957169267,0.06838517905149843,,,,,,,,,,,,,,,,,,
2014-10-31,2014-11,PRIMARY,B,OK,200,198,59,18,0.014550718285261777,-0.007061506279529839,0.017549075531493763,0.021612224564791616,,,,,,,,,,,,,,,,,,
2014-10-31,2014-11,PRIMARY,C,OK,200,199,60,18,0.006660664045102793,-0.00337534983338883,0.01044300412766952,0.010036013878491623,,,,,,,,,,,,,,,,,,
2014-10-31,2014-11,PRIMARY,D,OK,200,190,57,18,0.004588309015160608,-0.009932171487682995,0.007542637974355504,0.014520480502843602,0.0,0.0,0.0,,,,,,,,,,,,,,,
2014-11-28,2014-12,PRIMARY,A,OK,200,128,38,22,0.03080195349636461,-0.029819239985170665,0.004711281502631337,0.060621193481535274,,,,,,,,,,,,,,,,,,
2014-11-28,2014-12,PRIMARY,B,OK,200,197,59,22,0.03340138992896846,-0.004791333002088449,0.012764818968163505,0.03819272293105691,,,,,,,,,,,,,,,,,,
2014-11-28,2014-12,PRIMARY,C,OK,200,198,59,22,0.0370828246275543,-0.016869093705189186,0.006533452590683497,0.05395191833274349,,,,,,,,,,,,,,,,,,
2014-11-28,2014-12,PRIMARY,D,OK,200,188,56,22,0.033846415813790776,-0.018607283393956342,0.0026580876008635013,0.05245369920774712,0.0,0.0,0.0,,,,,,,1.0,0.0,1.0,0.0,,,,,
2014-12-31,2015-01,PRIMARY,A,OK,200,129,39,21,0.057591698849114525,0.0356860344343497,0.04343688962694148,0.021905664414764825,,,,,,,,,,,,,,,,,,
2014-12-31,2015-01,PRIMARY,B,OK,200,194,58,21,0.051694693638849154,0.03290798368933334,0.044859777869521666,0.018786709949515812,,,,,,,,,,,,,,,,,,
2014-12-31,2015-01,PRIMARY,C,OK,200,195,59,21,0.0430763098998348,0.0354300926317761,0.04810631356642392,0.007646217268058697,,,,,,,,,,,,,,,,,,
2014-12-31,2015-01,PRIMARY,D,OK,200,187,56,21,0.05505806859588014,0.030023882648800404,0.048077371997598206,0.025034185947079735,0.0,0.0,0.0,,,,,,,,,2.0,0.0,1.0,0.0,,,
2015-01-30,2015-02,PRIMARY,A,OK,200,128,38,19,0.021292160086011425,-0.005546015643009161,0.02213761576138351,0.026838175729020586,,,,,,,,,,,,,,,,,,
2015-01-30,2015-02,PRIMARY,B,OK,200,194,58,19,0.014969817050942247,0.003732141405023759,0.019731541794819396,0.011237675645918488,,,,,,,,,,,,,,,,,,
2015-01-30,2015-02,PRIMARY,C,OK,200,194,58,19,0.013314535465468902,-0.003722957547877326,0.014489062254922747,0.017037493013346228,,,,,,,,,,,,,,,,,,
2015-01-30,2015-02,PRIMARY,D,OK,200,185,56,19,-0.006781992791171976,0.0033073989686618344,-0.002333288933563882,-0.01008939175983381,56.0,56.0,185.0,,,,,,,,,,,,,,,
2015-02-27,2015-03,PRIMARY,A,OK,200,127,38,21,0.021733569857122825,-0.03523393533808117,-0.01654989496103676,0.056967505195203993,,,,,,,,,,,,,,,,,,
2015-02-27,2015-03,PRIMARY,B,OK,200,195,59,21,0.0008832179891173908,-0.03489012032589567,-0.023843417425432056,0.03577333831501306,,,,,,,,,,,,,,,,,,
2015-02-27,2015-03,PRIMARY,C,OK,200,197,59,21,0.006906706698149634,-0.03912678139457615,-0.025877333528432356,0.04603348809272578,,,,,,,,,,,,,,,,,,
2015-02-27,2015-03,PRIMARY,D,OK,200,184,55,21,0.010470920431917774,-0.04453925347376386,-0.024234670426079852,0.055010173905681636,0.0,0.0,0.0,,,,,,,,,2.0,0.0,2.0,0.0,,,
2015-03-31,2015-04,PRIMARY,A,OK,200,129,39,19,-0.011778084258946553,0.02136316262443172,-0.011403190596562474,-0.03314124688337827,,,,,,,,,,,,,,,,,,
2015-03-31,2015-04,PRIMARY,B,OK,200,199,60,19,-0.049110279019114134,-0.01811561838694653,-0.031097688517853106,-0.030994660632167603,,,,,,,,,,,,,,,,,,
2015-03-31,2015-04,PRIMARY,C,OK,200,199,60,19,-0.05288368139277666,-0.01635909926226864,-0.03591234511248165,-0.03652458213050802,,,,,,,,,,,,,,,,1.0,2.0,
2015-03-31,2015-04,PRIMARY,D,OK,200,189,57,19,-0.04633145617341161,-0.013883782093337405,-0.033513316234505486,-0.03244767408007421,0.0,0.0,0.0,,,,,,,,,1.0,0.0,,,1.0,2.0,
2015-04-30,2015-05,PRIMARY,A,OK,200,129,39,20,0.02560316374176619,-0.00039375624131443576,0.0044643488936013664,0.025996919983080624,,,,,,,,,,,,,,,,,,
2015-04-30,2015-05,PRIMARY,B,OK,200,199,60,20,0.02559929600808286,-0.014537665895140162,0.0065379271683749796,0.04013696190322302,,,,,,,,,,,,,,,,,,
2015-04-30,2015-05,PRIMARY,C,OK,200,198,59,20,0.02027516101031357,-0.009105600098155198,0.003846107521285891,0.029380761108468767,,,,,,,,,,,,,,,,,1.0,
2015-04-30,2015-05,PRIMARY,D,OK,200,184,55,20,0.03740755610267854,-0.010806207388687539,0.007609320943054776,0.04821376349136608,0.0,0.0,0.0,,,,,,,,,1.0,0.0,,,,1.0,
2015-05-29,2015-06,PRIMARY,A,OK,200,129,39,22,0.02580628123923767,-0.034112042020989275,-0.002026494247910793,0.05991832326022695,,,,,,,,,,,,,,,,,,
2015-05-29,2015-06,PRIMARY,B,OK,200,198,59,22,-0.0022240510862687746,-0.045081394613711856,-0.01661987468415249,0.04285734352744308,,,,,,,,,,,,,,,,,,
2015-05-29,2015-06,PRIMARY,C,OK,200,199,60,22,-0.009574357375307208,-0.06877156746705071,-0.02408880886312792,0.0591972100917435,,,,,,,,1.0,1.0,,,,,,,,,
2015-05-29,2015-06,PRIMARY,D,OK,200,186,56,22,-3.604557851188961e-05,-0.06124153849219127,-0.01952238360808034,0.06120549291367938,0.0,0.0,0.0,,,,,,,1.0,0.0,3.0,0.0,1.0,0.0,,,
2015-06-30,2015-07,PRIMARY,A,OK,200,125,38,23,0.06737528184479036,0.007750091370742007,0.033157489163620824,0.05962519047404835,,,,,,,,,,,,,,,,,,
2015-06-30,2015-07,PRIMARY,B,OK,200,192,58,23,0.07172718895037478,0.013521109320288716,0.03924481167429583,0.05820607963008606,,,,,,,,,,,,,,,,,,
2015-06-30,2015-07,PRIMARY,C,OK,200,195,59,23,0.0696596786028425,0.015080256440183515,0.04135828375814543,0.054579422162658986,,,,,,,,,,,,,,,,,,
2015-06-30,2015-07,PRIMARY,D,OK,200,186,56,23,0.06350171372550895,0.007958101583445787,0.03778963233547605,0.05554361214206316,0.0,0.0,0.0,,,,,,,,,,,,,,,
2015-07-31,2015-08,PRIMARY,A,OK,200,125,38,21,-0.06734217755706517,-0.11469089301496582,-0.0854469232777203,0.04734871545790065,,,,,,,,,,,,,,,,,,
2015-07-31,2015-08,PRIMARY,B,OK,200,191,57,21,-0.08036946114637966,-0.13533487292305346,-0.10072452396268516,0.0549654117766738,,,,,,,,,,,,,,,,,,
2015-07-31,2015-08,PRIMARY,C,OK,200,191,57,21,-0.08399997192238451,-0.16154970936481583,-0.11204025966213982,0.07754973744243132,,,,,,,,,,,,,,,,,,
2015-07-31,2015-08,PRIMARY,D,OK,200,180,54,21,-0.08505989288948024,-0.15367533955018287,-0.10764444510081939,0.06861544666070263,0.0,0.0,0.0,,,,,,,,,2.0,0.0,2.0,0.0,,,
2015-08-31,2015-09,PRIMARY,A,OK,200,129,39,20,0.012671988459721728,0.034267001780559525,0.022200211461875563,-0.021595013320837797,,,,,,,,,,,,,,,,,,
2015-08-31,2015-09,PRIMARY,B,OK,200,196,59,20,0.05128737025993124,0.042727223944884374,0.03669740825959433,0.008560146315046868,,,,,,,,,,,,,,,,,,
2015-08-31,2015-09,PRIMARY,C,OK,200,199,60,20,0.05595441785634159,0.05020702317536396,0.03994812907297707,0.005747394680977624,,,,,,,,,,,,,,,,,,
2015-08-31,2015-09,PRIMARY,D,OK,200,189,57,20,0.05518505338255242,0.04763398339212532,0.04280846256123372,0.007551069990427095,0.0,0.0,0.0,,,,,,,,,3.0,0.0,2.0,0.0,,,
2015-09-30,2015-10,PRIMARY,A,OK,200,129,39,20,0.02194884562105548,0.048673089978530815,0.03308813971099056,-0.026724244357475335,,,,,,,,,,,,,,,,,,
2015-09-30,2015-10,PRIMARY,B,OK,200,196,59,20,-0.0035685768997278933,0.06033521260442898,0.02340797853739196,-0.06390378950415687,,,,,,,,,,,,,,,,,,
2015-09-30,2015-10,PRIMARY,C,OK,200,198,59,20,-0.005584313828196574,0.055548656269092556,0.01833544790998798,-0.06113297009728913,,,,,,,,,,,,,,,,,,
2015-09-30,2015-10,PRIMARY,D,OK,200,188,56,20,-0.002495073801667913,0.04883027438590615,0.015332340196646754,-0.05132534818757406,0.0,0.0,0.0,,,,,,,,,,,,,,,
2015-10-30,2015-11,PRIMARY,A,OK,200,128,38,19,-0.0008714375343903402,0.01596367574429869,0.014553263107722314,-0.01683511327868903,,,,,,,,,,,,,,,,,,
2015-10-30,2015-11,PRIMARY,B,OK,200,197,59,19,0.009919594603586379,0.032358276727337154,0.017953831868049663,-0.022438682123750775,,,,,,,,,,,,,,,,,,
2015-10-30,2015-11,PRIMARY,C,OK,200,198,59,19,-0.0030184983245232777,0.025368034946427365,0.012657494602136499,-0.028386533270950642,,,,,,,,,,,,,,,,,,
2015-10-30,2015-11,PRIMARY,D,OK,200,189,57,19,-0.002613123775439541,0.02031510552740312,0.010630684107340915,-0.022928229302842662,0.0,0.0,0.0,,,,,,,,,,,,,,,
2015-11-30,2015-12,PRIMARY,A,OK,200,129,39,22,0.02622570134006552,-0.0006996093770385015,0.015640427981481908,0.026925310717104023,,,,,,,,,,,,,,,,,,
2015-11-30,2015-12,PRIMARY,B,OK,200,198,59,22,0.011634196149427511,-0.005156132254811485,0.006228450377543604,0.016790328404238997,,,,,,,,,,,,,,,,,,
2015-11-30,2015-12,PRIMARY,C,OK,200,198,59,22,0.022428767105099556,0.0028403220610646596,0.012370236001663981,0.019588445044034897,,,,,,,,,,,,,,,,,,
2015-11-30,2015-12,PRIMARY,D,OK,200,189,57,22,0.019187033570505108,-0.0008743906430959125,0.010654892662212312,0.02006142421360102,0.0,0.0,0.0,,,,,,,,,,,,,,,
2015-12-31,2016-01,PRIMARY,A,OK,200,129,39,20,-0.0698752027626589,-0.12715220443900188,-0.08211092704497858,0.057277001676342976,,,,,,,,,,,,,,,,,,
2015-12-31,2016-01,PRIMARY,B,OK,200,197,59,20,-0.10119518640315406,-0.12371523531483086,-0.09354139484984525,0.022520048911676804,,,,,,,,,,,,,,,,,,
2015-12-31,2016-01,PRIMARY,C,OK,200,198,59,20,-0.11250560970027235,-0.15254154180744084,-0.10815080357495999,0.04003593210716849,,,,1.0,1.0,,,1.0,1.0,,,,,,,,,
2015-12-31,2016-01,PRIMARY,D,OK,200,190,57,20,-0.10229554628942095,-0.1452633997111501,-0.10323521312391759,0.04296785342172915,0.0,0.0,0.0,1.0,1.0,,,1.0,1.0,1.0,0.0,1.0,0.0,,,,,
2016-01-29,2016-02,PRIMARY,A,OK,200,129,39,21,-0.09146199042729986,-0.07693152309970408,-0.07079754473328526,-0.014530467327595775,,,,,,,,,,,,,,,,,,
2016-01-29,2016-02,PRIMARY,B,OK,200,196,59,21,-0.11252062297606313,-0.06187772125476643,-0.0765886759077864,-0.05064290172129671,,,,,,,,,,,,,,,,,,
2016-01-29,2016-02,PRIMARY,C,OK,200,198,59,21,-0.10807239023815329,-0.07976424790646852,-0.08080181158816768,-0.02830814233168477,,,,,,,,,,,,,,,,1.0,1.0,
2016-01-29,2016-02,PRIMARY,D,OK,200,190,57,21,-0.10615799676552096,-0.0710123703458897,-0.07788503434206206,-0.03514562641963126,0.0,0.0,0.0,,,,,,,,,,,,,1.0,1.0,
2016-02-29,2016-03,PRIMARY,A,OK,200,129,39,20,0.07608306796792563,0.15322634900849397,0.09113052417260747,-0.07714328104056833,,,,,,,,,,,,,,,,,,
2016-02-29,2016-03,PRIMARY,B,OK,200,196,59,20,0.08191059792600197,0.1402787226760005,0.09689457040567473,-0.05836812474999853,,,,,,,,,,,,,,,,,,
2016-02-29,2016-03,PRIMARY,C,OK,200,197,59,20,0.07650548604215657,0.15582516368099109,0.09917110900795456,-0.07931967763883452,,,,,,,,,,,,,,,,,,
2016-02-29,2016-03,PRIMARY,D,OK,200,188,56,20,0.07815932017934069,0.1519712839685481,0.10348608674292814,-0.0738119637892074,0.0,0.0,0.0,,,,,,,,,2.0,0.0,,,,,
2016-03-31,2016-04,PRIMARY,A,OK,200,129,39,18,0.05325771598583473,0.03355193385034161,0.043382200112191516,0.019705782135493122,,,,,,,,,,,,,,,,,,
2016-03-31,2016-04,PRIMARY,B,OK,200,195,59,18,0.03278718850732876,0.033991178725827575,0.033339109626459695,-0.0012039902184988183,,,,,,,,,,,,,,,,,,
2016-03-31,2016-04,PRIMARY,C,OK,200,195,59,18,0.03667494532229476,0.03574724076600955,0.03518644230197032,0.0009277045562852138,,,,,,,,,,,,,,,,,,
2016-03-31,2016-04,PRIMARY,D,OK,200,189,57,18,0.03712464911183733,0.03528159068656134,0.03480746324444173,0.0018430584252759896,0.0,0.0,0.0,,,,,,,,,,,,,,,
2016-04-29,2016-05,PRIMARY,A,OK,200,129,39,22,0.012196297103059361,-0.015891903373469907,0.011905656096021788,0.028088200476529268,,,,,,,,,,,,,,,,,,
2016-04-29,2016-05,PRIMARY,B,OK,200,195,59,22,0.003356553119208794,-0.015773015328476414,0.004665685068499625,0.019129568447685208,,,,,,,,,,,,,,,,,,
2016-04-29,2016-05,PRIMARY,C,OK,200,198,59,22,0.003231734175758616,-0.009686890159887884,0.005634199423905528,0.0129186243356465,,,,,,,,,,,,,,,,,,
2016-04-29,2016-05,PRIMARY,D,OK,200,191,57,22,0.0027492390862784433,-0.02101522419654367,0.0038646514006848154,0.023764463282822113,0.0,0.0,0.0,,,,,,,,,,,,,,,
2016-05-31,2016-06,PRIMARY,A,OK,200,129,39,22,0.05597360341782798,0.09579002317348362,0.06629163462790877,-0.03981641975565564,,,,,,,,,,,,,,,,,,
2016-05-31,2016-06,PRIMARY,B,OK,200,196,59,22,0.05802468596217891,0.0893743704873502,0.06379135738903652,-0.031349684525171284,,,,,,,,,,,,,,,,,,
2016-05-31,2016-06,PRIMARY,C,OK,200,197,59,22,0.04536720676776995,0.10626815943809365,0.06394481323895818,-0.060900952670323694,,,,,,,,,,,,,,,,,,
2016-05-31,2016-06,PRIMARY,D,OK,200,191,57,22,0.04612401223946949,0.09751291600723211,0.061325488752614676,-0.05138890376776262,0.0,0.0,0.0,,,,,,,,,,,,,,,
2016-06-30,2016-07,PRIMARY,A,OK,200,129,39,20,0.0726606611873779,0.06248944103788179,0.06073297915817433,0.010171220149496119,,,,,,,,,,,,,,,,,,
2016-06-30,2016-07,PRIMARY,B,OK,200,196,59,20,0.05329923305940243,0.05283051649173598,0.04957971995227761,0.00046871656766644954,,,,,,,,,,,,,,,,,,
2016-06-30,2016-07,PRIMARY,C,OK,200,195,59,20,0.05445617734005603,0.06264419231467233,0.05163966427501698,-0.008188014974616298,,,,,,,,,,,,,,,,,,
2016-06-30,2016-07,PRIMARY,D,OK,200,191,57,20,0.05360328648120749,0.05799516884093969,0.051346616151182634,-0.004391882359732202,0.0,0.0,0.0,,,,,,,,,,,,,,,
2016-07-29,2016-08,PRIMARY,A,OK,200,129,39,22,0.015621762534083983,0.011113039669022884,0.012748009351607026,0.004508722865061099,,,,,,,,,,,,,,,,,,
2016-07-29,2016-08,PRIMARY,B,OK,200,195,59,22,0.0266796914238423,0.0064972638746554345,0.017748879704486242,0.020182427549186865,,,,,,,,,,,,,,,,,,
2016-07-29,2016-08,PRIMARY,C,OK,200,195,59,22,0.025622233574869258,0.0066767837925896245,0.014652074474266641,0.018945449782279633,,,,,,,,,,,,,,,,,,
2016-07-29,2016-08,PRIMARY,D,OK,200,189,57,22,0.029774875044139337,0.003344641043857788,0.0159095061122958,0.02643023400028155,0.0,0.0,0.0,,,,,,,,,1.0,0.0,1.0,0.0,,,
2016-08-31,2016-09,PRIMARY,A,OK,200,130,39,20,0.03137093702345095,0.024631866751591902,0.02437383499005774,0.006739070271859049,,,,,,,,,,,,,,,,,,
2016-08-31,2016-09,PRIMARY,B,OK,200,196,59,20,0.03609931221904095,0.040399007726185765,0.031268862599968195,-0.004299695507144818,,,,,,,,,,,,,,,,,,
2016-08-31,2016-09,PRIMARY,C,OK,200,195,59,20,0.043563547576486616,0.03708288757712941,0.03312645825871319,0.006480659999357208,,,,,,,,,,,,,,,,,,
2016-08-31,2016-09,PRIMARY,D,OK,200,190,57,20,0.04393255535501095,0.038889671958338035,0.03420212692535696,0.005042883396672915,0.0,0.0,0.0,,,,,,,,,,,,,,,
2016-09-30,2016-10,PRIMARY,A,OK,200,130,39,18,0.027153685458685795,0.004576163397093325,0.012090017048389523,0.02257752206159247,,,,,,,,,,,,,,,,,,
2016-09-30,2016-10,PRIMARY,B,OK,200,193,58,18,0.026849345485006504,0.0006525762230971122,0.007050907335267587,0.02619676926190939,,,,,,,,,,,,,,,,,,
2016-09-30,2016-10,PRIMARY,C,OK,200,193,58,18,0.008612100857057436,0.003372408337999344,0.0019176629244150867,0.005239692519058092,,,,,,,,,,,,,,,,,,
2016-09-30,2016-10,PRIMARY,D,OK,200,187,56,18,0.004144275830416433,0.0027202023163073186,0.0003824449356104598,0.0014240735141091143,56.0,56.0,187.0,,,,,,,,,1.0,0.0,,,,,
2016-10-28,2016-11,PRIMARY,A,OK,200,130,39,21,-0.08901288242948535,-0.029534941997310105,-0.054924398040302025,-0.05947794043217525,,,,,,,,,,,,,,,,,,
2016-10-28,2016-11,PRIMARY,B,OK,200,192,58,21,-0.1027109051570333,-0.052819761545855326,-0.07457885792861241,-0.04989114361117797,,,,,,,,,,,,,,,,,,
2016-10-28,2016-11,PRIMARY,C,OK,200,192,58,21,-0.10390981744143368,-0.05638169562748818,-0.07909100816154668,-0.0475281218139455,,,,,,,,,,,,,,,,,,
2016-10-28,2016-11,PRIMARY,D,OK,200,187,56,21,-0.10698250173509494,-0.06008882666055115,-0.08003523776463062,-0.046893675074543784,0.0,0.0,0.0,,,,,,,,,,,,,,,
2016-11-30,2016-12,PRIMARY,A,OK,200,132,40,22,-0.003554348465739876,-0.012873263485391861,-0.011558380125687884,0.009318915019651985,,,,,,,,,,,,,,,,,,
2016-11-30,2016-12,PRIMARY,B,OK,200,194,58,22,-0.0023742165416978933,-0.0028768337845060943,-0.005544533752038783,0.000502617242808201,,,,,,,,,,,,,,,,,,
2016-11-30,2016-12,PRIMARY,C,OK,200,194,58,22,0.0006530816946341833,-0.008086258095471477,-0.005718603943655753,0.00873933979010566,,,,,,,,,,,,,,,,,,
2016-11-30,2016-12,PRIMARY,D,OK,200,188,56,22,0.002672080926571674,-0.010548724920863006,-0.005171003425257115,0.01322080584743468,0.0,0.0,0.0,,,,,,,,,1.0,0.0,,,,,
2016-12-30,2017-01,PRIMARY,A,OK,200,132,40,21,0.13369163135829987,0.05356228582612843,0.08942574921390967,0.08012934553217144,,,,,,,,,,,,,,,,,,
2016-12-30,2017-01,PRIMARY,B,OK,200,193,58,21,0.11760149814588217,0.05403033000380919,0.08514975607810493,0.06357116814207298,,,,,,,,,,,,,,,,,,
2016-12-30,2017-01,PRIMARY,C,OK,200,193,58,21,0.0943381540798729,0.06474829475187915,0.07887290998329988,0.02958985932799374,,,,,,,,,,,,,,,,1.0,1.0,
2016-12-30,2017-01,PRIMARY,D,OK,200,188,56,21,0.10813332217322258,0.06262947972279909,0.08281911202304926,0.04550384245042349,0.0,0.0,0.0,,,,,,,1.0,0.0,1.0,0.0,,,1.0,1.0,
2017-01-31,2017-02,PRIMARY,A,OK,200,132,40,19,0.0212437798214844,0.06365487981762064,0.04345206858702677,-0.04241109999613624,,,,,,,,,,,,,,,,,,
2017-01-31,2017-02,PRIMARY,B,OK,200,192,58,19,0.03740295066465671,0.06888027115672801,0.046003773979461426,-0.0314773204920713,,,,,,,,,,,,,,,,,,
2017-01-31,2017-02,PRIMARY,C,OK,200,194,58,19,0.02670442802684847,0.08004543617296256,0.04706724385342098,-0.05334100814611409,,,,,,,,,,,,,,,,,,
2017-01-31,2017-02,PRIMARY,D,OK,200,189,57,19,0.0341035612105991,0.08032615214431416,0.047221946561368355,-0.04622259093371506,0.0,0.0,0.0,,,,,,,1.0,0.0,2.0,0.0,,,,,
2017-02-28,2017-03,PRIMARY,A,OK,200,132,40,22,0.03461828652435517,0.02475818455334644,0.03670444047869825,0.009860101971008728,,,,,,,,,,,,,,,,,,
2017-02-28,2017-03,PRIMARY,B,OK,200,194,58,22,0.04126684145472925,0.017716017804575213,0.036276393833147624,0.02355082365015404,,,,,,,,,,,,,,,,,,
2017-02-28,2017-03,PRIMARY,C,OK,200,194,58,22,0.042473882740469815,0.022450902921984817,0.03980100383379481,0.020022979818485,,,,,,,,,,,,,,,,,,
2017-02-28,2017-03,PRIMARY,D,OK,200,189,57,22,0.041262622287762785,0.018753482159763246,0.039708958849210996,0.02250914012799954,0.0,0.0,0.0,,,,,,,,,,,,,,,
2017-03-31,2017-04,PRIMARY,A,OK,200,132,40,18,0.06385547745310194,-0.006818680813679867,0.03733802557537591,0.0706741582667818,,,,,,,,,,,,,,,,,,
2017-03-31,2017-04,PRIMARY,B,OK,200,191,57,18,0.060678640684533214,0.005213320268233623,0.04583354563842934,0.05546532041629959,,,,,,,,,,,,,,,,,,
2017-03-31,2017-04,PRIMARY,C,OK,200,192,58,18,0.07794092778657036,0.00893897010715028,0.0447477341688407,0.06900195767942008,,,,,,,,,,,,,,,,1.0,1.0,
2017-03-31,2017-04,PRIMARY,D,OK,200,186,56,18,0.05949876001727272,0.00809976369737031,0.038357348570258853,0.05139899631990241,0.0,0.0,0.0,,,,,,,1.0,0.0,2.0,0.0,1.0,0.0,1.0,1.0,
2017-04-28,2017-05,PRIMARY,A,OK,200,132,40,22,0.00532410249210713,-0.010680692799353353,-0.004139734607945034,0.016004795291460483,,,,,,,,,,,,,,,,,,
2017-04-28,2017-05,PRIMARY,B,OK,200,190,57,22,-0.03006959755525418,-0.03125510031290302,-0.019789804052161353,0.0011855027576488375,,,,,,,,,,,,,,,,,,
2017-04-28,2017-05,PRIMARY,C,OK,200,192,58,22,-0.039090519457290474,-0.0431647953512333,-0.03034064723029306,0.004074275893942825,,,,,,,,,,,,,,,,1.0,1.0,
2017-04-28,2017-05,PRIMARY,D,OK,200,186,56,22,-0.03576707876912444,-0.04231794250582055,-0.027526127693296654,0.006550863736696111,0.0,0.0,0.0,,,,,,,,,,,,,1.0,1.0,
2017-05-31,2017-06,PRIMARY,A,OK,200,132,40,21,0.011829257255694836,0.016991849597179698,0.012081556054901244,-0.005162592341484862,,,,,,,,,,,,,,,,,,
2017-05-31,2017-06,PRIMARY,B,OK,200,193,58,21,0.014324214902604826,0.01015738387494447,0.009184053042318396,0.004166831027660356,,,,,,,,,,,,,,,,,,
2017-05-31,2017-06,PRIMARY,C,OK,200,194,58,21,0.04161004355393905,0.015167479570869613,0.01721860578821155,0.026442563983069434,,,,,,,,,,,,,,,,,,
2017-05-31,2017-06,PRIMARY,D,OK,200,186,56,21,0.04151972910105095,0.014286882220144959,0.017796561078371687,0.027232846880905992,0.0,0.0,0.0,,,,,,,,,1.0,0.0,,,,,
2017-06-30,2017-07,PRIMARY,A,OK,200,132,40,21,0.07393422188441812,0.02504945090125399,0.047547628962381294,0.04888477098316413,,,,,,,,,,,,,,,,,,
2017-06-30,2017-07,PRIMARY,B,OK,200,192,58,21,0.05381446229404707,0.03797741730437565,0.041587115358510784,0.015837044989671423,,,,,,,,,,,,,,,,,,
2017-06-30,2017-07,PRIMARY,C,OK,200,195,59,21,0.05365182021304782,0.050555104352587144,0.04973127763933727,0.003096715860460675,,,,,,,,,,,,,,,,,1.0,
2017-06-30,2017-07,PRIMARY,D,OK,200,187,56,21,0.05065152764801284,0.04528546346122897,0.048896081863878615,0.00536606418678387,0.0,0.0,0.0,,,,,,,,,1.0,0.0,,,,1.0,
2017-07-31,2017-08,PRIMARY,A,OK,200,134,40,21,0.04433492736376321,-0.038614460157363695,0.0012172598323241246,0.0829493875211269,,,,,,,,,,,,,,,,,,
2017-07-31,2017-08,PRIMARY,B,OK,200,192,58,21,0.01785087923056672,-0.01847135912701825,0.0002470516528096933,0.03632223835758497,,,,,,,,,,,,,,,,,,
2017-07-31,2017-08,PRIMARY,C,OK,200,194,58,21,0.011825773309602994,-0.02462833465087777,-0.0030665198454369325,0.036454107960480764,,,,,,,,,,,,,,,,,,
2017-07-31,2017-08,PRIMARY,D,OK,200,185,56,21,0.010946940215238454,-0.02396793254325813,-0.001551145036224777,0.034914872758496585,0.0,0.0,0.0,,,,,,,1.0,0.0,1.0,0.0,,,,,
2017-08-31,2017-09,PRIMARY,A,OK,200,135,41,21,0.0160820197456506,0.006131928996841118,-0.0027076412776922965,0.009950090748809481,,,,,,,,,,,,,,,,,,
2017-08-31,2017-09,PRIMARY,B,OK,200,194,58,21,0.005580714708640411,-0.011830940055630124,-0.011841344454892933,0.017411654764270534,,,,,,,,,,,,,,,,,,
2017-08-31,2017-09,PRIMARY,C,OK,200,194,58,21,-0.017849318030353722,-0.020620415859537333,-0.02409260012923009,0.002771097829183611,,,,,,,,,,,,,,,,,,
2017-08-31,2017-09,PRIMARY,D,OK,200,184,55,21,-0.016018501855830536,-0.018033519822820976,-0.022136874298525733,0.00201501796699044,0.0,0.0,0.0,,,,,,,1.0,0.0,2.0,0.0,,,,,
2017-09-29,2017-10,PRIMARY,A,OK,200,135,41,20,0.09235986373993055,0.08274227542399903,0.08817466421191766,0.009617588315931513,,,,,,,,,,,,,,,,,,
2017-09-29,2017-10,PRIMARY,B,OK,200,192,58,20,0.13170464269170434,0.09728306000219678,0.10946564332445541,0.03442158268950757,,,,,,,,,,,,,,,,,,
2017-09-29,2017-10,PRIMARY,C,OK,200,194,58,20,0.10510732471500028,0.08371864050943634,0.09689174175696014,0.021388684205563946,,,,,,,,,,,,,,,,,,
2017-09-29,2017-10,PRIMARY,D,OK,200,185,56,20,0.10534566458903494,0.07741163085188218,0.09305483077570242,0.027934033737152753,0.0,0.0,0.0,,,,,,,,,1.0,0.0,1.0,0.0,,,
2017-10-31,2017-11,PRIMARY,A,OK,200,135,41,22,-0.011411162079874693,-0.012571832642254921,-0.011884027396884322,0.0011606705623802283,,,,,,,,,,,,,,,,,,
2017-10-31,2017-11,PRIMARY,B,OK,200,191,57,22,0.005946792292959691,-0.01789614589413724,-0.014143240194206319,0.02384293818709693,,,,,,,,,,,,,,,,,,
2017-10-31,2017-11,PRIMARY,C,OK,200,194,58,22,-0.002558685306014552,-0.027342902036952776,-0.01912241507705692,0.024784216730938224,,,,1.0,1.0,,,1.0,1.0,,,,,,,,,
2017-10-31,2017-11,PRIMARY,D,OK,200,184,55,22,-0.0014011104588724788,-0.02480801957850476,-0.01617827246846837,0.02340690911963228,0.0,0.0,0.0,1.0,1.0,,,1.0,1.0,,,,,,,,,
2017-11-30,2017-12,PRIMARY,A,OK,200,135,41,20,0.0628062993485039,0.07640354730162469,0.05990999590407098,-0.013597247953120783,,,,,,,,,,,,,,,,,,
2017-11-30,2017-12,PRIMARY,B,OK,200,193,58,20,0.08080855065118753,0.05000459383372946,0.05951041853828065,0.030803956817458067,,,,,,,,,,,,,,,,,,
2017-11-30,2017-12,PRIMARY,C,OK,200,195,59,20,0.08449121773233093,0.08208807971504828,0.07363732304847503,0.0024031380172826466,,,,,,,,,,,,,,,,,,
2017-11-30,2017-12,PRIMARY,D,OK,200,184,55,20,0.0888240405868479,0.08471967020183446,0.07515063834737323,0.004104370385013434,0.0,0.0,0.0,,,,,,,,,,,,,,,
2017-12-29,2018-01,PRIMARY,A,OK,200,137,41,22,-0.002406162475010909,-0.01287747637597747,0.0004304458812016687,0.010471313900966561,,,,,,,,,,,,,,,,,,
2017-12-29,2018-01,PRIMARY,B,OK,200,194,58,22,-0.01860046979119334,-0.017794871414914093,-0.015610210451840523,-0.0008055983762792485,,,,,,,,,,,,,,,,,,
2017-12-29,2018-01,PRIMARY,C,OK,200,196,59,22,-0.01689733117018355,-0.026333925067085318,-0.016220548679516056,0.009436593896901768,,,,,,,,,,,,,,,,,,
2017-12-29,2018-01,PRIMARY,D,OK,200,186,56,22,-0.013573032669712215,-0.025014133295541918,-0.01448396006085706,0.011441100625829703,0.0,0.0,0.0,,,,,,,2.0,0.0,2.0,0.0,,,,,
2018-01-31,2018-02,PRIMARY,A,OK,200,138,41,19,-0.03887837211720235,-0.05142430640236706,-0.04514563788888648,0.012545934285164706,,,,,,,,,,,,,,,,,,
2018-01-31,2018-02,PRIMARY,B,OK,200,196,59,19,-0.04245704845455733,-0.04587759312119355,-0.0476049129843632,0.003420544666636216,,,,,,,,,,,,,,,,,,
2018-01-31,2018-02,PRIMARY,C,OK,200,197,59,19,-0.04915718673994518,-0.048316334197847755,-0.049043026581945925,-0.0008408525420974255,,,,,,,,,,,,,,,,,,
2018-01-31,2018-02,PRIMARY,D,OK,200,185,56,19,-0.051553054323840386,-0.0479837392203033,-0.046268522478976726,-0.003569315103537085,0.0,0.0,0.0,,,,,,,1.0,0.0,1.0,0.0,,,,,
2018-02-28,2018-03,PRIMARY,A,OK,200,139,42,19,-0.02725993441345831,-0.05395671939474289,-0.03369848962354116,0.026696784981284583,,,,,,,,,,,,,,,,,,
2018-02-28,2018-03,PRIMARY,B,OK,200,197,59,19,-0.014728806702805852,-0.060666727105265106,-0.03273030548516043,0.045937920402459254,,,,,,,,,,,,,,,,,,
2018-02-28,2018-03,PRIMARY,C,OK,200,197,59,19,-0.012294962325912984,-0.06109946778471509,-0.03196813971216761,0.048804505458802105,,,,,,,,,,,,,,,,,,
2018-02-28,2018-03,PRIMARY,D,OK,200,187,56,19,-0.00513959592366775,-0.06306441257035711,-0.02905665049979056,0.05792481664668936,0.0,0.0,0.0,,,,,,,,,,,,,,,
2018-03-28,2018-04,PRIMARY,A,OK,200,140,42,21,0.051435642301291384,0.018770894568281404,0.035778911283927295,0.03266474773300998,,,,,,,,,,,,,,,,,,
2018-03-28,2018-04,PRIMARY,B,OK,200,198,59,21,0.07295610624053173,0.006780616778851556,0.04095206956419206,0.06617548946168017,,,,,,,,,,,,,,,,,,
2018-03-28,2018-04,PRIMARY,C,OK,200,198,59,21,0.07634607398380755,-0.007606986103729785,0.0385307246485318,0.08395306008753733,,,,,,1.0,1.0,1.0,1.0,,,,,,,,,
2018-03-28,2018-04,PRIMARY,D,OK,200,187,56,21,0.0579573312792363,-0.007464893433812292,0.033861605016102025,0.0654222247130486,0.0,0.0,0.0,,,1.0,1.0,1.0,1.0,1.0,0.0,1.0,0.0,,,,,
2018-04-30,2018-05,PRIMARY,A,OK,200,140,42,22,-0.023966642090749612,-0.07152907927070895,-0.04706287835787648,0.04756243717995934,,,,,,,,,,,,,,,,,,
2018-04-30,2018-05,PRIMARY,B,OK,200,197,59,22,-0.0417720404767592,-0.06746602654153433,-0.051402091496561275,0.02569398606477513,,,,,,,,,,,,,,,,,,
2018-04-30,2018-05,PRIMARY,C,OK,200,198,59,22,-0.035087910567385694,-0.06395269706102347,-0.04857083874028345,0.028864786493637773,,,,,,,,,,,,,,,,,,
2018-04-30,2018-05,PRIMARY,D,OK,200,189,57,22,-0.039432566719498685,-0.06944228536671337,-0.05186432068867852,0.03000971864721469,0.0,0.0,0.0,,,,,,,1.0,0.0,2.0,0.0,1.0,0.0,,,
2018-05-31,2018-06,PRIMARY,A,OK,200,140,42,21,-0.03280651440862503,-0.04884357542107498,-0.035277222663384955,0.01603706101244995,,,,,,,,,,,,,,,,,,
2018-05-31,2018-06,PRIMARY,B,OK,200,197,59,21,-0.032939530308288556,-0.049277292069574874,-0.04356317709845703,0.016337761761286318,,,,,,,,,,,,,,,,,,
2018-05-31,2018-06,PRIMARY,C,OK,200,197,59,21,-0.03734996061400975,-0.06047461070070215,-0.046068828841420606,0.0231246500866924,,,,1.0,0.0,,,1.0,0.0,,,,,,,,,
2018-05-31,2018-06,PRIMARY,D,OK,200,186,56,21,-0.03831450383323709,-0.061368541479487004,-0.04593453992545371,0.023054037646249914,0.0,0.0,0.0,,,,,,,1.0,0.0,1.0,0.0,,,,,
2018-06-29,2018-07,PRIMARY,A,OK,200,141,42,22,0.06792482788235632,0.07417770800617385,0.0629170760550597,-0.006252880123817528,,,,,,,,,,,,,,,,,,
2018-06-29,2018-07,PRIMARY,B,OK,200,196,59,22,0.06532028379009547,0.10090165726401201,0.0670925872123449,-0.035581373473916544,,,,,,,,,,,,,,,,,,
2018-06-29,2018-07,PRIMARY,C,OK,200,197,59,22,0.052999997453886394,0.09242982855332427,0.06170633931644676,-0.03942983109943787,,,,2.0,1.0,,,2.0,1.0,,,,,,,,,
2018-06-29,2018-07,PRIMARY,D,OK,200,186,56,22,0.05437234693420723,0.07968157321192781,0.05964060108792002,-0.025309226277720587,0.0,0.0,0.0,2.0,1.0,,,2.0,1.0,,,,,,,,,
2018-07-31,2018-08,PRIMARY,A,OK,200,142,43,21,0.02682113202302583,0.016708845446974152,0.036617093164411196,0.010112286576051677,,,,,,,,,,,,,,,,,,
2018-07-31,2018-08,PRIMARY,B,OK,200,196,59,21,0.03628628625220953,0.029003399573922506,0.03825057742997906,0.007282886678287026,,,,,,,,,,,,,,,,,,
2018-07-31,2018-08,PRIMARY,C,OK,200,198,59,21,0.0357368391051931,0.04214101829477279,0.04249017079194228,-0.006404179189579695,,,,,,,,,,,,,,,,,,
2018-07-31,2018-08,PRIMARY,D,OK,200,187,56,21,0.03841249282171044,0.03562593195170649,0.040496212734631554,0.0027865608700039513,0.0,0.0,0.0,,,,,,,,,,,,,,,
2018-08-31,2018-09,PRIMARY,A,OK,200,143,43,18,-0.10256809927933463,-0.11737957682573452,-0.10504245234254939,0.014811477546399887,,,,,,,,,,,,,,,,,,
2018-08-31,2018-09,PRIMARY,B,OK,200,197,59,18,-0.12616556168857018,-0.13807237071385936,-0.1287859999658988,0.011906809025289178,,,,,,,,,,,,,,,,,,
2018-08-31,2018-09,PRIMARY,C,OK,200,198,59,18,-0.11972813308847785,-0.16165556460754082,-0.13830327909682127,0.041927431519062974,,,,,,,,,,,,,,,,,,
2018-08-31,2018-09,PRIMARY,D,OK,200,186,56,18,-0.11641576392199582,-0.14249842893108533,-0.12382000707651708,0.026082665009089512,0.0,0.0,0.0,,,,,,,,,3.0,0.0,,,,,
2018-09-28,2018-10,PRIMARY,A,OK,200,146,44,21,0.006539690276856636,0.0003682424376547644,-0.0010867911083354276,0.006171447839201871,,,,,,,,,,,,,,,,,,
2018-09-28,2018-10,PRIMARY,B,OK,200,197,59,21,-0.0008808065192181802,0.013359241291681423,0.004900623346627553,-0.014240047810899603,,,,,,,,,,,,,,,,,,
2018-09-28,2018-10,PRIMARY,C,OK,200,197,59,21,-0.00887104808778616,0.019298622675513633,0.0023668300292041256,-0.028169670763299792,,,,,,,,,,,,,,,,,,
2018-09-28,2018-10,PRIMARY,D,OK,200,187,56,21,-0.015720114097731885,0.00955394812740118,-0.0011393385274368617,-0.025274062225133065,0.0,0.0,0.0,,,,,,,,,1.0,0.0,,,,,
2018-10-31,2018-11,PRIMARY,A,OK,200,146,44,20,0.024770195130029427,0.006434269282381999,0.02065299793188613,0.018335925847647427,,,,,,,,,,,,,,,,,,
2018-10-31,2018-11,PRIMARY,B,OK,200,196,59,20,0.01723731131586881,0.026564859708375854,0.019353792026277183,-0.009327548392507046,,,,,,,,,,,,,,,,,,
2018-10-31,2018-11,PRIMARY,C,OK,200,197,59,20,0.024861586380361622,0.031939050886617304,0.02302929221236294,-0.007077464506255682,,,,,,,,,,,,,,,,,,
2018-10-31,2018-11,PRIMARY,D,OK,200,186,56,20,0.02642913694806981,0.01717824039099569,0.022352096771879104,0.009250896557074118,0.0,0.0,0.0,,,,,,,,,1.0,0.0,,,,,
2018-11-30,2018-12,PRIMARY,A,OK,200,149,45,20,-0.0030133434416440563,0.039137500959384175,0.017886649646714492,-0.04215084440102823,,,,,,,,,,,,,,,,,,
2018-11-30,2018-12,PRIMARY,B,OK,200,198,59,20,-0.003928916995695864,0.04754295941386122,0.018479552342061556,-0.05147187640955708,,,,,,,,,,,,,,,,,,
2018-11-30,2018-12,PRIMARY,C,OK,200,197,59,20,-0.004265285380204764,0.05109995186981675,0.020541351790160922,-0.055365237250021515,,,,,,,,,,,,,,,,,1.0,1.0
2018-11-30,2018-12,PRIMARY,D,OK,200,187,56,20,-0.003976743211415168,0.050121664828031154,0.020571875943284024,-0.05409840803944632,0.0,0.0,0.0,,,,,,,,,,,,,,1.0,1.0
2018-12-31,2019-01,PRIMARY,A,OK,200,149,45,23,0.016001689086384108,-0.06874937286940319,-0.03831302304281625,0.0847510619557873,,,,,,,,,,,,,,,,,,
2018-12-31,2019-01,PRIMARY,B,OK,200,198,59,23,-0.006399369775172081,-0.08687591407076911,-0.05237257786195304,0.08047654429559703,,,,,,,,,,,,,,,,,,
2018-12-31,2019-01,PRIMARY,C,OK,200,198,59,23,-0.01324332474666734,-0.0929443047760814,-0.05902382214931878,0.07970098002941406,,,,,,,,,,,,,,,,,,
2018-12-31,2019-01,PRIMARY,D,OK,200,187,56,23,-0.005606904164929816,-0.07801997169211661,-0.05105728208828386,0.07241306752718679,0.0,0.0,0.0,,,,,,,1.0,0.0,2.0,0.0,1.0,0.0,,,
2019-01-31,2019-02,PRIMARY,A,OK,200,150,45,20,-0.013685854570391731,0.033343942488283096,0.0100250131669255,-0.04702979705867483,,,,,,,,,,,,,,,,,,
2019-01-31,2019-02,PRIMARY,B,OK,200,198,59,20,-0.021075116153463247,0.02217663016183269,0.008535822871049037,-0.043251746315295936,,,,,,,,,,,,,,,,,,
2019-01-31,2019-02,PRIMARY,C,OK,200,199,60,20,-0.02397568875444389,0.01711900445822656,0.003633728811826664,-0.04109469321267045,,,,,,,,,,,,,,,,,,
2019-01-31,2019-02,PRIMARY,D,OK,200,188,56,20,-0.01895541073146212,0.04171774662807892,0.012431728075473991,-0.06067315735954104,0.0,0.0,0.0,,,,,,,,,5.0,0.0,4.0,0.0,,,
2019-02-28,2019-03,PRIMARY,A,OK,200,151,45,19,0.05833741742144194,0.07108630993817333,0.07440203837600445,-0.012748892516731392,,,,,,,,,,,,,,,,,,
2019-02-28,2019-03,PRIMARY,B,OK,200,198,59,19,0.0650711076615782,0.09256034790894008,0.08166018063562164,-0.02748924024736188,,,,,,,,,,,,,,,,,,
2019-02-28,2019-03,PRIMARY,C,OK,200,199,60,19,0.06369732546772111,0.08213482702934005,0.080147815140861,-0.01843750156161894,,,,,,,,,,,,,,,,,,
2019-02-28,2019-03,PRIMARY,D,OK,200,186,56,19,0.06304010050287068,0.09032988095492667,0.0823957363168033,-0.02728978045205599,0.0,0.0,0.0,,,,,,,,,2.0,0.0,1.0,0.0,,,
2019-03-29,2019-04,PRIMARY,A,OK,200,154,46,19,-0.005411610083680851,-0.04576155001180093,-0.021696244800092912,0.04034993992812008,,,,,,,,,,,,,,,,,,
2019-03-29,2019-04,PRIMARY,B,OK,200,200,60,19,-0.004804057480089052,-0.07486522639163984,-0.03682926543535414,0.07006116891155079,,,,,,,,,,,,,,,,,,
2019-03-29,2019-04,PRIMARY,C,OK,200,200,60,19,-0.0016325457298057566,-0.09224114891709545,-0.043958715515292957,0.0906086031872897,,,,,,,,,,,,,,,,,,
2019-03-29,2019-04,PRIMARY,D,OK,200,186,56,19,-9.491792561455714e-05,-0.08304792748589007,-0.037364715892521216,0.08295300956027551,0.0,0.0,0.0,,,,,,,,,2.0,0.0,2.0,0.0,,,
2019-04-30,2019-05,PRIMARY,A,OK,200,154,46,22,0.035132177263290654,0.017330892893949956,0.02880055460319486,0.017801284369340697,,,,,,,,,,,,,,,,,,
2019-04-30,2019-05,PRIMARY,B,OK,200,199,60,22,0.028401457104842764,0.013940839109137348,0.025366368871955425,0.014460617995705416,,,,,,,,,,,,,,,,,,
2019-04-30,2019-05,PRIMARY,C,OK,200,199,60,22,0.0323320090463024,0.0019666587892219756,0.02316200817572045,0.030365350257080426,,,,,,,,,,,,,,,,,,
2019-04-30,2019-05,PRIMARY,D,OK,200,184,55,22,0.027648194033067064,0.008915452302274307,0.025944368792921946,0.018732741730792757,0.0,0.0,0.0,,,,,,,,,,,,,,,
2019-05-31,2019-06,PRIMARY,A,OK,200,154,46,19,-0.006280140088322006,-0.052095926131746184,-0.023814734039017682,0.04581578604342418,,,,,,,,,,,,,,,,,,
2019-05-31,2019-06,PRIMARY,B,OK,200,198,59,19,-0.011053659394308912,-0.07380584323112038,-0.0350697717953905,0.06275218383681147,,,,,,,,,,,,,,,,,,
2019-05-31,2019-06,PRIMARY,C,OK,200,199,60,19,-0.006122443931865784,-0.1068515727033248,-0.046483326311066664,0.10072912877145901,,,,,,,,,,,,,,,,,1.0,1.0
2019-05-31,2019-06,PRIMARY,D,OK,200,184,55,19,-0.006843757259182182,-0.070047629073543,-0.036448361678899754,0.06320387181436082,0.0,0.0,0.0,,,,,,,,,,,,,,,
2019-06-28,2019-07,PRIMARY,A,OK,200,153,46,23,-0.10063435650149999,-0.1488551922438942,-0.10838180772148598,0.04822083574239422,,,,,,,,,,,,,,,,,,
2019-06-28,2019-07,PRIMARY,B,OK,200,198,59,23,-0.09492181433110558,-0.14492461847391913,-0.10408309330366095,0.05000280414281355,,,,,,,,,,,,,,,,,,
2019-06-28,2019-07,PRIMARY,C,OK,200,198,59,23,-0.09747050576482363,-0.14505764322428427,-0.1070060984998994,0.04758713745946064,,,,,,,,,,,,,,,,,1.0,
2019-06-28,2019-07,PRIMARY,D,OK,200,185,56,23,-0.09613821625662866,-0.14074949523017277,-0.10238570234378497,0.04461127897354411,0.0,0.0,0.0,,,,,,,,,,,,,,1.0,1.0
2019-07-31,2019-08,PRIMARY,A,OK,200,155,47,20,-0.011411584474645742,-0.03027364511005637,-0.01778082139320547,0.018862060635410627,,,,,,,,,,,,,,,,,,
2019-07-31,2019-08,PRIMARY,B,OK,200,197,59,20,-0.011094387675250172,-0.059973060481808615,-0.029283879779921862,0.04887867280655844,,,,,,,,,,,,,,,,,,
2019-07-31,2019-08,PRIMARY,C,OK,200,198,59,20,-0.01065182561597422,-0.07864313996891459,-0.035227213272312596,0.06799131435294037,,,,,,,,,,,,,,,,,,
2019-07-31,2019-08,PRIMARY,D,OK,200,184,55,20,-0.008657664257284425,-0.05807912101403023,-0.02929699722207446,0.04942145675674581,0.0,0.0,0.0,,,,,,,,,1.0,0.0,,,,,
2019-08-30,2019-09,PRIMARY,A,OK,200,156,47,19,0.06458816481775864,0.026788569391389405,0.03784111954140146,0.03779959542636924,,,,,,,,,,,,,,,,,,
2019-08-30,2019-09,PRIMARY,B,OK,200,198,59,19,0.06572013408138333,0.022702058999857444,0.040558114199148454,0.043018075081525886,,,,,,,,,,,,,,,,,,
2019-08-30,2019-09,PRIMARY,C,OK,200,199,60,19,0.06368642675965197,-0.0013813182725146422,0.029492786198763055,0.06506774503216661,,,,,,,,,,,,,,,,,,
2019-08-30,2019-09,PRIMARY,D,OK,200,188,56,19,0.06692323972897474,0.023737212814646025,0.03727079582874748,0.04318602691432871,0.0,0.0,0.0,,,,,,,,,1.0,0.0,1.0,0.0,,,
2019-09-30,2019-10,PRIMARY,A,OK,200,156,47,19,0.08453120767937494,0.09405850493366619,0.08447633154694989,-0.009527297254291245,,,,,,,,,,,,,,,,,,
2019-09-30,2019-10,PRIMARY,B,OK,200,199,60,19,0.061361845199936704,0.09387608777608403,0.07401395846881065,-0.03251424257614732,,,,,,,,,,,,,,,,,,
2019-09-30,2019-10,PRIMARY,C,OK,200,198,59,19,0.062089607024509386,0.1043539201186161,0.07336464956335642,-0.04226431309410672,,,,,,,,,,,,,,,,,1.0,
2019-09-30,2019-10,PRIMARY,D,OK,200,187,56,19,0.053562188898426344,0.047483616643088755,0.05105028757837671,0.006078572255337589,56.0,56.0,186.0,,,,,,,,,1.0,0.0,,,,1.0,
2019-10-31,2019-11,PRIMARY,A,OK,200,156,47,20,0.004218911563077521,0.01601987227228152,0.0026968679558525555,-0.011800960709204,,,,,,,,,,,,,,,,,,
2019-10-31,2019-11,PRIMARY,B,OK,200,200,60,20,-0.0033727429062138103,0.03680429675595387,0.007983843048119832,-0.04017703966216768,,,,,,,,,,,,,,,,,,
2019-10-31,2019-11,PRIMARY,C,OK,200,200,60,20,1.4215242647663828e-05,0.03178516126674702,0.009425840556117393,-0.031770946024099356,,,,,,,,,,,,,,,,,,
2019-10-31,2019-11,PRIMARY,D,OK,200,189,57,20,-0.007436955277788759,0.02157162859627615,0.006655476605044841,-0.029008583874064908,0.0,0.0,0.0,,,,,,,,,,,,,,,
2019-11-29,2019-12,PRIMARY,A,OK,200,156,47,21,0.024236069118934722,-0.030770773947884522,0.0019277112423092824,0.055006843066819244,,,,,,,,,,,,,,,,,,
2019-11-29,2019-12,PRIMARY,B,OK,200,196,59,21,0.025869697184365936,-0.015472291506330338,0.005168529135161082,0.041341988690696274,,,,,,,,,,,,,,,,,,
2019-11-29,2019-12,PRIMARY,C,OK,200,198,59,21,0.020676868122253556,-0.013089077242051661,0.0030669572138437573,0.03376594536430522,,,,,,,,,,,,,,,,,,
2019-11-29,2019-12,PRIMARY,D,OK,200,186,56,21,0.02211233632485121,-0.0058867091096586055,0.005078881597030183,0.027999045434509817,0.0,0.0,0.0,,,,,,,,,2.0,0.0,2.0,0.0,,,
2019-12-31,2020-01,PRIMARY,A,OK,200,156,47,23,0.03486773686280098,-0.010636202942382877,-0.003220197282840842,0.04550393980518386,,,,,,,,,,,,,,,,,,
2019-12-31,2020-01,PRIMARY,B,OK,200,197,59,23,0.03626375918619407,-0.022494121842052572,-0.0016466736806233229,0.05875788102824664,,,,,,,,,,,,,,,,,,
2019-12-31,2020-01,PRIMARY,C,OK,200,196,59,23,0.04164533137994275,-0.03585895482841628,-0.0030545794223616474,0.07750428620835903,,,,,,,,,,,,,,,,,,
2019-12-31,2020-01,PRIMARY,D,OK,200,185,56,23,0.06086853351113897,0.01419470297908143,0.022742590566919407,0.046673830532057536,56.0,56.0,185.0,,,,,,,,,,,,,,,
2020-01-31,2020-02,PRIMARY,A,OK,200,154,46,19,-0.04027875242882151,-0.1193097936223867,-0.07522610293277499,0.07903104119356519,,,,,,,,,,,,,,,,,,
2020-01-31,2020-02,PRIMARY,B,OK,200,197,59,19,-0.05526568667601417,-0.13041788937030419,-0.08274245015430803,0.07515220269429002,,,,,,,,,,,,,,,,,,
2020-01-31,2020-02,PRIMARY,C,OK,200,196,59,19,-0.0514859434679491,-0.12696626279929235,-0.07867444549715197,0.07548031933134325,,,,,,,,,,,,,,,,,,
2020-01-31,2020-02,PRIMARY,D,OK,200,185,56,19,-0.04307927007359602,-0.1319550638979583,-0.0784697281163329,0.08887579382436228,0.0,0.0,0.0,,,,,,,,,,,,,,,
2020-02-28,2020-03,PRIMARY,A,OK,200,155,47,21,-0.27621569955981007,-0.2993668934522128,-0.27968155555697194,0.02315119389240272,,,,,,,,,,,,,,,,,,
2020-02-28,2020-03,PRIMARY,B,OK,200,196,59,21,-0.2718863987750152,-0.33145424063719364,-0.2869894439574938,0.05956784186217845,,,,,,,,,,,,,,,,,,
2020-02-28,2020-03,PRIMARY,C,OK,200,195,59,21,-0.264028321897112,-0.3364625026165503,-0.2872974899203604,0.0724341807194383,,,,1.0,0.0,,,1.0,0.0,,,,,,,,1.0,1.0
2020-02-28,2020-03,PRIMARY,D,OK,200,184,55,21,-0.25968820199599263,-0.35146480203783115,-0.2831108478386192,0.09177660004183852,0.0,0.0,0.0,1.0,0.0,,,1.0,0.0,2.0,0.0,5.0,0.0,2.0,0.0,,,
2020-03-31,2020-04,PRIMARY,A,OK,200,156,47,18,0.0901688300185528,0.19022029822095243,0.13406412893806174,-0.10005146820239963,,,,,,,,,,,,,,,,,,
2020-03-31,2020-04,PRIMARY,B,OK,200,198,59,18,0.1304795389917759,0.18664209788231978,0.13877994584593356,-0.05616255889054389,,,,,,,,,,,,,,,,,,
2020-03-31,2020-04,PRIMARY,C,OK,200,197,59,18,0.12538440432173625,0.18396487070716372,0.1385788107443331,-0.058580466385427465,,,,,,,,,,,,,,,,1.0,1.0,
2020-03-31,2020-04,PRIMARY,D,OK,200,190,57,18,0.12031243606531694,0.17980571599872142,0.13684034645360743,-0.059493279933404475,0.0,0.0,0.0,,,,,,,,,,,,,1.0,1.0,
2020-04-30,2020-05,PRIMARY,A,OK,200,156,47,19,0.0717641039925343,0.06610912426226045,0.0720184504783703,0.005654979730273846,,,,,,,,,,,,,,,,,,
2020-04-30,2020-05,PRIMARY,B,OK,200,199,60,19,0.042278893673275864,0.08731585951404108,0.07272312350868138,-0.04503696584076522,,,,,,,,,,,,,,,,,,
2020-04-30,2020-05,PRIMARY,C,OK,200,199,60,19,0.0413829540911117,0.08604622045036336,0.07094403953291173,-0.04466326635925166,,,,,,,,,,,,,,,,,,
2020-04-30,2020-05,PRIMARY,D,OK,200,188,56,19,0.03900827425535569,0.0754882157396306,0.06961455237075076,-0.036479941484274914,0.0,0.0,0.0,,,,,,,,,1.0,0.0,,,,,
2020-05-29,2020-06,PRIMARY,A,OK,200,155,47,22,0.0612436282636144,0.19115133727849876,0.11729682423269217,-0.12990770901488435,,,,,,,,,,,,,,,,,,
2020-05-29,2020-06,PRIMARY,B,OK,200,198,59,22,0.042177189791805736,0.12678025388570013,0.0737868541322162,-0.0846030640938944,,,,,,,,,,,,,,,,,,
2020-05-29,2020-06,PRIMARY,C,OK,200,197,59,22,0.04098121248834574,0.12853372835144694,0.07394086658867005,-0.0875525158631012,,,,,,,,,,,,,,,,,,
2020-05-29,2020-06,PRIMARY,D,OK,200,186,56,22,0.0421044146150511,0.10411434105479067,0.06592776650899435,-0.06200992643973957,0.0,0.0,0.0,,,,,,,,,1.0,0.0,1.0,0.0,,,
2020-06-30,2020-07,PRIMARY,A,OK,200,157,47,23,0.11588540913169787,-0.028676794272676887,0.04934261643979565,0.14456220340437476,,,,,,,,,,,,,,,,,,
2020-06-30,2020-07,PRIMARY,B,OK,200,197,59,23,0.09687193538611605,-0.008520542294701006,0.0528623194432718,0.10539247768081705,,,,,,,,,,,,,,,,,,
2020-06-30,2020-07,PRIMARY,C,OK,200,197,59,23,0.09582687282395064,-0.008321659427065198,0.05294122670544499,0.10414853225101584,,,,,,,,,,,,,,,,,,
2020-06-30,2020-07,PRIMARY,D,OK,200,185,56,23,0.09789955918827187,0.008770482976710792,0.057737132824685844,0.08912907621156108,0.0,0.0,0.0,,,,,,,,,2.0,0.0,2.0,0.0,,,
2020-07-31,2020-08,PRIMARY,A,OK,200,157,47,21,0.060524863614073166,0.1620954285872127,0.0986512358516034,-0.10157056497313954,,,,,,,,,,,,,,,,,,
2020-07-31,2020-08,PRIMARY,B,OK,200,197,59,21,0.04222761406039077,0.14072076191155825,0.075127449768287,-0.09849314785116747,,,,,,,,,,,,,,,,,,
2020-07-31,2020-08,PRIMARY,C,OK,200,197,59,21,0.04110180050362855,0.14693184119684655,0.07551214499767722,-0.105830040693218,,,,,,,,,,,,,,,,,,
2020-07-31,2020-08,PRIMARY,D,OK,200,185,56,21,0.0387170437972606,0.14690866035890449,0.07526952677542087,-0.10819161656164389,0.0,0.0,0.0,,,,,,,,,,,,,,,
2020-08-31,2020-09,PRIMARY,A,OK,200,158,47,22,0.052379909741507635,-0.06641946537018262,-0.010049941690114417,0.11879937511169025,,,,,,,,,,,,,,,,,,
2020-08-31,2020-09,PRIMARY,B,OK,200,197,59,22,0.05427949930786169,-0.05290255518845599,0.007564136606095451,0.10718205449631768,,,,,,,,,,,,,,,,,,
2020-08-31,2020-09,PRIMARY,C,OK,200,197,59,22,0.05665614434765365,-0.05882310706031957,0.005186563618861717,0.11547925140797322,,,,,,,,,,,,,,,,,,
2020-08-31,2020-09,PRIMARY,D,OK,200,183,55,22,0.06390327477270041,-0.05180225956365414,0.007574011441672468,0.11570553433635455,0.0,0.0,0.0,,,,,,,,,,,,,,,
2020-09-30,2020-10,PRIMARY,A,OK,200,158,47,21,-0.0044880311914329285,-0.00022199132837763536,0.0001471309914147234,-0.004266039863055293,,,,,,,,,,,,,,,,,,
2020-09-30,2020-10,PRIMARY,B,OK,200,195,59,21,-0.027704168037920085,0.014005058163529815,-0.0008596532758828879,-0.0417092262014499,,,,,,,,,,,,,,,,,,
2020-09-30,2020-10,PRIMARY,C,OK,200,195,59,21,-0.02595030689299538,0.008885753133743624,-0.0009182497594845129,-0.034836060026739,,,,,,,,,,,,,,,,,1.0,
2020-09-30,2020-10,PRIMARY,D,OK,200,181,54,21,-0.02474073172553093,0.010665846198198103,-0.0005674831147306492,-0.03540657792372903,0.0,0.0,0.0,,,,,,,,,,,,,,1.0,
2020-10-30,2020-11,PRIMARY,A,OK,200,159,48,19,0.10532498393855483,0.22000586890306884,0.16727207955721846,-0.11468088496451401,,,,,,,,,,,,,,,,,,
2020-10-30,2020-11,PRIMARY,B,OK,200,196,59,19,0.10565792022281628,0.2137445781590941,0.14939390038069922,-0.10808665793627781,,,,,,,,,,,,,,,,,,
2020-10-30,2020-11,PRIMARY,C,OK,200,196,59,19,0.10820852358908883,0.217559133445957,0.15188327774231802,-0.10935060985686818,,,,,,,,,,,,,,,,1.0,1.0,
2020-10-30,2020-11,PRIMARY,D,OK,200,183,55,19,0.10484519418636329,0.1848395710920614,0.13285852898588169,-0.0799943769056981,54.0,55.0,182.0,,,,,,,,,,,,,1.0,1.0,
2020-11-27,2020-12,PRIMARY,A,OK,200,159,48,22,0.082885375062276,0.09805596084419244,0.08973661662792898,-0.015170585781916435,,,,,,,,,,,,,,,,,,
2020-11-27,2020-12,PRIMARY,B,OK,200,196,59,22,0.07273518858666672,0.08818105936138454,0.07683506344647717,-0.015445870774717818,,,,,,,,,,,,,,,,,,
2020-11-27,2020-12,PRIMARY,C,OK,200,196,59,22,0.07686699466112956,0.08800716318165924,0.077206870548028,-0.01114016852052968,,,,,,,,,,,,,,,,,,
2020-11-27,2020-12,PRIMARY,D,OK,200,182,55,22,0.07775350271412473,0.08049822148456443,0.07705219624015736,-0.0027447187704396914,0.0,0.0,0.0,,,,,,,,,,,,,,,
2020-12-31,2021-01,PRIMARY,A,OK,200,156,47,20,-0.0066183293679888955,0.057380377296518015,0.031080917227078286,-0.06399870666450691,,,,,,,,,,,,,,,,,,
2020-12-31,2021-01,PRIMARY,B,OK,200,193,58,20,0.01372432303252702,0.03562962536715242,0.03071052594890844,-0.0219053023346254,,,,,,,,,,,,,,,,,,
2020-12-31,2021-01,PRIMARY,C,OK,200,193,58,20,0.011998806083145075,0.034196548227666046,0.02882240994966545,-0.02219774214452097,,,,,,,,,,,,,,,,,,
2020-12-31,2021-01,PRIMARY,D,OK,200,181,54,20,0.011577343223335035,0.04052938989259758,0.029260822047078028,-0.028952046669262543,0.0,0.0,0.0,,,,,,,,,1.0,0.0,1.0,0.0,,,
2021-01-29,2021-02,PRIMARY,A,OK,200,157,47,20,0.10535458313877966,0.1419774218813472,0.11408625358631852,-0.036622838742567554,,,,,,,,,,,,,,,,,,
2021-01-29,2021-02,PRIMARY,B,OK,200,195,59,20,0.06438793271474297,0.11582580739189785,0.09032679862723803,-0.05143787467715488,,,,,,,,,,,,,,,,,,
2021-01-29,2021-02,PRIMARY,C,OK,200,195,59,20,0.060940905004506885,0.11196402791837712,0.08791265765030487,-0.051023122913870234,,,,,,,,,,,,,,,,,,
2021-01-29,2021-02,PRIMARY,D,OK,200,183,55,20,0.06550663338686302,0.10024073149056711,0.08625355175231086,-0.03473409810370409,0.0,0.0,0.0,,,,,,,1.0,0.0,1.0,0.0,,,,,
2021-02-26,2021-03,PRIMARY,A,OK,200,158,47,21,0.04332466817275504,-0.025207643104477317,0.007615308613912353,0.06853231127723236,,,,,,,,,,,,,,,,,,
2021-02-26,2021-03,PRIMARY,B,OK,200,194,58,21,0.041186904847039685,-0.013400982594472644,0.01796533970079839,0.05458788744151233,,,,,,,,,,,,,,,,,,
2021-02-26,2021-03,PRIMARY,C,OK,200,194,58,21,0.04111332588246519,-0.010210514637502444,0.01688799783724404,0.051323840519967634,,,,,,,,,,,,,,,,,,
2021-02-26,2021-03,PRIMARY,D,OK,200,180,54,21,0.04501287857691505,0.0034138541958201873,0.018909191439124395,0.04159902438109486,0.0,0.0,0.0,,,,,,,,,,,,,,,
2021-03-31,2021-04,PRIMARY,A,OK,200,159,48,19,0.06585087896743569,-0.019769075707851358,0.014685591337618709,0.08561995467528705,,,,,,,,,,,,,,,,,,
2021-03-31,2021-04,PRIMARY,B,OK,200,195,59,19,0.05906296251864673,-0.018636580258106994,0.009510352201227645,0.07769954277675373,,,,,,,,,,,,,,,,,,
2021-03-31,2021-04,PRIMARY,C,OK,200,195,59,19,0.0666889469701788,-0.018955745193332096,0.011551403552851669,0.0856446921635109,,,,,,,,,,,,,,,,,,
2021-03-31,2021-04,PRIMARY,D,OK,200,189,57,19,0.06333320161864364,-0.007603339286904931,0.015487455591451482,0.07093654090554857,0.0,0.0,0.0,,,,,,,,,,,,,,,
2021-04-30,2021-05,PRIMARY,A,OK,200,160,48,20,0.08153857752566185,0.07705399017683057,0.08494719250279448,0.0044845873488312815,,,,,,,,,,,,,,,,,,
2021-04-30,2021-05,PRIMARY,B,OK,200,194,58,20,0.06212182377942588,0.06779678898186159,0.0687407390525634,-0.005674965202435711,,,,,,,,,,,,,,,,,,
2021-04-30,2021-05,PRIMARY,C,OK,200,194,58,20,0.06715073368178892,0.06683262256917799,0.06996365452364284,0.0003181111126109304,,,,,,,,,,,,,,,,,,
2021-04-30,2021-05,PRIMARY,D,OK,200,188,56,20,0.06636392254712598,0.06304048322611844,0.06942724459915772,0.0033234393210075375,0.0,0.0,0.0,,,,,,,,,1.0,0.0,1.0,0.0,,,
2021-05-31,2021-06,PRIMARY,A,OK,200,161,48,22,0.05883588201351375,0.02597857944909232,0.046641003552627014,0.03285730256442143,,,,,,,,,,,,,,,,,,
2021-05-31,2021-06,PRIMARY,B,OK,200,195,59,22,0.06503584305742116,0.029771108499086596,0.0442116480017376,0.035264734558334565,,,,,,,,,,,,,,,,,,
2021-05-31,2021-06,PRIMARY,C,OK,200,196,59,22,0.05187297345643249,0.030535750940371642,0.041618647434128464,0.02133722251606085,,,,5.0,1.0,,,5.0,1.0,,,,,,,,,
2021-05-31,2021-06,PRIMARY,D,OK,200,191,57,22,0.05604432491055955,0.02960762139882278,0.042470531210968776,0.02643670351173677,0.0,0.0,0.0,5.0,1.0,,,5.0,1.0,,,,,,,,,
2021-06-30,2021-07,PRIMARY,A,OK,200,161,48,21,0.06564506425362482,0.003968955960543585,0.02875309800927517,0.06167610829308123,,,,,,,,,,,,,,,,,,
2021-06-30,2021-07,PRIMARY,B,OK,200,193,58,21,0.08237126424276009,-0.00035929440576087934,0.04296115533566236,0.08273055864852097,,,,,,,,,,,,,,,,,,
2021-06-30,2021-07,PRIMARY,C,OK,200,194,58,21,0.09581060170759104,0.0011934417587737833,0.046824675378204894,0.09461715994881725,,,,3.0,0.0,,,3.0,0.0,,,,,,,,,
2021-06-30,2021-07,PRIMARY,D,OK,200,189,57,21,0.09877639992572318,0.0009499098935217276,0.04806385874416197,0.09782649003220145,0.0,0.0,0.0,3.0,0.0,,,3.0,0.0,,,,,,,,,
2021-07-30,2021-08,PRIMARY,A,OK,200,155,47,21,-0.01682572358240475,-0.002938049496112094,0.0032506187170244782,-0.013887674086292656,,,,,,,,,,,,,,,,,,
2021-07-30,2021-08,PRIMARY,B,OK,200,190,57,21,-0.008550677524034822,0.008430400580790476,0.0055878451205593205,-0.016981078104825298,,,,,,,,,,,,,,,,,,
2021-07-30,2021-08,PRIMARY,C,OK,200,190,57,21,-0.004009496741589236,0.002806931718100314,0.0066774746840283505,-0.00681642845968955,,,,,,,,,,,,,,,,1.0,1.0,
2021-07-30,2021-08,PRIMARY,D,OK,200,188,56,21,-0.004275390733432194,0.000922924441625339,0.006331165389630966,-0.005198315175057533,0.0,0.0,0.0,,,,,,,,,,,,,1.0,1.0,
2021-08-31,2021-09,PRIMARY,A,OK,200,154,46,21,0.029041223517924708,0.10260152810109635,0.06464722900298736,-0.07356030458317164,,,,,,,,,,,,,,,,,,
2021-08-31,2021-09,PRIMARY,B,OK,200,190,57,21,0.035095499262745244,0.08704251961162934,0.05016619956624169,-0.0519470203488841,,,,,,,,,,,,,,,,,,
2021-08-31,2021-09,PRIMARY,C,OK,200,190,57,21,0.03833040439347446,0.08704251961162934,0.05060123219237922,-0.04871211521815488,,,,,,,,,,,,,,,,,,
2021-08-31,2021-09,PRIMARY,D,OK,200,188,56,21,0.03846570867908827,0.0892206620708218,0.05102410013844927,-0.050754953391733526,0.0,0.0,0.0,,,,,,,,,1.0,0.0,1.0,0.0,,,
2021-09-30,2021-10,PRIMARY,A,OK,200,155,47,20,0.050132013807284936,-0.018032507048284296,0.019447781474151826,0.06816452085556923,,,,,,,,,,,,,,,,,,
2021-09-30,2021-10,PRIMARY,B,OK,200,190,57,20,0.03376562880253697,-0.006970709279677689,0.014609823611967387,0.04073633808221466,,,,,,,,,,,,,,,,,,
2021-09-30,2021-10,PRIMARY,C,OK,200,191,57,20,0.03165119508422887,-0.008151245080827096,0.014300095831775161,0.03980244016505596,,,,,,,,,,,,,,,,,,
2021-09-30,2021-10,PRIMARY,D,OK,200,188,56,20,0.030634194777245494,-0.00480122815823536,0.014945604755382869,0.035435422935480854,0.0,0.0,0.0,,,,,,,1.0,0.0,1.0,0.0,,,,,
2021-10-29,2021-11,PRIMARY,A,OK,200,161,48,20,-0.013406324165074479,-0.020007479257062588,-0.02881361792657433,0.006601155091988109,,,,,,,,,,,,,,,,,,
2021-10-29,2021-11,PRIMARY,B,OK,200,194,58,20,-0.012650016236928074,-0.034585652903316166,-0.03689081986765086,0.021935636666388092,,,,,,,,,,,,,,,,,,
2021-10-29,2021-11,PRIMARY,C,OK,200,194,58,20,-0.016276266336820777,-0.03393150461256955,-0.03737127489189307,0.017655238275748775,,,,,,,,,,,,,,,,,,
2021-10-29,2021-11,PRIMARY,D,OK,200,191,57,20,-0.012958556753898676,-0.036837822144095256,-0.0373373895991711,0.02387926539019658,0.0,0.0,0.0,,,,,,,,,1.0,0.0,,,,,
2021-11-30,2021-12,PRIMARY,A,OK,200,160,48,23,0.05104515542964361,0.030885857504054037,0.03387274566579812,0.02015929792558957,,,,,,,,,,,,,,,,,,
2021-11-30,2021-12,PRIMARY,B,OK,200,193,58,23,0.05337133869242838,0.014998804940734134,0.03038857990169852,0.03837253375169425,,,,,,,,,,,,,,,,,,
2021-11-30,2021-12,PRIMARY,C,OK,200,193,58,23,0.04989262760555291,0.013566800906167131,0.028912820953285845,0.03632582669938578,,,,,,,,,,,,,,,,,,
2021-11-30,2021-12,PRIMARY,D,OK,200,188,56,23,0.050390920459241206,0.012843140444419143,0.029385536149692415,0.03754778001482206,0.0,0.0,0.0,,,,,,,,,,,,,,,
